ISO-10303-21;
HEADER;
/* Generated by software containing ST-Developer
 * from STEP Tools, Inc. (www.steptools.com) 
 */

FILE_DESCRIPTION(
/* description */ (''),
/* implementation_level */ '2;1');

FILE_NAME(
/* name */ 'eb54c964-0899-4aac-832f-621a96c53175.stp',
/* time_stamp */ '2026-08-18T20:54:14Z',
/* author */ (''),
/* organization */ (''),
/* preprocessor_version */ 'ST-DEVELOPER v20.1',
/* originating_system */ 'Autodesk Translation Framework v15.8.0.0',
/* authorisation */ '');

FILE_SCHEMA (('AUTOMOTIVE_DESIGN { 1 0 10303 214 3 1 1 }'));
ENDSEC;

DATA;
#10=MECHANICAL_DESIGN_GEOMETRIC_PRESENTATION_REPRESENTATION('',(#30,#31,
#32,#33,#34,#35,#36,#37,#38,#39,#40,#41,#42,#43,#44,#45,#46,#47),#7655);
#11=SHAPE_REPRESENTATION_RELATIONSHIP('SRR','None',#7662,#12);
#12=ADVANCED_BREP_SHAPE_REPRESENTATION('',(#4749,#13,#14,#15,#16,#17,#18,
#19,#20,#21,#22,#23,#24,#25,#26,#27,#28,#29),#7654);
#13=MANIFOLD_SOLID_BREP('Body19',#4732);
#14=MANIFOLD_SOLID_BREP('Body23',#4733);
#15=MANIFOLD_SOLID_BREP('Body21',#4734);
#16=MANIFOLD_SOLID_BREP('Body32',#4735);
#17=MANIFOLD_SOLID_BREP('Body28',#4736);
#18=MANIFOLD_SOLID_BREP('Body27',#4737);
#19=MANIFOLD_SOLID_BREP('Body31',#4738);
#20=MANIFOLD_SOLID_BREP('Body46',#4739);
#21=MANIFOLD_SOLID_BREP('Body30',#4740);
#22=MANIFOLD_SOLID_BREP('Body26',#4741);
#23=MANIFOLD_SOLID_BREP('Body25',#4742);
#24=MANIFOLD_SOLID_BREP('Body29',#4743);
#25=MANIFOLD_SOLID_BREP('Body47',#4744);
#26=MANIFOLD_SOLID_BREP('Body36',#4745);
#27=MANIFOLD_SOLID_BREP('Body52',#4746);
#28=MANIFOLD_SOLID_BREP('Body50',#4747);
#29=MANIFOLD_SOLID_BREP('Body51',#4748);
#30=STYLED_ITEM('',(#7671),#4749);
#31=STYLED_ITEM('',(#7671),#13);
#32=STYLED_ITEM('',(#7671),#14);
#33=STYLED_ITEM('',(#7671),#15);
#34=STYLED_ITEM('',(#7671),#16);
#35=STYLED_ITEM('',(#7671),#17);
#36=STYLED_ITEM('',(#7671),#18);
#37=STYLED_ITEM('',(#7671),#19);
#38=STYLED_ITEM('',(#7671),#20);
#39=STYLED_ITEM('',(#7671),#21);
#40=STYLED_ITEM('',(#7671),#22);
#41=STYLED_ITEM('',(#7671),#23);
#42=STYLED_ITEM('',(#7671),#24);
#43=STYLED_ITEM('',(#7671),#25);
#44=STYLED_ITEM('',(#7671),#26);
#45=STYLED_ITEM('',(#7671),#27);
#46=STYLED_ITEM('',(#7671),#28);
#47=STYLED_ITEM('',(#7671),#29);
#48=ORIENTED_CLOSED_SHELL('',*,#4731,.F.);
#49=FACE_BOUND('',#508,.T.);
#50=FACE_BOUND('',#509,.T.);
#51=FACE_BOUND('',#513,.T.);
#52=FACE_BOUND('',#514,.T.);
#53=FACE_BOUND('',#516,.T.);
#54=FACE_BOUND('',#517,.T.);
#55=FACE_BOUND('',#550,.T.);
#56=FACE_BOUND('',#555,.T.);
#57=FACE_BOUND('',#568,.T.);
#58=FACE_BOUND('',#576,.T.);
#59=FACE_BOUND('',#590,.T.);
#60=FACE_BOUND('',#596,.T.);
#61=FACE_BOUND('',#599,.T.);
#62=FACE_BOUND('',#603,.T.);
#63=FACE_BOUND('',#604,.T.);
#64=FACE_BOUND('',#605,.T.);
#65=FACE_BOUND('',#606,.T.);
#66=FACE_BOUND('',#608,.T.);
#67=FACE_BOUND('',#610,.T.);
#68=FACE_BOUND('',#613,.T.);
#69=FACE_BOUND('',#643,.T.);
#70=FACE_BOUND('',#644,.T.);
#71=FACE_BOUND('',#645,.T.);
#72=FACE_BOUND('',#646,.T.);
#73=FACE_BOUND('',#665,.T.);
#74=FACE_BOUND('',#666,.T.);
#75=FACE_BOUND('',#679,.T.);
#76=FACE_BOUND('',#687,.T.);
#77=FACE_BOUND('',#688,.T.);
#78=FACE_BOUND('',#690,.T.);
#79=FACE_BOUND('',#693,.T.);
#80=FACE_BOUND('',#705,.T.);
#81=FACE_BOUND('',#708,.T.);
#82=FACE_BOUND('',#714,.T.);
#83=FACE_BOUND('',#721,.T.);
#84=FACE_BOUND('',#723,.T.);
#85=FACE_BOUND('',#727,.T.);
#86=FACE_BOUND('',#729,.T.);
#87=FACE_BOUND('',#733,.T.);
#88=FACE_BOUND('',#735,.T.);
#89=FACE_BOUND('',#739,.T.);
#90=FACE_BOUND('',#741,.T.);
#91=FACE_BOUND('',#745,.T.);
#92=FACE_BOUND('',#747,.T.);
#93=FACE_BOUND('',#751,.T.);
#94=FACE_BOUND('',#753,.T.);
#95=FACE_BOUND('',#757,.T.);
#96=FACE_BOUND('',#759,.T.);
#97=FACE_BOUND('',#763,.T.);
#98=FACE_BOUND('',#765,.T.);
#99=FACE_BOUND('',#769,.T.);
#100=FACE_BOUND('',#771,.T.);
#101=FACE_BOUND('',#775,.T.);
#102=FACE_BOUND('',#777,.T.);
#103=FACE_BOUND('',#780,.T.);
#104=FACE_BOUND('',#786,.T.);
#105=FACE_BOUND('',#794,.T.);
#106=FACE_BOUND('',#797,.T.);
#107=FACE_BOUND('',#800,.T.);
#108=FACE_BOUND('',#801,.T.);
#109=FACE_BOUND('',#803,.T.);
#110=FACE_BOUND('',#804,.T.);
#111=FACE_BOUND('',#809,.T.);
#112=FACE_BOUND('',#812,.T.);
#113=FACE_BOUND('',#815,.T.);
#114=FACE_BOUND('',#816,.T.);
#115=FACE_BOUND('',#818,.T.);
#116=FACE_BOUND('',#819,.T.);
#117=CIRCLE('',#4770,5.);
#118=CIRCLE('',#4771,5.);
#119=CIRCLE('',#4773,5.);
#120=CIRCLE('',#4774,5.);
#121=CIRCLE('',#4783,2.00000002980232);
#122=CIRCLE('',#4784,2.00000002980232);
#123=CIRCLE('',#4786,1.99999999999999);
#124=CIRCLE('',#4787,1.99999999999999);
#125=CIRCLE('',#4789,2.);
#126=CIRCLE('',#4790,2.);
#127=CIRCLE('',#4792,2.);
#128=CIRCLE('',#4793,2.);
#129=CIRCLE('',#4924,2.5);
#130=CIRCLE('',#4925,2.5);
#131=CIRCLE('',#4938,3.75);
#132=CIRCLE('',#4939,3.75);
#133=CIRCLE('',#4941,3.75);
#134=CIRCLE('',#4952,3.75);
#135=CIRCLE('',#4957,6.25);
#136=CIRCLE('',#4958,6.25);
#137=CIRCLE('',#4960,4.69999999999999);
#138=CIRCLE('',#4962,4.69999999999999);
#139=CIRCLE('',#4966,6.25);
#140=CIRCLE('',#4967,6.25);
#141=CIRCLE('',#4969,4.69999999999999);
#142=CIRCLE('',#4971,4.69999999999999);
#143=CIRCLE('',#4975,3.50000000000001);
#144=CIRCLE('',#4976,3.50000000000001);
#145=CIRCLE('',#4978,5.);
#146=CIRCLE('',#4979,5.);
#147=CIRCLE('',#4983,3.50000000000001);
#148=CIRCLE('',#4984,3.50000000000001);
#149=CIRCLE('',#4986,5.);
#150=CIRCLE('',#4987,5.);
#151=CIRCLE('',#4991,4.75000000000001);
#152=CIRCLE('',#4992,4.75000000000001);
#153=CIRCLE('',#4994,6.25);
#154=CIRCLE('',#4995,6.25);
#155=CIRCLE('',#4999,4.75000000000001);
#156=CIRCLE('',#5000,4.75000000000001);
#157=CIRCLE('',#5002,6.25);
#158=CIRCLE('',#5003,6.25);
#159=CIRCLE('',#5007,3.50000000000001);
#160=CIRCLE('',#5008,3.50000000000001);
#161=CIRCLE('',#5010,5.00000292658829);
#162=CIRCLE('',#5011,5.00000292658829);
#163=CIRCLE('',#5015,3.50000000000001);
#164=CIRCLE('',#5016,3.50000000000001);
#165=CIRCLE('',#5018,5.00000292658829);
#166=CIRCLE('',#5019,5.00000292658829);
#167=CIRCLE('',#5023,3.50000000000001);
#168=CIRCLE('',#5024,3.50000000000001);
#169=CIRCLE('',#5026,5.00000292658829);
#170=CIRCLE('',#5027,5.00000292658829);
#171=CIRCLE('',#5031,4.75000000000001);
#172=CIRCLE('',#5032,4.75000000000001);
#173=CIRCLE('',#5034,6.25);
#174=CIRCLE('',#5035,6.25);
#175=CIRCLE('',#5039,4.75000000000001);
#176=CIRCLE('',#5040,4.75000000000001);
#177=CIRCLE('',#5042,6.25);
#178=CIRCLE('',#5043,6.25);
#179=CIRCLE('',#5047,3.50000000000001);
#180=CIRCLE('',#5048,3.50000000000001);
#181=CIRCLE('',#5050,5.00000292658829);
#182=CIRCLE('',#5051,5.00000292658829);
#183=CIRCLE('',#5055,5.00000258386176);
#184=CIRCLE('',#5056,5.00000258386176);
#185=CIRCLE('',#5058,3.44999999999999);
#186=CIRCLE('',#5060,3.44999999999999);
#187=CIRCLE('',#5064,5.00000271797216);
#188=CIRCLE('',#5065,5.00000271797216);
#189=CIRCLE('',#5067,3.44999999999999);
#190=CIRCLE('',#5069,3.44999999999999);
#191=CIRCLE('',#5073,4.49999999999999);
#192=CIRCLE('',#5074,4.49999999999999);
#193=CIRCLE('',#5076,3.75);
#194=CIRCLE('',#5077,3.75);
#195=CIRCLE('',#5079,5.);
#196=CIRCLE('',#5080,5.);
#197=CIRCLE('',#5088,4.49999999999999);
#198=CIRCLE('',#5089,4.49999999999999);
#199=CIRCLE('',#5091,3.75);
#200=CIRCLE('',#5092,3.75);
#201=CIRCLE('',#5094,5.);
#202=CIRCLE('',#5095,5.);
#203=CYLINDRICAL_SURFACE('',#4769,5.);
#204=CYLINDRICAL_SURFACE('',#4772,5.);
#205=CYLINDRICAL_SURFACE('',#4782,2.00000002980232);
#206=CYLINDRICAL_SURFACE('',#4785,1.99999999999999);
#207=CYLINDRICAL_SURFACE('',#4788,2.);
#208=CYLINDRICAL_SURFACE('',#4791,2.);
#209=CYLINDRICAL_SURFACE('',#4923,2.5);
#210=CYLINDRICAL_SURFACE('',#4950,3.75);
#211=CYLINDRICAL_SURFACE('',#4951,3.75);
#212=CYLINDRICAL_SURFACE('',#4956,6.25);
#213=CYLINDRICAL_SURFACE('',#4961,4.69999999999999);
#214=CYLINDRICAL_SURFACE('',#4965,6.25);
#215=CYLINDRICAL_SURFACE('',#4970,4.69999999999999);
#216=CYLINDRICAL_SURFACE('',#4974,3.50000000000001);
#217=CYLINDRICAL_SURFACE('',#4977,5.);
#218=CYLINDRICAL_SURFACE('',#4982,3.50000000000001);
#219=CYLINDRICAL_SURFACE('',#4985,5.);
#220=CYLINDRICAL_SURFACE('',#4990,4.75000000000001);
#221=CYLINDRICAL_SURFACE('',#4993,6.25);
#222=CYLINDRICAL_SURFACE('',#4998,4.75000000000001);
#223=CYLINDRICAL_SURFACE('',#5001,6.25);
#224=CYLINDRICAL_SURFACE('',#5006,3.50000000000001);
#225=CYLINDRICAL_SURFACE('',#5009,5.00000292658829);
#226=CYLINDRICAL_SURFACE('',#5014,3.50000000000001);
#227=CYLINDRICAL_SURFACE('',#5017,5.00000292658829);
#228=CYLINDRICAL_SURFACE('',#5022,3.50000000000001);
#229=CYLINDRICAL_SURFACE('',#5025,5.00000292658829);
#230=CYLINDRICAL_SURFACE('',#5030,4.75000000000001);
#231=CYLINDRICAL_SURFACE('',#5033,6.25);
#232=CYLINDRICAL_SURFACE('',#5038,4.75000000000001);
#233=CYLINDRICAL_SURFACE('',#5041,6.25);
#234=CYLINDRICAL_SURFACE('',#5046,3.50000000000001);
#235=CYLINDRICAL_SURFACE('',#5049,5.00000292658829);
#236=CYLINDRICAL_SURFACE('',#5054,5.00000258386176);
#237=CYLINDRICAL_SURFACE('',#5059,3.44999999999999);
#238=CYLINDRICAL_SURFACE('',#5063,5.00000271797216);
#239=CYLINDRICAL_SURFACE('',#5068,3.44999999999999);
#240=CYLINDRICAL_SURFACE('',#5072,4.49999999999999);
#241=CYLINDRICAL_SURFACE('',#5075,3.75);
#242=CYLINDRICAL_SURFACE('',#5078,5.);
#243=CYLINDRICAL_SURFACE('',#5087,4.49999999999999);
#244=CYLINDRICAL_SURFACE('',#5090,3.75);
#245=CYLINDRICAL_SURFACE('',#5093,5.);
#246=FACE_OUTER_BOUND('',#499,.T.);
#247=FACE_OUTER_BOUND('',#500,.T.);
#248=FACE_OUTER_BOUND('',#501,.T.);
#249=FACE_OUTER_BOUND('',#502,.T.);
#250=FACE_OUTER_BOUND('',#503,.T.);
#251=FACE_OUTER_BOUND('',#504,.T.);
#252=FACE_OUTER_BOUND('',#505,.T.);
#253=FACE_OUTER_BOUND('',#506,.T.);
#254=FACE_OUTER_BOUND('',#507,.T.);
#255=FACE_OUTER_BOUND('',#510,.T.);
#256=FACE_OUTER_BOUND('',#511,.T.);
#257=FACE_OUTER_BOUND('',#512,.T.);
#258=FACE_OUTER_BOUND('',#515,.T.);
#259=FACE_OUTER_BOUND('',#518,.T.);
#260=FACE_OUTER_BOUND('',#519,.T.);
#261=FACE_OUTER_BOUND('',#520,.T.);
#262=FACE_OUTER_BOUND('',#521,.T.);
#263=FACE_OUTER_BOUND('',#522,.T.);
#264=FACE_OUTER_BOUND('',#523,.T.);
#265=FACE_OUTER_BOUND('',#524,.T.);
#266=FACE_OUTER_BOUND('',#525,.T.);
#267=FACE_OUTER_BOUND('',#526,.T.);
#268=FACE_OUTER_BOUND('',#527,.T.);
#269=FACE_OUTER_BOUND('',#528,.T.);
#270=FACE_OUTER_BOUND('',#529,.T.);
#271=FACE_OUTER_BOUND('',#530,.T.);
#272=FACE_OUTER_BOUND('',#531,.T.);
#273=FACE_OUTER_BOUND('',#532,.T.);
#274=FACE_OUTER_BOUND('',#533,.T.);
#275=FACE_OUTER_BOUND('',#534,.T.);
#276=FACE_OUTER_BOUND('',#535,.T.);
#277=FACE_OUTER_BOUND('',#536,.T.);
#278=FACE_OUTER_BOUND('',#537,.T.);
#279=FACE_OUTER_BOUND('',#538,.T.);
#280=FACE_OUTER_BOUND('',#539,.T.);
#281=FACE_OUTER_BOUND('',#540,.T.);
#282=FACE_OUTER_BOUND('',#541,.T.);
#283=FACE_OUTER_BOUND('',#542,.T.);
#284=FACE_OUTER_BOUND('',#543,.T.);
#285=FACE_OUTER_BOUND('',#544,.T.);
#286=FACE_OUTER_BOUND('',#545,.T.);
#287=FACE_OUTER_BOUND('',#546,.T.);
#288=FACE_OUTER_BOUND('',#547,.T.);
#289=FACE_OUTER_BOUND('',#548,.T.);
#290=FACE_OUTER_BOUND('',#549,.T.);
#291=FACE_OUTER_BOUND('',#551,.T.);
#292=FACE_OUTER_BOUND('',#552,.T.);
#293=FACE_OUTER_BOUND('',#553,.T.);
#294=FACE_OUTER_BOUND('',#554,.T.);
#295=FACE_OUTER_BOUND('',#556,.T.);
#296=FACE_OUTER_BOUND('',#557,.T.);
#297=FACE_OUTER_BOUND('',#558,.T.);
#298=FACE_OUTER_BOUND('',#559,.T.);
#299=FACE_OUTER_BOUND('',#560,.T.);
#300=FACE_OUTER_BOUND('',#561,.T.);
#301=FACE_OUTER_BOUND('',#562,.T.);
#302=FACE_OUTER_BOUND('',#563,.T.);
#303=FACE_OUTER_BOUND('',#564,.T.);
#304=FACE_OUTER_BOUND('',#565,.T.);
#305=FACE_OUTER_BOUND('',#566,.T.);
#306=FACE_OUTER_BOUND('',#567,.T.);
#307=FACE_OUTER_BOUND('',#569,.T.);
#308=FACE_OUTER_BOUND('',#570,.T.);
#309=FACE_OUTER_BOUND('',#571,.T.);
#310=FACE_OUTER_BOUND('',#572,.T.);
#311=FACE_OUTER_BOUND('',#573,.T.);
#312=FACE_OUTER_BOUND('',#574,.T.);
#313=FACE_OUTER_BOUND('',#575,.T.);
#314=FACE_OUTER_BOUND('',#577,.T.);
#315=FACE_OUTER_BOUND('',#578,.T.);
#316=FACE_OUTER_BOUND('',#579,.T.);
#317=FACE_OUTER_BOUND('',#580,.T.);
#318=FACE_OUTER_BOUND('',#581,.T.);
#319=FACE_OUTER_BOUND('',#582,.T.);
#320=FACE_OUTER_BOUND('',#583,.T.);
#321=FACE_OUTER_BOUND('',#584,.T.);
#322=FACE_OUTER_BOUND('',#585,.T.);
#323=FACE_OUTER_BOUND('',#586,.T.);
#324=FACE_OUTER_BOUND('',#587,.T.);
#325=FACE_OUTER_BOUND('',#588,.T.);
#326=FACE_OUTER_BOUND('',#589,.T.);
#327=FACE_OUTER_BOUND('',#591,.T.);
#328=FACE_OUTER_BOUND('',#592,.T.);
#329=FACE_OUTER_BOUND('',#593,.T.);
#330=FACE_OUTER_BOUND('',#594,.T.);
#331=FACE_OUTER_BOUND('',#595,.T.);
#332=FACE_OUTER_BOUND('',#597,.T.);
#333=FACE_OUTER_BOUND('',#598,.T.);
#334=FACE_OUTER_BOUND('',#600,.T.);
#335=FACE_OUTER_BOUND('',#601,.T.);
#336=FACE_OUTER_BOUND('',#602,.T.);
#337=FACE_OUTER_BOUND('',#607,.T.);
#338=FACE_OUTER_BOUND('',#609,.T.);
#339=FACE_OUTER_BOUND('',#611,.T.);
#340=FACE_OUTER_BOUND('',#612,.T.);
#341=FACE_OUTER_BOUND('',#614,.T.);
#342=FACE_OUTER_BOUND('',#615,.T.);
#343=FACE_OUTER_BOUND('',#616,.T.);
#344=FACE_OUTER_BOUND('',#617,.T.);
#345=FACE_OUTER_BOUND('',#618,.T.);
#346=FACE_OUTER_BOUND('',#619,.T.);
#347=FACE_OUTER_BOUND('',#620,.T.);
#348=FACE_OUTER_BOUND('',#621,.T.);
#349=FACE_OUTER_BOUND('',#622,.T.);
#350=FACE_OUTER_BOUND('',#623,.T.);
#351=FACE_OUTER_BOUND('',#624,.T.);
#352=FACE_OUTER_BOUND('',#625,.T.);
#353=FACE_OUTER_BOUND('',#626,.T.);
#354=FACE_OUTER_BOUND('',#627,.T.);
#355=FACE_OUTER_BOUND('',#628,.T.);
#356=FACE_OUTER_BOUND('',#629,.T.);
#357=FACE_OUTER_BOUND('',#630,.T.);
#358=FACE_OUTER_BOUND('',#631,.T.);
#359=FACE_OUTER_BOUND('',#632,.T.);
#360=FACE_OUTER_BOUND('',#633,.T.);
#361=FACE_OUTER_BOUND('',#634,.T.);
#362=FACE_OUTER_BOUND('',#635,.T.);
#363=FACE_OUTER_BOUND('',#636,.T.);
#364=FACE_OUTER_BOUND('',#637,.T.);
#365=FACE_OUTER_BOUND('',#638,.T.);
#366=FACE_OUTER_BOUND('',#639,.T.);
#367=FACE_OUTER_BOUND('',#640,.T.);
#368=FACE_OUTER_BOUND('',#641,.T.);
#369=FACE_OUTER_BOUND('',#642,.T.);
#370=FACE_OUTER_BOUND('',#647,.T.);
#371=FACE_OUTER_BOUND('',#648,.T.);
#372=FACE_OUTER_BOUND('',#649,.T.);
#373=FACE_OUTER_BOUND('',#650,.T.);
#374=FACE_OUTER_BOUND('',#651,.T.);
#375=FACE_OUTER_BOUND('',#652,.T.);
#376=FACE_OUTER_BOUND('',#653,.T.);
#377=FACE_OUTER_BOUND('',#654,.T.);
#378=FACE_OUTER_BOUND('',#655,.T.);
#379=FACE_OUTER_BOUND('',#656,.T.);
#380=FACE_OUTER_BOUND('',#657,.T.);
#381=FACE_OUTER_BOUND('',#658,.T.);
#382=FACE_OUTER_BOUND('',#659,.T.);
#383=FACE_OUTER_BOUND('',#660,.T.);
#384=FACE_OUTER_BOUND('',#661,.T.);
#385=FACE_OUTER_BOUND('',#662,.T.);
#386=FACE_OUTER_BOUND('',#663,.T.);
#387=FACE_OUTER_BOUND('',#664,.T.);
#388=FACE_OUTER_BOUND('',#667,.T.);
#389=FACE_OUTER_BOUND('',#668,.T.);
#390=FACE_OUTER_BOUND('',#669,.T.);
#391=FACE_OUTER_BOUND('',#670,.T.);
#392=FACE_OUTER_BOUND('',#671,.T.);
#393=FACE_OUTER_BOUND('',#672,.T.);
#394=FACE_OUTER_BOUND('',#673,.T.);
#395=FACE_OUTER_BOUND('',#674,.T.);
#396=FACE_OUTER_BOUND('',#675,.T.);
#397=FACE_OUTER_BOUND('',#676,.T.);
#398=FACE_OUTER_BOUND('',#677,.T.);
#399=FACE_OUTER_BOUND('',#678,.T.);
#400=FACE_OUTER_BOUND('',#680,.T.);
#401=FACE_OUTER_BOUND('',#681,.T.);
#402=FACE_OUTER_BOUND('',#682,.T.);
#403=FACE_OUTER_BOUND('',#683,.T.);
#404=FACE_OUTER_BOUND('',#684,.T.);
#405=FACE_OUTER_BOUND('',#685,.T.);
#406=FACE_OUTER_BOUND('',#686,.T.);
#407=FACE_OUTER_BOUND('',#689,.T.);
#408=FACE_OUTER_BOUND('',#691,.T.);
#409=FACE_OUTER_BOUND('',#692,.T.);
#410=FACE_OUTER_BOUND('',#694,.T.);
#411=FACE_OUTER_BOUND('',#695,.T.);
#412=FACE_OUTER_BOUND('',#696,.T.);
#413=FACE_OUTER_BOUND('',#697,.T.);
#414=FACE_OUTER_BOUND('',#698,.T.);
#415=FACE_OUTER_BOUND('',#699,.T.);
#416=FACE_OUTER_BOUND('',#700,.T.);
#417=FACE_OUTER_BOUND('',#701,.T.);
#418=FACE_OUTER_BOUND('',#702,.T.);
#419=FACE_OUTER_BOUND('',#703,.T.);
#420=FACE_OUTER_BOUND('',#704,.T.);
#421=FACE_OUTER_BOUND('',#706,.T.);
#422=FACE_OUTER_BOUND('',#707,.T.);
#423=FACE_OUTER_BOUND('',#709,.T.);
#424=FACE_OUTER_BOUND('',#710,.T.);
#425=FACE_OUTER_BOUND('',#711,.T.);
#426=FACE_OUTER_BOUND('',#712,.T.);
#427=FACE_OUTER_BOUND('',#713,.T.);
#428=FACE_OUTER_BOUND('',#715,.T.);
#429=FACE_OUTER_BOUND('',#716,.T.);
#430=FACE_OUTER_BOUND('',#717,.T.);
#431=FACE_OUTER_BOUND('',#718,.T.);
#432=FACE_OUTER_BOUND('',#719,.T.);
#433=FACE_OUTER_BOUND('',#720,.T.);
#434=FACE_OUTER_BOUND('',#722,.T.);
#435=FACE_OUTER_BOUND('',#724,.T.);
#436=FACE_OUTER_BOUND('',#725,.T.);
#437=FACE_OUTER_BOUND('',#726,.T.);
#438=FACE_OUTER_BOUND('',#728,.T.);
#439=FACE_OUTER_BOUND('',#730,.T.);
#440=FACE_OUTER_BOUND('',#731,.T.);
#441=FACE_OUTER_BOUND('',#732,.T.);
#442=FACE_OUTER_BOUND('',#734,.T.);
#443=FACE_OUTER_BOUND('',#736,.T.);
#444=FACE_OUTER_BOUND('',#737,.T.);
#445=FACE_OUTER_BOUND('',#738,.T.);
#446=FACE_OUTER_BOUND('',#740,.T.);
#447=FACE_OUTER_BOUND('',#742,.T.);
#448=FACE_OUTER_BOUND('',#743,.T.);
#449=FACE_OUTER_BOUND('',#744,.T.);
#450=FACE_OUTER_BOUND('',#746,.T.);
#451=FACE_OUTER_BOUND('',#748,.T.);
#452=FACE_OUTER_BOUND('',#749,.T.);
#453=FACE_OUTER_BOUND('',#750,.T.);
#454=FACE_OUTER_BOUND('',#752,.T.);
#455=FACE_OUTER_BOUND('',#754,.T.);
#456=FACE_OUTER_BOUND('',#755,.T.);
#457=FACE_OUTER_BOUND('',#756,.T.);
#458=FACE_OUTER_BOUND('',#758,.T.);
#459=FACE_OUTER_BOUND('',#760,.T.);
#460=FACE_OUTER_BOUND('',#761,.T.);
#461=FACE_OUTER_BOUND('',#762,.T.);
#462=FACE_OUTER_BOUND('',#764,.T.);
#463=FACE_OUTER_BOUND('',#766,.T.);
#464=FACE_OUTER_BOUND('',#767,.T.);
#465=FACE_OUTER_BOUND('',#768,.T.);
#466=FACE_OUTER_BOUND('',#770,.T.);
#467=FACE_OUTER_BOUND('',#772,.T.);
#468=FACE_OUTER_BOUND('',#773,.T.);
#469=FACE_OUTER_BOUND('',#774,.T.);
#470=FACE_OUTER_BOUND('',#776,.T.);
#471=FACE_OUTER_BOUND('',#778,.T.);
#472=FACE_OUTER_BOUND('',#779,.T.);
#473=FACE_OUTER_BOUND('',#781,.T.);
#474=FACE_OUTER_BOUND('',#782,.T.);
#475=FACE_OUTER_BOUND('',#783,.T.);
#476=FACE_OUTER_BOUND('',#784,.T.);
#477=FACE_OUTER_BOUND('',#785,.T.);
#478=FACE_OUTER_BOUND('',#787,.T.);
#479=FACE_OUTER_BOUND('',#788,.T.);
#480=FACE_OUTER_BOUND('',#789,.T.);
#481=FACE_OUTER_BOUND('',#790,.T.);
#482=FACE_OUTER_BOUND('',#791,.T.);
#483=FACE_OUTER_BOUND('',#792,.T.);
#484=FACE_OUTER_BOUND('',#793,.T.);
#485=FACE_OUTER_BOUND('',#795,.T.);
#486=FACE_OUTER_BOUND('',#796,.T.);
#487=FACE_OUTER_BOUND('',#798,.T.);
#488=FACE_OUTER_BOUND('',#799,.T.);
#489=FACE_OUTER_BOUND('',#802,.T.);
#490=FACE_OUTER_BOUND('',#805,.T.);
#491=FACE_OUTER_BOUND('',#806,.T.);
#492=FACE_OUTER_BOUND('',#807,.T.);
#493=FACE_OUTER_BOUND('',#808,.T.);
#494=FACE_OUTER_BOUND('',#810,.T.);
#495=FACE_OUTER_BOUND('',#811,.T.);
#496=FACE_OUTER_BOUND('',#813,.T.);
#497=FACE_OUTER_BOUND('',#814,.T.);
#498=FACE_OUTER_BOUND('',#817,.T.);
#499=EDGE_LOOP('',(#2989,#2990,#2991,#2992));
#500=EDGE_LOOP('',(#2993,#2994,#2995,#2996));
#501=EDGE_LOOP('',(#2997,#2998,#2999,#3000));
#502=EDGE_LOOP('',(#3001,#3002,#3003,#3004));
#503=EDGE_LOOP('',(#3005,#3006,#3007,#3008));
#504=EDGE_LOOP('',(#3009,#3010,#3011,#3012));
#505=EDGE_LOOP('',(#3013,#3014,#3015,#3016));
#506=EDGE_LOOP('',(#3017,#3018,#3019,#3020));
#507=EDGE_LOOP('',(#3021,#3022,#3023,#3024,#3025,#3026,#3027,#3028,#3029,
#3030,#3031,#3032,#3033,#3034,#3035,#3036,#3037,#3038,#3039,#3040));
#508=EDGE_LOOP('',(#3041,#3042,#3043,#3044));
#509=EDGE_LOOP('',(#3045,#3046,#3047,#3048));
#510=EDGE_LOOP('',(#3049,#3050,#3051,#3052));
#511=EDGE_LOOP('',(#3053,#3054,#3055,#3056));
#512=EDGE_LOOP('',(#3057,#3058,#3059,#3060,#3061,#3062,#3063,#3064,#3065,
#3066,#3067,#3068));
#513=EDGE_LOOP('',(#3069));
#514=EDGE_LOOP('',(#3070));
#515=EDGE_LOOP('',(#3071,#3072,#3073,#3074,#3075,#3076,#3077,#3078,#3079,
#3080,#3081,#3082));
#516=EDGE_LOOP('',(#3083));
#517=EDGE_LOOP('',(#3084));
#518=EDGE_LOOP('',(#3085,#3086,#3087,#3088));
#519=EDGE_LOOP('',(#3089,#3090,#3091,#3092));
#520=EDGE_LOOP('',(#3093,#3094,#3095,#3096));
#521=EDGE_LOOP('',(#3097,#3098,#3099,#3100));
#522=EDGE_LOOP('',(#3101,#3102,#3103,#3104));
#523=EDGE_LOOP('',(#3105,#3106,#3107,#3108));
#524=EDGE_LOOP('',(#3109,#3110,#3111,#3112));
#525=EDGE_LOOP('',(#3113,#3114,#3115,#3116));
#526=EDGE_LOOP('',(#3117,#3118,#3119,#3120));
#527=EDGE_LOOP('',(#3121,#3122,#3123,#3124));
#528=EDGE_LOOP('',(#3125,#3126,#3127,#3128));
#529=EDGE_LOOP('',(#3129,#3130,#3131,#3132));
#530=EDGE_LOOP('',(#3133,#3134,#3135,#3136));
#531=EDGE_LOOP('',(#3137,#3138,#3139,#3140));
#532=EDGE_LOOP('',(#3141,#3142,#3143,#3144));
#533=EDGE_LOOP('',(#3145,#3146,#3147,#3148));
#534=EDGE_LOOP('',(#3149,#3150,#3151,#3152));
#535=EDGE_LOOP('',(#3153,#3154,#3155,#3156));
#536=EDGE_LOOP('',(#3157,#3158,#3159,#3160));
#537=EDGE_LOOP('',(#3161,#3162,#3163,#3164));
#538=EDGE_LOOP('',(#3165,#3166,#3167,#3168,#3169,#3170,#3171,#3172));
#539=EDGE_LOOP('',(#3173,#3174,#3175,#3176));
#540=EDGE_LOOP('',(#3177,#3178,#3179,#3180));
#541=EDGE_LOOP('',(#3181,#3182,#3183,#3184));
#542=EDGE_LOOP('',(#3185,#3186,#3187,#3188));
#543=EDGE_LOOP('',(#3189,#3190,#3191,#3192));
#544=EDGE_LOOP('',(#3193,#3194,#3195,#3196));
#545=EDGE_LOOP('',(#3197,#3198,#3199,#3200,#3201,#3202,#3203,#3204));
#546=EDGE_LOOP('',(#3205,#3206,#3207,#3208));
#547=EDGE_LOOP('',(#3209,#3210,#3211,#3212));
#548=EDGE_LOOP('',(#3213,#3214,#3215,#3216));
#549=EDGE_LOOP('',(#3217,#3218,#3219,#3220));
#550=EDGE_LOOP('',(#3221,#3222,#3223,#3224));
#551=EDGE_LOOP('',(#3225,#3226,#3227,#3228));
#552=EDGE_LOOP('',(#3229,#3230,#3231,#3232));
#553=EDGE_LOOP('',(#3233,#3234,#3235,#3236));
#554=EDGE_LOOP('',(#3237,#3238,#3239,#3240));
#555=EDGE_LOOP('',(#3241,#3242,#3243,#3244));
#556=EDGE_LOOP('',(#3245,#3246,#3247,#3248));
#557=EDGE_LOOP('',(#3249,#3250,#3251,#3252));
#558=EDGE_LOOP('',(#3253,#3254,#3255,#3256,#3257,#3258,#3259,#3260));
#559=EDGE_LOOP('',(#3261,#3262,#3263,#3264));
#560=EDGE_LOOP('',(#3265,#3266,#3267,#3268));
#561=EDGE_LOOP('',(#3269,#3270,#3271,#3272,#3273,#3274,#3275,#3276));
#562=EDGE_LOOP('',(#3277,#3278,#3279,#3280));
#563=EDGE_LOOP('',(#3281,#3282,#3283,#3284));
#564=EDGE_LOOP('',(#3285,#3286,#3287,#3288));
#565=EDGE_LOOP('',(#3289,#3290,#3291,#3292,#3293));
#566=EDGE_LOOP('',(#3294,#3295,#3296,#3297,#3298));
#567=EDGE_LOOP('',(#3299,#3300,#3301,#3302));
#568=EDGE_LOOP('',(#3303,#3304,#3305,#3306));
#569=EDGE_LOOP('',(#3307,#3308,#3309,#3310));
#570=EDGE_LOOP('',(#3311,#3312,#3313,#3314));
#571=EDGE_LOOP('',(#3315,#3316,#3317,#3318,#3319));
#572=EDGE_LOOP('',(#3320,#3321,#3322,#3323));
#573=EDGE_LOOP('',(#3324,#3325,#3326,#3327,#3328));
#574=EDGE_LOOP('',(#3329,#3330,#3331,#3332,#3333,#3334,#3335,#3336));
#575=EDGE_LOOP('',(#3337,#3338,#3339,#3340));
#576=EDGE_LOOP('',(#3341,#3342,#3343,#3344));
#577=EDGE_LOOP('',(#3345,#3346,#3347,#3348));
#578=EDGE_LOOP('',(#3349,#3350,#3351,#3352));
#579=EDGE_LOOP('',(#3353,#3354,#3355,#3356));
#580=EDGE_LOOP('',(#3357,#3358,#3359,#3360));
#581=EDGE_LOOP('',(#3361,#3362,#3363,#3364,#3365,#3366));
#582=EDGE_LOOP('',(#3367,#3368,#3369,#3370,#3371,#3372));
#583=EDGE_LOOP('',(#3373,#3374,#3375,#3376,#3377,#3378));
#584=EDGE_LOOP('',(#3379,#3380,#3381,#3382));
#585=EDGE_LOOP('',(#3383,#3384,#3385,#3386));
#586=EDGE_LOOP('',(#3387,#3388,#3389,#3390));
#587=EDGE_LOOP('',(#3391,#3392,#3393,#3394,#3395,#3396));
#588=EDGE_LOOP('',(#3397,#3398,#3399,#3400));
#589=EDGE_LOOP('',(#3401,#3402,#3403,#3404));
#590=EDGE_LOOP('',(#3405,#3406,#3407,#3408));
#591=EDGE_LOOP('',(#3409,#3410,#3411,#3412));
#592=EDGE_LOOP('',(#3413,#3414,#3415,#3416));
#593=EDGE_LOOP('',(#3417,#3418,#3419,#3420,#3421,#3422,#3423,#3424,#3425,
#3426,#3427,#3428));
#594=EDGE_LOOP('',(#3429,#3430,#3431,#3432,#3433,#3434,#3435,#3436));
#595=EDGE_LOOP('',(#3437,#3438,#3439,#3440));
#596=EDGE_LOOP('',(#3441,#3442,#3443,#3444));
#597=EDGE_LOOP('',(#3445,#3446,#3447,#3448));
#598=EDGE_LOOP('',(#3449,#3450,#3451,#3452));
#599=EDGE_LOOP('',(#3453,#3454,#3455,#3456));
#600=EDGE_LOOP('',(#3457,#3458,#3459,#3460));
#601=EDGE_LOOP('',(#3461,#3462,#3463,#3464));
#602=EDGE_LOOP('',(#3465,#3466,#3467,#3468,#3469,#3470,#3471,#3472,#3473,
#3474,#3475,#3476,#3477,#3478,#3479,#3480,#3481,#3482,#3483,#3484,#3485,
#3486,#3487,#3488,#3489,#3490,#3491,#3492,#3493,#3494,#3495,#3496,#3497,
#3498,#3499,#3500));
#603=EDGE_LOOP('',(#3501));
#604=EDGE_LOOP('',(#3502));
#605=EDGE_LOOP('',(#3503));
#606=EDGE_LOOP('',(#3504));
#607=EDGE_LOOP('',(#3505,#3506,#3507,#3508));
#608=EDGE_LOOP('',(#3509,#3510,#3511,#3512));
#609=EDGE_LOOP('',(#3513,#3514,#3515,#3516));
#610=EDGE_LOOP('',(#3517,#3518,#3519,#3520));
#611=EDGE_LOOP('',(#3521,#3522,#3523,#3524));
#612=EDGE_LOOP('',(#3525,#3526,#3527,#3528));
#613=EDGE_LOOP('',(#3529,#3530,#3531,#3532));
#614=EDGE_LOOP('',(#3533,#3534,#3535,#3536));
#615=EDGE_LOOP('',(#3537,#3538,#3539,#3540));
#616=EDGE_LOOP('',(#3541,#3542,#3543,#3544));
#617=EDGE_LOOP('',(#3545,#3546,#3547,#3548,#3549,#3550));
#618=EDGE_LOOP('',(#3551,#3552,#3553,#3554));
#619=EDGE_LOOP('',(#3555,#3556,#3557,#3558));
#620=EDGE_LOOP('',(#3559,#3560,#3561,#3562));
#621=EDGE_LOOP('',(#3563,#3564,#3565,#3566));
#622=EDGE_LOOP('',(#3567,#3568,#3569,#3570,#3571,#3572,#3573));
#623=EDGE_LOOP('',(#3574,#3575,#3576,#3577,#3578,#3579,#3580,#3581));
#624=EDGE_LOOP('',(#3582,#3583,#3584,#3585,#3586,#3587,#3588));
#625=EDGE_LOOP('',(#3589,#3590,#3591,#3592,#3593,#3594));
#626=EDGE_LOOP('',(#3595,#3596,#3597,#3598,#3599,#3600));
#627=EDGE_LOOP('',(#3601,#3602,#3603,#3604,#3605,#3606));
#628=EDGE_LOOP('',(#3607,#3608,#3609,#3610,#3611,#3612,#3613,#3614,#3615,
#3616,#3617,#3618));
#629=EDGE_LOOP('',(#3619,#3620,#3621,#3622,#3623,#3624,#3625,#3626));
#630=EDGE_LOOP('',(#3627,#3628,#3629,#3630));
#631=EDGE_LOOP('',(#3631,#3632,#3633,#3634));
#632=EDGE_LOOP('',(#3635,#3636,#3637,#3638));
#633=EDGE_LOOP('',(#3639,#3640,#3641,#3642));
#634=EDGE_LOOP('',(#3643,#3644,#3645,#3646));
#635=EDGE_LOOP('',(#3647,#3648,#3649,#3650));
#636=EDGE_LOOP('',(#3651,#3652,#3653,#3654));
#637=EDGE_LOOP('',(#3655,#3656,#3657,#3658,#3659,#3660,#3661,#3662,#3663,
#3664));
#638=EDGE_LOOP('',(#3665,#3666,#3667,#3668,#3669,#3670));
#639=EDGE_LOOP('',(#3671,#3672,#3673,#3674,#3675,#3676,#3677,#3678,#3679,
#3680,#3681,#3682));
#640=EDGE_LOOP('',(#3683,#3684,#3685,#3686,#3687,#3688));
#641=EDGE_LOOP('',(#3689,#3690,#3691,#3692));
#642=EDGE_LOOP('',(#3693,#3694,#3695,#3696,#3697,#3698,#3699,#3700,#3701,
#3702,#3703,#3704,#3705,#3706,#3707,#3708,#3709,#3710,#3711,#3712,#3713,
#3714,#3715,#3716));
#643=EDGE_LOOP('',(#3717));
#644=EDGE_LOOP('',(#3718));
#645=EDGE_LOOP('',(#3719));
#646=EDGE_LOOP('',(#3720));
#647=EDGE_LOOP('',(#3721,#3722,#3723,#3724));
#648=EDGE_LOOP('',(#3725,#3726,#3727,#3728));
#649=EDGE_LOOP('',(#3729,#3730,#3731,#3732));
#650=EDGE_LOOP('',(#3733,#3734,#3735,#3736));
#651=EDGE_LOOP('',(#3737,#3738,#3739,#3740));
#652=EDGE_LOOP('',(#3741,#3742,#3743,#3744));
#653=EDGE_LOOP('',(#3745,#3746,#3747,#3748));
#654=EDGE_LOOP('',(#3749,#3750,#3751,#3752));
#655=EDGE_LOOP('',(#3753,#3754,#3755,#3756));
#656=EDGE_LOOP('',(#3757,#3758,#3759,#3760));
#657=EDGE_LOOP('',(#3761,#3762,#3763,#3764));
#658=EDGE_LOOP('',(#3765,#3766,#3767,#3768));
#659=EDGE_LOOP('',(#3769,#3770,#3771,#3772));
#660=EDGE_LOOP('',(#3773,#3774,#3775,#3776));
#661=EDGE_LOOP('',(#3777,#3778,#3779,#3780));
#662=EDGE_LOOP('',(#3781,#3782,#3783,#3784,#3785,#3786,#3787,#3788,#3789,
#3790,#3791,#3792));
#663=EDGE_LOOP('',(#3793,#3794,#3795,#3796,#3797,#3798,#3799,#3800,#3801,
#3802,#3803,#3804,#3805,#3806,#3807,#3808,#3809,#3810,#3811,#3812));
#664=EDGE_LOOP('',(#3813,#3814,#3815,#3816,#3817,#3818,#3819,#3820,#3821,
#3822,#3823,#3824,#3825,#3826,#3827,#3828,#3829,#3830,#3831,#3832));
#665=EDGE_LOOP('',(#3833,#3834,#3835,#3836));
#666=EDGE_LOOP('',(#3837,#3838,#3839,#3840));
#667=EDGE_LOOP('',(#3841,#3842,#3843,#3844));
#668=EDGE_LOOP('',(#3845,#3846,#3847,#3848));
#669=EDGE_LOOP('',(#3849,#3850,#3851,#3852));
#670=EDGE_LOOP('',(#3853,#3854,#3855,#3856));
#671=EDGE_LOOP('',(#3857,#3858,#3859,#3860));
#672=EDGE_LOOP('',(#3861,#3862,#3863,#3864));
#673=EDGE_LOOP('',(#3865,#3866,#3867,#3868));
#674=EDGE_LOOP('',(#3869));
#675=EDGE_LOOP('',(#3870,#3871,#3872,#3873));
#676=EDGE_LOOP('',(#3874,#3875,#3876,#3877,#3878,#3879));
#677=EDGE_LOOP('',(#3880,#3881,#3882,#3883,#3884,#3885));
#678=EDGE_LOOP('',(#3886,#3887,#3888,#3889,#3890,#3891,#3892,#3893,#3894,
#3895));
#679=EDGE_LOOP('',(#3896));
#680=EDGE_LOOP('',(#3897,#3898,#3899,#3900));
#681=EDGE_LOOP('',(#3901,#3902,#3903,#3904,#3905,#3906));
#682=EDGE_LOOP('',(#3907,#3908,#3909,#3910));
#683=EDGE_LOOP('',(#3911,#3912,#3913,#3914,#3915,#3916));
#684=EDGE_LOOP('',(#3917,#3918,#3919,#3920,#3921,#3922));
#685=EDGE_LOOP('',(#3923,#3924,#3925,#3926,#3927,#3928,#3929,#3930));
#686=EDGE_LOOP('',(#3931,#3932,#3933,#3934,#3935,#3936,#3937,#3938));
#687=EDGE_LOOP('',(#3939));
#688=EDGE_LOOP('',(#3940));
#689=EDGE_LOOP('',(#3941,#3942,#3943,#3944,#3945,#3946,#3947,#3948));
#690=EDGE_LOOP('',(#3949));
#691=EDGE_LOOP('',(#3950,#3951,#3952,#3953));
#692=EDGE_LOOP('',(#3954,#3955,#3956,#3957));
#693=EDGE_LOOP('',(#3958,#3959,#3960,#3961));
#694=EDGE_LOOP('',(#3962,#3963,#3964,#3965));
#695=EDGE_LOOP('',(#3966,#3967,#3968,#3969,#3970,#3971));
#696=EDGE_LOOP('',(#3972,#3973,#3974,#3975,#3976,#3977));
#697=EDGE_LOOP('',(#3978,#3979,#3980,#3981,#3982,#3983,#3984,#3985));
#698=EDGE_LOOP('',(#3986,#3987,#3988,#3989));
#699=EDGE_LOOP('',(#3990,#3991,#3992,#3993));
#700=EDGE_LOOP('',(#3994,#3995,#3996,#3997));
#701=EDGE_LOOP('',(#3998,#3999,#4000,#4001));
#702=EDGE_LOOP('',(#4002,#4003,#4004,#4005));
#703=EDGE_LOOP('',(#4006,#4007,#4008,#4009));
#704=EDGE_LOOP('',(#4010,#4011,#4012,#4013));
#705=EDGE_LOOP('',(#4014));
#706=EDGE_LOOP('',(#4015,#4016,#4017,#4018));
#707=EDGE_LOOP('',(#4019));
#708=EDGE_LOOP('',(#4020));
#709=EDGE_LOOP('',(#4021,#4022,#4023,#4024));
#710=EDGE_LOOP('',(#4025));
#711=EDGE_LOOP('',(#4026));
#712=EDGE_LOOP('',(#4027,#4028,#4029,#4030));
#713=EDGE_LOOP('',(#4031));
#714=EDGE_LOOP('',(#4032));
#715=EDGE_LOOP('',(#4033,#4034,#4035,#4036));
#716=EDGE_LOOP('',(#4037));
#717=EDGE_LOOP('',(#4038));
#718=EDGE_LOOP('',(#4039,#4040,#4041,#4042));
#719=EDGE_LOOP('',(#4043,#4044,#4045,#4046));
#720=EDGE_LOOP('',(#4047));
#721=EDGE_LOOP('',(#4048));
#722=EDGE_LOOP('',(#4049));
#723=EDGE_LOOP('',(#4050));
#724=EDGE_LOOP('',(#4051,#4052,#4053,#4054));
#725=EDGE_LOOP('',(#4055,#4056,#4057,#4058));
#726=EDGE_LOOP('',(#4059));
#727=EDGE_LOOP('',(#4060));
#728=EDGE_LOOP('',(#4061));
#729=EDGE_LOOP('',(#4062));
#730=EDGE_LOOP('',(#4063,#4064,#4065,#4066));
#731=EDGE_LOOP('',(#4067,#4068,#4069,#4070));
#732=EDGE_LOOP('',(#4071));
#733=EDGE_LOOP('',(#4072));
#734=EDGE_LOOP('',(#4073));
#735=EDGE_LOOP('',(#4074));
#736=EDGE_LOOP('',(#4075,#4076,#4077,#4078));
#737=EDGE_LOOP('',(#4079,#4080,#4081,#4082));
#738=EDGE_LOOP('',(#4083));
#739=EDGE_LOOP('',(#4084));
#740=EDGE_LOOP('',(#4085));
#741=EDGE_LOOP('',(#4086));
#742=EDGE_LOOP('',(#4087,#4088,#4089,#4090));
#743=EDGE_LOOP('',(#4091,#4092,#4093,#4094));
#744=EDGE_LOOP('',(#4095));
#745=EDGE_LOOP('',(#4096));
#746=EDGE_LOOP('',(#4097));
#747=EDGE_LOOP('',(#4098));
#748=EDGE_LOOP('',(#4099,#4100,#4101,#4102));
#749=EDGE_LOOP('',(#4103,#4104,#4105,#4106));
#750=EDGE_LOOP('',(#4107));
#751=EDGE_LOOP('',(#4108));
#752=EDGE_LOOP('',(#4109));
#753=EDGE_LOOP('',(#4110));
#754=EDGE_LOOP('',(#4111,#4112,#4113,#4114));
#755=EDGE_LOOP('',(#4115,#4116,#4117,#4118));
#756=EDGE_LOOP('',(#4119));
#757=EDGE_LOOP('',(#4120));
#758=EDGE_LOOP('',(#4121));
#759=EDGE_LOOP('',(#4122));
#760=EDGE_LOOP('',(#4123,#4124,#4125,#4126));
#761=EDGE_LOOP('',(#4127,#4128,#4129,#4130));
#762=EDGE_LOOP('',(#4131));
#763=EDGE_LOOP('',(#4132));
#764=EDGE_LOOP('',(#4133));
#765=EDGE_LOOP('',(#4134));
#766=EDGE_LOOP('',(#4135,#4136,#4137,#4138));
#767=EDGE_LOOP('',(#4139,#4140,#4141,#4142));
#768=EDGE_LOOP('',(#4143));
#769=EDGE_LOOP('',(#4144));
#770=EDGE_LOOP('',(#4145));
#771=EDGE_LOOP('',(#4146));
#772=EDGE_LOOP('',(#4147,#4148,#4149,#4150));
#773=EDGE_LOOP('',(#4151,#4152,#4153,#4154));
#774=EDGE_LOOP('',(#4155));
#775=EDGE_LOOP('',(#4156));
#776=EDGE_LOOP('',(#4157));
#777=EDGE_LOOP('',(#4158));
#778=EDGE_LOOP('',(#4159,#4160,#4161,#4162));
#779=EDGE_LOOP('',(#4163));
#780=EDGE_LOOP('',(#4164));
#781=EDGE_LOOP('',(#4165,#4166,#4167,#4168));
#782=EDGE_LOOP('',(#4169));
#783=EDGE_LOOP('',(#4170));
#784=EDGE_LOOP('',(#4171,#4172,#4173,#4174));
#785=EDGE_LOOP('',(#4175));
#786=EDGE_LOOP('',(#4176));
#787=EDGE_LOOP('',(#4177,#4178,#4179,#4180));
#788=EDGE_LOOP('',(#4181));
#789=EDGE_LOOP('',(#4182));
#790=EDGE_LOOP('',(#4183,#4184,#4185,#4186));
#791=EDGE_LOOP('',(#4187,#4188,#4189,#4190));
#792=EDGE_LOOP('',(#4191,#4192,#4193,#4194));
#793=EDGE_LOOP('',(#4195,#4196,#4197,#4198));
#794=EDGE_LOOP('',(#4199));
#795=EDGE_LOOP('',(#4200,#4201,#4202,#4203));
#796=EDGE_LOOP('',(#4204,#4205,#4206,#4207));
#797=EDGE_LOOP('',(#4208));
#798=EDGE_LOOP('',(#4209,#4210,#4211,#4212));
#799=EDGE_LOOP('',(#4213,#4214,#4215,#4216));
#800=EDGE_LOOP('',(#4217));
#801=EDGE_LOOP('',(#4218));
#802=EDGE_LOOP('',(#4219,#4220,#4221,#4222));
#803=EDGE_LOOP('',(#4223));
#804=EDGE_LOOP('',(#4224));
#805=EDGE_LOOP('',(#4225,#4226,#4227,#4228));
#806=EDGE_LOOP('',(#4229,#4230,#4231,#4232));
#807=EDGE_LOOP('',(#4233,#4234,#4235,#4236));
#808=EDGE_LOOP('',(#4237,#4238,#4239,#4240));
#809=EDGE_LOOP('',(#4241));
#810=EDGE_LOOP('',(#4242,#4243,#4244,#4245));
#811=EDGE_LOOP('',(#4246,#4247,#4248,#4249));
#812=EDGE_LOOP('',(#4250));
#813=EDGE_LOOP('',(#4251,#4252,#4253,#4254));
#814=EDGE_LOOP('',(#4255,#4256,#4257,#4258));
#815=EDGE_LOOP('',(#4259));
#816=EDGE_LOOP('',(#4260));
#817=EDGE_LOOP('',(#4261,#4262,#4263,#4264));
#818=EDGE_LOOP('',(#4265));
#819=EDGE_LOOP('',(#4266));
#820=LINE('',#6339,#1373);
#821=LINE('',#6341,#1374);
#822=LINE('',#6343,#1375);
#823=LINE('',#6344,#1376);
#824=LINE('',#6348,#1377);
#825=LINE('',#6350,#1378);
#826=LINE('',#6352,#1379);
#827=LINE('',#6353,#1380);
#828=LINE('',#6357,#1381);
#829=LINE('',#6359,#1382);
#830=LINE('',#6361,#1383);
#831=LINE('',#6362,#1384);
#832=LINE('',#6365,#1385);
#833=LINE('',#6367,#1386);
#834=LINE('',#6368,#1387);
#835=LINE('',#6371,#1388);
#836=LINE('',#6373,#1389);
#837=LINE('',#6374,#1390);
#838=LINE('',#6378,#1391);
#839=LINE('',#6380,#1392);
#840=LINE('',#6382,#1393);
#841=LINE('',#6383,#1394);
#842=LINE('',#6388,#1395);
#843=LINE('',#6394,#1396);
#844=LINE('',#6398,#1397);
#845=LINE('',#6400,#1398);
#846=LINE('',#6402,#1399);
#847=LINE('',#6404,#1400);
#848=LINE('',#6406,#1401);
#849=LINE('',#6408,#1402);
#850=LINE('',#6410,#1403);
#851=LINE('',#6412,#1404);
#852=LINE('',#6414,#1405);
#853=LINE('',#6416,#1406);
#854=LINE('',#6418,#1407);
#855=LINE('',#6420,#1408);
#856=LINE('',#6422,#1409);
#857=LINE('',#6424,#1410);
#858=LINE('',#6426,#1411);
#859=LINE('',#6427,#1412);
#860=LINE('',#6429,#1413);
#861=LINE('',#6430,#1414);
#862=LINE('',#6433,#1415);
#863=LINE('',#6435,#1416);
#864=LINE('',#6437,#1417);
#865=LINE('',#6438,#1418);
#866=LINE('',#6441,#1419);
#867=LINE('',#6443,#1420);
#868=LINE('',#6445,#1421);
#869=LINE('',#6446,#1422);
#870=LINE('',#6449,#1423);
#871=LINE('',#6451,#1424);
#872=LINE('',#6452,#1425);
#873=LINE('',#6454,#1426);
#874=LINE('',#6455,#1427);
#875=LINE('',#6458,#1428);
#876=LINE('',#6460,#1429);
#877=LINE('',#6462,#1430);
#878=LINE('',#6463,#1431);
#879=LINE('',#6464,#1432);
#880=LINE('',#6467,#1433);
#881=LINE('',#6469,#1434);
#882=LINE('',#6471,#1435);
#883=LINE('',#6472,#1436);
#884=LINE('',#6473,#1437);
#885=LINE('',#6476,#1438);
#886=LINE('',#6478,#1439);
#887=LINE('',#6479,#1440);
#888=LINE('',#6482,#1441);
#889=LINE('',#6483,#1442);
#890=LINE('',#6488,#1443);
#891=LINE('',#6494,#1444);
#892=LINE('',#6500,#1445);
#893=LINE('',#6506,#1446);
#894=LINE('',#6511,#1447);
#895=LINE('',#6513,#1448);
#896=LINE('',#6515,#1449);
#897=LINE('',#6516,#1450);
#898=LINE('',#6520,#1451);
#899=LINE('',#6522,#1452);
#900=LINE('',#6524,#1453);
#901=LINE('',#6525,#1454);
#902=LINE('',#6529,#1455);
#903=LINE('',#6531,#1456);
#904=LINE('',#6533,#1457);
#905=LINE('',#6534,#1458);
#906=LINE('',#6536,#1459);
#907=LINE('',#6537,#1460);
#908=LINE('',#6540,#1461);
#909=LINE('',#6542,#1462);
#910=LINE('',#6543,#1463);
#911=LINE('',#6546,#1464);
#912=LINE('',#6548,#1465);
#913=LINE('',#6549,#1466);
#914=LINE('',#6553,#1467);
#915=LINE('',#6555,#1468);
#916=LINE('',#6557,#1469);
#917=LINE('',#6558,#1470);
#918=LINE('',#6562,#1471);
#919=LINE('',#6564,#1472);
#920=LINE('',#6566,#1473);
#921=LINE('',#6567,#1474);
#922=LINE('',#6570,#1475);
#923=LINE('',#6572,#1476);
#924=LINE('',#6573,#1477);
#925=LINE('',#6576,#1478);
#926=LINE('',#6578,#1479);
#927=LINE('',#6579,#1480);
#928=LINE('',#6582,#1481);
#929=LINE('',#6584,#1482);
#930=LINE('',#6585,#1483);
#931=LINE('',#6587,#1484);
#932=LINE('',#6588,#1485);
#933=LINE('',#6591,#1486);
#934=LINE('',#6593,#1487);
#935=LINE('',#6594,#1488);
#936=LINE('',#6596,#1489);
#937=LINE('',#6597,#1490);
#938=LINE('',#6600,#1491);
#939=LINE('',#6602,#1492);
#940=LINE('',#6604,#1493);
#941=LINE('',#6606,#1494);
#942=LINE('',#6607,#1495);
#943=LINE('',#6611,#1496);
#944=LINE('',#6613,#1497);
#945=LINE('',#6615,#1498);
#946=LINE('',#6616,#1499);
#947=LINE('',#6620,#1500);
#948=LINE('',#6622,#1501);
#949=LINE('',#6624,#1502);
#950=LINE('',#6625,#1503);
#951=LINE('',#6629,#1504);
#952=LINE('',#6630,#1505);
#953=LINE('',#6631,#1506);
#954=LINE('',#6633,#1507);
#955=LINE('',#6634,#1508);
#956=LINE('',#6637,#1509);
#957=LINE('',#6638,#1510);
#958=LINE('',#6641,#1511);
#959=LINE('',#6642,#1512);
#960=LINE('',#6645,#1513);
#961=LINE('',#6647,#1514);
#962=LINE('',#6649,#1515);
#963=LINE('',#6651,#1516);
#964=LINE('',#6652,#1517);
#965=LINE('',#6656,#1518);
#966=LINE('',#6658,#1519);
#967=LINE('',#6660,#1520);
#968=LINE('',#6661,#1521);
#969=LINE('',#6664,#1522);
#970=LINE('',#6666,#1523);
#971=LINE('',#6667,#1524);
#972=LINE('',#6670,#1525);
#973=LINE('',#6672,#1526);
#974=LINE('',#6673,#1527);
#975=LINE('',#6675,#1528);
#976=LINE('',#6678,#1529);
#977=LINE('',#6680,#1530);
#978=LINE('',#6682,#1531);
#979=LINE('',#6683,#1532);
#980=LINE('',#6686,#1533);
#981=LINE('',#6688,#1534);
#982=LINE('',#6689,#1535);
#983=LINE('',#6692,#1536);
#984=LINE('',#6694,#1537);
#985=LINE('',#6695,#1538);
#986=LINE('',#6697,#1539);
#987=LINE('',#6698,#1540);
#988=LINE('',#6702,#1541);
#989=LINE('',#6704,#1542);
#990=LINE('',#6706,#1543);
#991=LINE('',#6707,#1544);
#992=LINE('',#6710,#1545);
#993=LINE('',#6712,#1546);
#994=LINE('',#6713,#1547);
#995=LINE('',#6716,#1548);
#996=LINE('',#6717,#1549);
#997=LINE('',#6720,#1550);
#998=LINE('',#6722,#1551);
#999=LINE('',#6724,#1552);
#1000=LINE('',#6726,#1553);
#1001=LINE('',#6727,#1554);
#1002=LINE('',#6730,#1555);
#1003=LINE('',#6732,#1556);
#1004=LINE('',#6733,#1557);
#1005=LINE('',#6736,#1558);
#1006=LINE('',#6737,#1559);
#1007=LINE('',#6740,#1560);
#1008=LINE('',#6742,#1561);
#1009=LINE('',#6743,#1562);
#1010=LINE('',#6746,#1563);
#1011=LINE('',#6747,#1564);
#1012=LINE('',#6749,#1565);
#1013=LINE('',#6752,#1566);
#1014=LINE('',#6754,#1567);
#1015=LINE('',#6755,#1568);
#1016=LINE('',#6757,#1569);
#1017=LINE('',#6758,#1570);
#1018=LINE('',#6760,#1571);
#1019=LINE('',#6761,#1572);
#1020=LINE('',#6765,#1573);
#1021=LINE('',#6766,#1574);
#1022=LINE('',#6768,#1575);
#1023=LINE('',#6771,#1576);
#1024=LINE('',#6773,#1577);
#1025=LINE('',#6775,#1578);
#1026=LINE('',#6776,#1579);
#1027=LINE('',#6779,#1580);
#1028=LINE('',#6780,#1581);
#1029=LINE('',#6783,#1582);
#1030=LINE('',#6785,#1583);
#1031=LINE('',#6786,#1584);
#1032=LINE('',#6788,#1585);
#1033=LINE('',#6789,#1586);
#1034=LINE('',#6790,#1587);
#1035=LINE('',#6795,#1588);
#1036=LINE('',#6797,#1589);
#1037=LINE('',#6799,#1590);
#1038=LINE('',#6800,#1591);
#1039=LINE('',#6804,#1592);
#1040=LINE('',#6806,#1593);
#1041=LINE('',#6808,#1594);
#1042=LINE('',#6809,#1595);
#1043=LINE('',#6812,#1596);
#1044=LINE('',#6814,#1597);
#1045=LINE('',#6815,#1598);
#1046=LINE('',#6818,#1599);
#1047=LINE('',#6820,#1600);
#1048=LINE('',#6821,#1601);
#1049=LINE('',#6824,#1602);
#1050=LINE('',#6826,#1603);
#1051=LINE('',#6828,#1604);
#1052=LINE('',#6829,#1605);
#1053=LINE('',#6832,#1606);
#1054=LINE('',#6834,#1607);
#1055=LINE('',#6836,#1608);
#1056=LINE('',#6837,#1609);
#1057=LINE('',#6840,#1610);
#1058=LINE('',#6842,#1611);
#1059=LINE('',#6844,#1612);
#1060=LINE('',#6845,#1613);
#1061=LINE('',#6849,#1614);
#1062=LINE('',#6851,#1615);
#1063=LINE('',#6853,#1616);
#1064=LINE('',#6854,#1617);
#1065=LINE('',#6858,#1618);
#1066=LINE('',#6860,#1619);
#1067=LINE('',#6862,#1620);
#1068=LINE('',#6863,#1621);
#1069=LINE('',#6866,#1622);
#1070=LINE('',#6868,#1623);
#1071=LINE('',#6869,#1624);
#1072=LINE('',#6872,#1625);
#1073=LINE('',#6874,#1626);
#1074=LINE('',#6876,#1627);
#1075=LINE('',#6877,#1628);
#1076=LINE('',#6881,#1629);
#1077=LINE('',#6882,#1630);
#1078=LINE('',#6883,#1631);
#1079=LINE('',#6886,#1632);
#1080=LINE('',#6887,#1633);
#1081=LINE('',#6890,#1634);
#1082=LINE('',#6891,#1635);
#1083=LINE('',#6894,#1636);
#1084=LINE('',#6896,#1637);
#1085=LINE('',#6897,#1638);
#1086=LINE('',#6899,#1639);
#1087=LINE('',#6900,#1640);
#1088=LINE('',#6902,#1641);
#1089=LINE('',#6903,#1642);
#1090=LINE('',#6904,#1643);
#1091=LINE('',#6907,#1644);
#1092=LINE('',#6908,#1645);
#1093=LINE('',#6912,#1646);
#1094=LINE('',#6914,#1647);
#1095=LINE('',#6916,#1648);
#1096=LINE('',#6917,#1649);
#1097=LINE('',#6920,#1650);
#1098=LINE('',#6922,#1651);
#1099=LINE('',#6923,#1652);
#1100=LINE('',#6926,#1653);
#1101=LINE('',#6928,#1654);
#1102=LINE('',#6929,#1655);
#1103=LINE('',#6931,#1656);
#1104=LINE('',#6933,#1657);
#1105=LINE('',#6936,#1658);
#1106=LINE('',#6938,#1659);
#1107=LINE('',#6940,#1660);
#1108=LINE('',#6941,#1661);
#1109=LINE('',#6942,#1662);
#1110=LINE('',#6943,#1663);
#1111=LINE('',#6945,#1664);
#1112=LINE('',#6947,#1665);
#1113=LINE('',#6949,#1666);
#1114=LINE('',#6951,#1667);
#1115=LINE('',#6953,#1668);
#1116=LINE('',#6954,#1669);
#1117=LINE('',#6956,#1670);
#1118=LINE('',#6958,#1671);
#1119=LINE('',#6959,#1672);
#1120=LINE('',#6961,#1673);
#1121=LINE('',#6964,#1674);
#1122=LINE('',#6965,#1675);
#1123=LINE('',#6968,#1676);
#1124=LINE('',#6969,#1677);
#1125=LINE('',#6971,#1678);
#1126=LINE('',#6977,#1679);
#1127=LINE('',#6979,#1680);
#1128=LINE('',#6981,#1681);
#1129=LINE('',#6982,#1682);
#1130=LINE('',#6986,#1683);
#1131=LINE('',#6988,#1684);
#1132=LINE('',#6990,#1685);
#1133=LINE('',#6991,#1686);
#1134=LINE('',#6992,#1687);
#1135=LINE('',#6995,#1688);
#1136=LINE('',#6997,#1689);
#1137=LINE('',#6998,#1690);
#1138=LINE('',#7002,#1691);
#1139=LINE('',#7004,#1692);
#1140=LINE('',#7006,#1693);
#1141=LINE('',#7007,#1694);
#1142=LINE('',#7010,#1695);
#1143=LINE('',#7011,#1696);
#1144=LINE('',#7013,#1697);
#1145=LINE('',#7014,#1698);
#1146=LINE('',#7017,#1699);
#1147=LINE('',#7019,#1700);
#1148=LINE('',#7021,#1701);
#1149=LINE('',#7022,#1702);
#1150=LINE('',#7023,#1703);
#1151=LINE('',#7026,#1704);
#1152=LINE('',#7027,#1705);
#1153=LINE('',#7028,#1706);
#1154=LINE('',#7031,#1707);
#1155=LINE('',#7033,#1708);
#1156=LINE('',#7034,#1709);
#1157=LINE('',#7035,#1710);
#1158=LINE('',#7037,#1711);
#1159=LINE('',#7040,#1712);
#1160=LINE('',#7041,#1713);
#1161=LINE('',#7042,#1714);
#1162=LINE('',#7044,#1715);
#1163=LINE('',#7047,#1716);
#1164=LINE('',#7048,#1717);
#1165=LINE('',#7049,#1718);
#1166=LINE('',#7051,#1719);
#1167=LINE('',#7052,#1720);
#1168=LINE('',#7056,#1721);
#1169=LINE('',#7058,#1722);
#1170=LINE('',#7059,#1723);
#1171=LINE('',#7061,#1724);
#1172=LINE('',#7064,#1725);
#1173=LINE('',#7065,#1726);
#1174=LINE('',#7069,#1727);
#1175=LINE('',#7071,#1728);
#1176=LINE('',#7073,#1729);
#1177=LINE('',#7074,#1730);
#1178=LINE('',#7076,#1731);
#1179=LINE('',#7077,#1732);
#1180=LINE('',#7080,#1733);
#1181=LINE('',#7081,#1734);
#1182=LINE('',#7083,#1735);
#1183=LINE('',#7085,#1736);
#1184=LINE('',#7087,#1737);
#1185=LINE('',#7089,#1738);
#1186=LINE('',#7092,#1739);
#1187=LINE('',#7093,#1740);
#1188=LINE('',#7095,#1741);
#1189=LINE('',#7098,#1742);
#1190=LINE('',#7100,#1743);
#1191=LINE('',#7102,#1744);
#1192=LINE('',#7104,#1745);
#1193=LINE('',#7106,#1746);
#1194=LINE('',#7108,#1747);
#1195=LINE('',#7110,#1748);
#1196=LINE('',#7112,#1749);
#1197=LINE('',#7114,#1750);
#1198=LINE('',#7116,#1751);
#1199=LINE('',#7118,#1752);
#1200=LINE('',#7120,#1753);
#1201=LINE('',#7122,#1754);
#1202=LINE('',#7123,#1755);
#1203=LINE('',#7125,#1756);
#1204=LINE('',#7126,#1757);
#1205=LINE('',#7128,#1758);
#1206=LINE('',#7131,#1759);
#1207=LINE('',#7133,#1760);
#1208=LINE('',#7134,#1761);
#1209=LINE('',#7137,#1762);
#1210=LINE('',#7138,#1763);
#1211=LINE('',#7141,#1764);
#1212=LINE('',#7142,#1765);
#1213=LINE('',#7145,#1766);
#1214=LINE('',#7146,#1767);
#1215=LINE('',#7149,#1768);
#1216=LINE('',#7150,#1769);
#1217=LINE('',#7153,#1770);
#1218=LINE('',#7154,#1771);
#1219=LINE('',#7157,#1772);
#1220=LINE('',#7158,#1773);
#1221=LINE('',#7161,#1774);
#1222=LINE('',#7162,#1775);
#1223=LINE('',#7165,#1776);
#1224=LINE('',#7166,#1777);
#1225=LINE('',#7169,#1778);
#1226=LINE('',#7170,#1779);
#1227=LINE('',#7173,#1780);
#1228=LINE('',#7174,#1781);
#1229=LINE('',#7177,#1782);
#1230=LINE('',#7178,#1783);
#1231=LINE('',#7180,#1784);
#1232=LINE('',#7182,#1785);
#1233=LINE('',#7184,#1786);
#1234=LINE('',#7189,#1787);
#1235=LINE('',#7191,#1788);
#1236=LINE('',#7193,#1789);
#1237=LINE('',#7194,#1790);
#1238=LINE('',#7198,#1791);
#1239=LINE('',#7200,#1792);
#1240=LINE('',#7202,#1793);
#1241=LINE('',#7203,#1794);
#1242=LINE('',#7205,#1795);
#1243=LINE('',#7206,#1796);
#1244=LINE('',#7208,#1797);
#1245=LINE('',#7210,#1798);
#1246=LINE('',#7216,#1799);
#1247=LINE('',#7222,#1800);
#1248=LINE('',#7224,#1801);
#1249=LINE('',#7226,#1802);
#1250=LINE('',#7227,#1803);
#1251=LINE('',#7231,#1804);
#1252=LINE('',#7233,#1805);
#1253=LINE('',#7234,#1806);
#1254=LINE('',#7236,#1807);
#1255=LINE('',#7237,#1808);
#1256=LINE('',#7241,#1809);
#1257=LINE('',#7242,#1810);
#1258=LINE('',#7244,#1811);
#1259=LINE('',#7246,#1812);
#1260=LINE('',#7247,#1813);
#1261=LINE('',#7251,#1814);
#1262=LINE('',#7252,#1815);
#1263=LINE('',#7254,#1816);
#1264=LINE('',#7256,#1817);
#1265=LINE('',#7258,#1818);
#1266=LINE('',#7260,#1819);
#1267=LINE('',#7262,#1820);
#1268=LINE('',#7264,#1821);
#1269=LINE('',#7265,#1822);
#1270=LINE('',#7268,#1823);
#1271=LINE('',#7270,#1824);
#1272=LINE('',#7271,#1825);
#1273=LINE('',#7274,#1826);
#1274=LINE('',#7276,#1827);
#1275=LINE('',#7278,#1828);
#1276=LINE('',#7279,#1829);
#1277=LINE('',#7281,#1830);
#1278=LINE('',#7284,#1831);
#1279=LINE('',#7286,#1832);
#1280=LINE('',#7287,#1833);
#1281=LINE('',#7290,#1834);
#1282=LINE('',#7291,#1835);
#1283=LINE('',#7292,#1836);
#1284=LINE('',#7296,#1837);
#1285=LINE('',#7298,#1838);
#1286=LINE('',#7299,#1839);
#1287=LINE('',#7301,#1840);
#1288=LINE('',#7302,#1841);
#1289=LINE('',#7304,#1842);
#1290=LINE('',#7306,#1843);
#1291=LINE('',#7308,#1844);
#1292=LINE('',#7310,#1845);
#1293=LINE('',#7312,#1846);
#1294=LINE('',#7313,#1847);
#1295=LINE('',#7320,#1848);
#1296=LINE('',#7322,#1849);
#1297=LINE('',#7323,#1850);
#1298=LINE('',#7327,#1851);
#1299=LINE('',#7331,#1852);
#1300=LINE('',#7333,#1853);
#1301=LINE('',#7335,#1854);
#1302=LINE('',#7336,#1855);
#1303=LINE('',#7338,#1856);
#1304=LINE('',#7339,#1857);
#1305=LINE('',#7341,#1858);
#1306=LINE('',#7343,#1859);
#1307=LINE('',#7344,#1860);
#1308=LINE('',#7346,#1861);
#1309=LINE('',#7349,#1862);
#1310=LINE('',#7350,#1863);
#1311=LINE('',#7352,#1864);
#1312=LINE('',#7355,#1865);
#1313=LINE('',#7359,#1866);
#1314=LINE('',#7361,#1867);
#1315=LINE('',#7368,#1868);
#1316=LINE('',#7376,#1869);
#1317=LINE('',#7383,#1870);
#1318=LINE('',#7391,#1871);
#1319=LINE('',#7398,#1872);
#1320=LINE('',#7404,#1873);
#1321=LINE('',#7412,#1874);
#1322=LINE('',#7418,#1875);
#1323=LINE('',#7426,#1876);
#1324=LINE('',#7432,#1877);
#1325=LINE('',#7440,#1878);
#1326=LINE('',#7446,#1879);
#1327=LINE('',#7454,#1880);
#1328=LINE('',#7460,#1881);
#1329=LINE('',#7468,#1882);
#1330=LINE('',#7474,#1883);
#1331=LINE('',#7482,#1884);
#1332=LINE('',#7488,#1885);
#1333=LINE('',#7496,#1886);
#1334=LINE('',#7502,#1887);
#1335=LINE('',#7510,#1888);
#1336=LINE('',#7516,#1889);
#1337=LINE('',#7524,#1890);
#1338=LINE('',#7530,#1891);
#1339=LINE('',#7538,#1892);
#1340=LINE('',#7546,#1893);
#1341=LINE('',#7553,#1894);
#1342=LINE('',#7561,#1895);
#1343=LINE('',#7568,#1896);
#1344=LINE('',#7574,#1897);
#1345=LINE('',#7580,#1898);
#1346=LINE('',#7585,#1899);
#1347=LINE('',#7587,#1900);
#1348=LINE('',#7589,#1901);
#1349=LINE('',#7590,#1902);
#1350=LINE('',#7593,#1903);
#1351=LINE('',#7595,#1904);
#1352=LINE('',#7596,#1905);
#1353=LINE('',#7599,#1906);
#1354=LINE('',#7601,#1907);
#1355=LINE('',#7602,#1908);
#1356=LINE('',#7604,#1909);
#1357=LINE('',#7605,#1910);
#1358=LINE('',#7612,#1911);
#1359=LINE('',#7618,#1912);
#1360=LINE('',#7624,#1913);
#1361=LINE('',#7629,#1914);
#1362=LINE('',#7631,#1915);
#1363=LINE('',#7633,#1916);
#1364=LINE('',#7634,#1917);
#1365=LINE('',#7637,#1918);
#1366=LINE('',#7639,#1919);
#1367=LINE('',#7640,#1920);
#1368=LINE('',#7643,#1921);
#1369=LINE('',#7645,#1922);
#1370=LINE('',#7646,#1923);
#1371=LINE('',#7648,#1924);
#1372=LINE('',#7649,#1925);
#1373=VECTOR('',#5106,10.);
#1374=VECTOR('',#5107,10.);
#1375=VECTOR('',#5108,10.);
#1376=VECTOR('',#5109,10.);
#1377=VECTOR('',#5112,10.);
#1378=VECTOR('',#5113,10.);
#1379=VECTOR('',#5114,10.);
#1380=VECTOR('',#5115,10.);
#1381=VECTOR('',#5118,10.);
#1382=VECTOR('',#5119,10.);
#1383=VECTOR('',#5120,10.);
#1384=VECTOR('',#5121,10.);
#1385=VECTOR('',#5124,10.);
#1386=VECTOR('',#5125,10.);
#1387=VECTOR('',#5126,10.);
#1388=VECTOR('',#5129,10.);
#1389=VECTOR('',#5130,10.);
#1390=VECTOR('',#5131,10.);
#1391=VECTOR('',#5134,10.);
#1392=VECTOR('',#5135,10.);
#1393=VECTOR('',#5136,10.);
#1394=VECTOR('',#5137,10.);
#1395=VECTOR('',#5142,5.);
#1396=VECTOR('',#5149,5.);
#1397=VECTOR('',#5154,10.);
#1398=VECTOR('',#5155,10.);
#1399=VECTOR('',#5156,10.);
#1400=VECTOR('',#5157,10.);
#1401=VECTOR('',#5158,10.);
#1402=VECTOR('',#5159,10.);
#1403=VECTOR('',#5160,10.);
#1404=VECTOR('',#5161,10.);
#1405=VECTOR('',#5162,10.);
#1406=VECTOR('',#5163,10.);
#1407=VECTOR('',#5164,10.);
#1408=VECTOR('',#5165,10.);
#1409=VECTOR('',#5166,10.);
#1410=VECTOR('',#5167,10.);
#1411=VECTOR('',#5168,10.);
#1412=VECTOR('',#5169,10.);
#1413=VECTOR('',#5170,10.);
#1414=VECTOR('',#5171,10.);
#1415=VECTOR('',#5172,10.);
#1416=VECTOR('',#5173,10.);
#1417=VECTOR('',#5174,10.);
#1418=VECTOR('',#5175,10.);
#1419=VECTOR('',#5176,10.);
#1420=VECTOR('',#5177,10.);
#1421=VECTOR('',#5178,10.);
#1422=VECTOR('',#5179,10.);
#1423=VECTOR('',#5182,10.);
#1424=VECTOR('',#5183,10.);
#1425=VECTOR('',#5184,10.);
#1426=VECTOR('',#5187,10.);
#1427=VECTOR('',#5188,10.);
#1428=VECTOR('',#5191,10.);
#1429=VECTOR('',#5192,10.);
#1430=VECTOR('',#5193,10.);
#1431=VECTOR('',#5194,10.);
#1432=VECTOR('',#5195,10.);
#1433=VECTOR('',#5198,10.);
#1434=VECTOR('',#5199,10.);
#1435=VECTOR('',#5200,10.);
#1436=VECTOR('',#5201,10.);
#1437=VECTOR('',#5202,10.);
#1438=VECTOR('',#5205,10.);
#1439=VECTOR('',#5206,10.);
#1440=VECTOR('',#5207,10.);
#1441=VECTOR('',#5210,10.);
#1442=VECTOR('',#5211,10.);
#1443=VECTOR('',#5216,2.00000002980232);
#1444=VECTOR('',#5223,1.99999999999999);
#1445=VECTOR('',#5230,2.);
#1446=VECTOR('',#5237,2.);
#1447=VECTOR('',#5242,10.);
#1448=VECTOR('',#5243,10.);
#1449=VECTOR('',#5244,10.);
#1450=VECTOR('',#5245,10.);
#1451=VECTOR('',#5248,10.);
#1452=VECTOR('',#5249,10.);
#1453=VECTOR('',#5250,10.);
#1454=VECTOR('',#5251,10.);
#1455=VECTOR('',#5254,10.);
#1456=VECTOR('',#5255,10.);
#1457=VECTOR('',#5256,10.);
#1458=VECTOR('',#5257,10.);
#1459=VECTOR('',#5260,10.);
#1460=VECTOR('',#5261,10.);
#1461=VECTOR('',#5264,10.);
#1462=VECTOR('',#5265,10.);
#1463=VECTOR('',#5266,10.);
#1464=VECTOR('',#5269,10.);
#1465=VECTOR('',#5270,10.);
#1466=VECTOR('',#5271,10.);
#1467=VECTOR('',#5274,10.);
#1468=VECTOR('',#5275,10.);
#1469=VECTOR('',#5276,10.);
#1470=VECTOR('',#5277,10.);
#1471=VECTOR('',#5280,10.);
#1472=VECTOR('',#5281,10.);
#1473=VECTOR('',#5282,10.);
#1474=VECTOR('',#5283,10.);
#1475=VECTOR('',#5286,10.);
#1476=VECTOR('',#5287,10.);
#1477=VECTOR('',#5288,10.);
#1478=VECTOR('',#5291,10.);
#1479=VECTOR('',#5292,10.);
#1480=VECTOR('',#5293,10.);
#1481=VECTOR('',#5296,10.);
#1482=VECTOR('',#5297,10.);
#1483=VECTOR('',#5298,10.);
#1484=VECTOR('',#5301,10.);
#1485=VECTOR('',#5302,10.);
#1486=VECTOR('',#5305,10.);
#1487=VECTOR('',#5306,10.);
#1488=VECTOR('',#5307,10.);
#1489=VECTOR('',#5310,10.);
#1490=VECTOR('',#5311,10.);
#1491=VECTOR('',#5314,10.);
#1492=VECTOR('',#5315,10.);
#1493=VECTOR('',#5316,10.);
#1494=VECTOR('',#5317,10.);
#1495=VECTOR('',#5318,10.);
#1496=VECTOR('',#5321,10.);
#1497=VECTOR('',#5322,10.);
#1498=VECTOR('',#5323,10.);
#1499=VECTOR('',#5324,10.);
#1500=VECTOR('',#5327,10.);
#1501=VECTOR('',#5328,10.);
#1502=VECTOR('',#5329,10.);
#1503=VECTOR('',#5330,10.);
#1504=VECTOR('',#5333,10.);
#1505=VECTOR('',#5334,10.);
#1506=VECTOR('',#5335,10.);
#1507=VECTOR('',#5338,10.);
#1508=VECTOR('',#5339,10.);
#1509=VECTOR('',#5342,10.);
#1510=VECTOR('',#5343,10.);
#1511=VECTOR('',#5346,10.);
#1512=VECTOR('',#5347,10.);
#1513=VECTOR('',#5350,10.);
#1514=VECTOR('',#5351,10.);
#1515=VECTOR('',#5352,10.);
#1516=VECTOR('',#5353,10.);
#1517=VECTOR('',#5354,10.);
#1518=VECTOR('',#5357,10.);
#1519=VECTOR('',#5358,10.);
#1520=VECTOR('',#5359,10.);
#1521=VECTOR('',#5360,10.);
#1522=VECTOR('',#5363,10.);
#1523=VECTOR('',#5364,10.);
#1524=VECTOR('',#5365,10.);
#1525=VECTOR('',#5368,10.);
#1526=VECTOR('',#5369,10.);
#1527=VECTOR('',#5370,10.);
#1528=VECTOR('',#5373,10.);
#1529=VECTOR('',#5374,10.);
#1530=VECTOR('',#5375,10.);
#1531=VECTOR('',#5376,10.);
#1532=VECTOR('',#5377,10.);
#1533=VECTOR('',#5380,10.);
#1534=VECTOR('',#5381,10.);
#1535=VECTOR('',#5382,10.);
#1536=VECTOR('',#5385,10.);
#1537=VECTOR('',#5386,10.);
#1538=VECTOR('',#5387,10.);
#1539=VECTOR('',#5390,10.);
#1540=VECTOR('',#5391,10.);
#1541=VECTOR('',#5394,10.);
#1542=VECTOR('',#5395,10.);
#1543=VECTOR('',#5396,10.);
#1544=VECTOR('',#5397,10.);
#1545=VECTOR('',#5400,10.);
#1546=VECTOR('',#5401,10.);
#1547=VECTOR('',#5402,10.);
#1548=VECTOR('',#5405,10.);
#1549=VECTOR('',#5406,10.);
#1550=VECTOR('',#5409,10.);
#1551=VECTOR('',#5410,10.);
#1552=VECTOR('',#5411,10.);
#1553=VECTOR('',#5412,10.);
#1554=VECTOR('',#5413,10.);
#1555=VECTOR('',#5416,10.);
#1556=VECTOR('',#5417,10.);
#1557=VECTOR('',#5418,10.);
#1558=VECTOR('',#5421,10.);
#1559=VECTOR('',#5422,10.);
#1560=VECTOR('',#5425,10.);
#1561=VECTOR('',#5426,10.);
#1562=VECTOR('',#5427,10.);
#1563=VECTOR('',#5430,10.);
#1564=VECTOR('',#5431,10.);
#1565=VECTOR('',#5434,10.);
#1566=VECTOR('',#5437,10.);
#1567=VECTOR('',#5438,10.);
#1568=VECTOR('',#5439,10.);
#1569=VECTOR('',#5442,10.);
#1570=VECTOR('',#5443,10.);
#1571=VECTOR('',#5446,10.);
#1572=VECTOR('',#5447,10.);
#1573=VECTOR('',#5452,10.);
#1574=VECTOR('',#5453,10.);
#1575=VECTOR('',#5456,10.);
#1576=VECTOR('',#5459,10.);
#1577=VECTOR('',#5460,10.);
#1578=VECTOR('',#5461,10.);
#1579=VECTOR('',#5462,10.);
#1580=VECTOR('',#5465,10.);
#1581=VECTOR('',#5466,10.);
#1582=VECTOR('',#5469,10.);
#1583=VECTOR('',#5470,10.);
#1584=VECTOR('',#5471,10.);
#1585=VECTOR('',#5474,10.);
#1586=VECTOR('',#5475,10.);
#1587=VECTOR('',#5476,10.);
#1588=VECTOR('',#5481,10.);
#1589=VECTOR('',#5482,10.);
#1590=VECTOR('',#5483,10.);
#1591=VECTOR('',#5484,10.);
#1592=VECTOR('',#5487,10.);
#1593=VECTOR('',#5488,10.);
#1594=VECTOR('',#5489,10.);
#1595=VECTOR('',#5490,10.);
#1596=VECTOR('',#5493,10.);
#1597=VECTOR('',#5494,10.);
#1598=VECTOR('',#5495,10.);
#1599=VECTOR('',#5498,10.);
#1600=VECTOR('',#5499,10.);
#1601=VECTOR('',#5500,10.);
#1602=VECTOR('',#5503,10.);
#1603=VECTOR('',#5504,10.);
#1604=VECTOR('',#5505,10.);
#1605=VECTOR('',#5506,10.);
#1606=VECTOR('',#5509,10.);
#1607=VECTOR('',#5510,10.);
#1608=VECTOR('',#5511,10.);
#1609=VECTOR('',#5512,10.);
#1610=VECTOR('',#5515,10.);
#1611=VECTOR('',#5516,10.);
#1612=VECTOR('',#5517,10.);
#1613=VECTOR('',#5518,10.);
#1614=VECTOR('',#5521,10.);
#1615=VECTOR('',#5522,10.);
#1616=VECTOR('',#5523,10.);
#1617=VECTOR('',#5524,10.);
#1618=VECTOR('',#5527,10.);
#1619=VECTOR('',#5528,10.);
#1620=VECTOR('',#5529,10.);
#1621=VECTOR('',#5530,10.);
#1622=VECTOR('',#5533,10.);
#1623=VECTOR('',#5534,10.);
#1624=VECTOR('',#5535,10.);
#1625=VECTOR('',#5538,10.);
#1626=VECTOR('',#5539,10.);
#1627=VECTOR('',#5540,10.);
#1628=VECTOR('',#5541,10.);
#1629=VECTOR('',#5544,10.);
#1630=VECTOR('',#5545,10.);
#1631=VECTOR('',#5546,10.);
#1632=VECTOR('',#5549,10.);
#1633=VECTOR('',#5550,10.);
#1634=VECTOR('',#5553,10.);
#1635=VECTOR('',#5554,10.);
#1636=VECTOR('',#5557,10.);
#1637=VECTOR('',#5558,10.);
#1638=VECTOR('',#5559,10.);
#1639=VECTOR('',#5562,10.);
#1640=VECTOR('',#5563,10.);
#1641=VECTOR('',#5564,10.);
#1642=VECTOR('',#5565,10.);
#1643=VECTOR('',#5566,10.);
#1644=VECTOR('',#5569,10.);
#1645=VECTOR('',#5570,10.);
#1646=VECTOR('',#5573,10.);
#1647=VECTOR('',#5574,10.);
#1648=VECTOR('',#5575,10.);
#1649=VECTOR('',#5576,10.);
#1650=VECTOR('',#5579,10.);
#1651=VECTOR('',#5580,10.);
#1652=VECTOR('',#5581,10.);
#1653=VECTOR('',#5584,10.);
#1654=VECTOR('',#5585,10.);
#1655=VECTOR('',#5586,10.);
#1656=VECTOR('',#5589,10.);
#1657=VECTOR('',#5592,10.);
#1658=VECTOR('',#5595,10.);
#1659=VECTOR('',#5596,10.);
#1660=VECTOR('',#5597,10.);
#1661=VECTOR('',#5598,10.);
#1662=VECTOR('',#5599,10.);
#1663=VECTOR('',#5600,10.);
#1664=VECTOR('',#5601,10.);
#1665=VECTOR('',#5602,10.);
#1666=VECTOR('',#5603,10.);
#1667=VECTOR('',#5604,10.);
#1668=VECTOR('',#5605,10.);
#1669=VECTOR('',#5606,10.);
#1670=VECTOR('',#5607,10.);
#1671=VECTOR('',#5608,10.);
#1672=VECTOR('',#5609,10.);
#1673=VECTOR('',#5612,10.);
#1674=VECTOR('',#5615,10.);
#1675=VECTOR('',#5616,10.);
#1676=VECTOR('',#5619,10.);
#1677=VECTOR('',#5620,10.);
#1678=VECTOR('',#5623,10.);
#1679=VECTOR('',#5630,10.);
#1680=VECTOR('',#5631,10.);
#1681=VECTOR('',#5632,10.);
#1682=VECTOR('',#5633,10.);
#1683=VECTOR('',#5636,10.);
#1684=VECTOR('',#5637,10.);
#1685=VECTOR('',#5638,10.);
#1686=VECTOR('',#5639,10.);
#1687=VECTOR('',#5640,10.);
#1688=VECTOR('',#5643,10.);
#1689=VECTOR('',#5644,10.);
#1690=VECTOR('',#5645,10.);
#1691=VECTOR('',#5648,10.);
#1692=VECTOR('',#5649,10.);
#1693=VECTOR('',#5650,10.);
#1694=VECTOR('',#5651,10.);
#1695=VECTOR('',#5654,10.);
#1696=VECTOR('',#5655,10.);
#1697=VECTOR('',#5658,10.);
#1698=VECTOR('',#5659,10.);
#1699=VECTOR('',#5662,10.);
#1700=VECTOR('',#5663,10.);
#1701=VECTOR('',#5664,10.);
#1702=VECTOR('',#5665,10.);
#1703=VECTOR('',#5666,10.);
#1704=VECTOR('',#5669,10.);
#1705=VECTOR('',#5670,10.);
#1706=VECTOR('',#5671,10.);
#1707=VECTOR('',#5674,10.);
#1708=VECTOR('',#5675,10.);
#1709=VECTOR('',#5676,10.);
#1710=VECTOR('',#5677,10.);
#1711=VECTOR('',#5680,10.);
#1712=VECTOR('',#5683,10.);
#1713=VECTOR('',#5684,10.);
#1714=VECTOR('',#5685,10.);
#1715=VECTOR('',#5688,10.);
#1716=VECTOR('',#5691,10.);
#1717=VECTOR('',#5692,10.);
#1718=VECTOR('',#5693,10.);
#1719=VECTOR('',#5694,10.);
#1720=VECTOR('',#5695,10.);
#1721=VECTOR('',#5700,10.);
#1722=VECTOR('',#5701,10.);
#1723=VECTOR('',#5702,10.);
#1724=VECTOR('',#5705,10.);
#1725=VECTOR('',#5708,10.);
#1726=VECTOR('',#5709,10.);
#1727=VECTOR('',#5712,10.);
#1728=VECTOR('',#5713,10.);
#1729=VECTOR('',#5714,10.);
#1730=VECTOR('',#5715,10.);
#1731=VECTOR('',#5718,10.);
#1732=VECTOR('',#5719,10.);
#1733=VECTOR('',#5722,10.);
#1734=VECTOR('',#5723,10.);
#1735=VECTOR('',#5726,10.);
#1736=VECTOR('',#5729,10.);
#1737=VECTOR('',#5732,10.);
#1738=VECTOR('',#5735,10.);
#1739=VECTOR('',#5738,10.);
#1740=VECTOR('',#5739,10.);
#1741=VECTOR('',#5742,10.);
#1742=VECTOR('',#5745,10.);
#1743=VECTOR('',#5746,10.);
#1744=VECTOR('',#5747,10.);
#1745=VECTOR('',#5748,10.);
#1746=VECTOR('',#5749,10.);
#1747=VECTOR('',#5750,10.);
#1748=VECTOR('',#5751,10.);
#1749=VECTOR('',#5752,10.);
#1750=VECTOR('',#5753,10.);
#1751=VECTOR('',#5754,10.);
#1752=VECTOR('',#5755,10.);
#1753=VECTOR('',#5756,10.);
#1754=VECTOR('',#5757,10.);
#1755=VECTOR('',#5758,10.);
#1756=VECTOR('',#5761,10.);
#1757=VECTOR('',#5762,10.);
#1758=VECTOR('',#5765,10.);
#1759=VECTOR('',#5768,10.);
#1760=VECTOR('',#5769,10.);
#1761=VECTOR('',#5770,10.);
#1762=VECTOR('',#5773,10.);
#1763=VECTOR('',#5774,10.);
#1764=VECTOR('',#5777,10.);
#1765=VECTOR('',#5778,10.);
#1766=VECTOR('',#5781,10.);
#1767=VECTOR('',#5782,10.);
#1768=VECTOR('',#5785,10.);
#1769=VECTOR('',#5786,10.);
#1770=VECTOR('',#5789,10.);
#1771=VECTOR('',#5790,10.);
#1772=VECTOR('',#5793,10.);
#1773=VECTOR('',#5794,10.);
#1774=VECTOR('',#5797,10.);
#1775=VECTOR('',#5798,10.);
#1776=VECTOR('',#5801,10.);
#1777=VECTOR('',#5802,10.);
#1778=VECTOR('',#5805,10.);
#1779=VECTOR('',#5806,10.);
#1780=VECTOR('',#5809,10.);
#1781=VECTOR('',#5810,10.);
#1782=VECTOR('',#5813,10.);
#1783=VECTOR('',#5814,10.);
#1784=VECTOR('',#5817,10.);
#1785=VECTOR('',#5820,10.);
#1786=VECTOR('',#5823,10.);
#1787=VECTOR('',#5828,10.);
#1788=VECTOR('',#5829,10.);
#1789=VECTOR('',#5830,10.);
#1790=VECTOR('',#5831,10.);
#1791=VECTOR('',#5834,10.);
#1792=VECTOR('',#5835,10.);
#1793=VECTOR('',#5836,10.);
#1794=VECTOR('',#5837,10.);
#1795=VECTOR('',#5840,10.);
#1796=VECTOR('',#5841,10.);
#1797=VECTOR('',#5844,10.);
#1798=VECTOR('',#5847,10.);
#1799=VECTOR('',#5854,2.5);
#1800=VECTOR('',#5861,10.);
#1801=VECTOR('',#5862,10.);
#1802=VECTOR('',#5863,10.);
#1803=VECTOR('',#5864,10.);
#1804=VECTOR('',#5867,10.);
#1805=VECTOR('',#5868,10.);
#1806=VECTOR('',#5869,10.);
#1807=VECTOR('',#5870,10.);
#1808=VECTOR('',#5871,10.);
#1809=VECTOR('',#5874,10.);
#1810=VECTOR('',#5875,10.);
#1811=VECTOR('',#5876,10.);
#1812=VECTOR('',#5877,10.);
#1813=VECTOR('',#5878,10.);
#1814=VECTOR('',#5881,10.);
#1815=VECTOR('',#5882,10.);
#1816=VECTOR('',#5883,10.);
#1817=VECTOR('',#5884,10.);
#1818=VECTOR('',#5885,10.);
#1819=VECTOR('',#5886,10.);
#1820=VECTOR('',#5887,10.);
#1821=VECTOR('',#5888,10.);
#1822=VECTOR('',#5889,10.);
#1823=VECTOR('',#5892,10.);
#1824=VECTOR('',#5893,10.);
#1825=VECTOR('',#5894,10.);
#1826=VECTOR('',#5897,10.);
#1827=VECTOR('',#5898,10.);
#1828=VECTOR('',#5899,10.);
#1829=VECTOR('',#5900,10.);
#1830=VECTOR('',#5903,10.);
#1831=VECTOR('',#5906,10.);
#1832=VECTOR('',#5907,10.);
#1833=VECTOR('',#5908,10.);
#1834=VECTOR('',#5911,10.);
#1835=VECTOR('',#5912,10.);
#1836=VECTOR('',#5913,10.);
#1837=VECTOR('',#5916,10.);
#1838=VECTOR('',#5917,10.);
#1839=VECTOR('',#5918,10.);
#1840=VECTOR('',#5919,10.);
#1841=VECTOR('',#5920,10.);
#1842=VECTOR('',#5923,10.);
#1843=VECTOR('',#5924,10.);
#1844=VECTOR('',#5925,10.);
#1845=VECTOR('',#5926,10.);
#1846=VECTOR('',#5927,10.);
#1847=VECTOR('',#5928,10.);
#1848=VECTOR('',#5935,10.);
#1849=VECTOR('',#5936,10.);
#1850=VECTOR('',#5937,10.);
#1851=VECTOR('',#5942,10.);
#1852=VECTOR('',#5945,10.);
#1853=VECTOR('',#5946,10.);
#1854=VECTOR('',#5947,10.);
#1855=VECTOR('',#5948,10.);
#1856=VECTOR('',#5951,10.);
#1857=VECTOR('',#5952,10.);
#1858=VECTOR('',#5955,10.);
#1859=VECTOR('',#5956,10.);
#1860=VECTOR('',#5957,10.);
#1861=VECTOR('',#5960,10.);
#1862=VECTOR('',#5963,10.);
#1863=VECTOR('',#5964,10.);
#1864=VECTOR('',#5967,10.);
#1865=VECTOR('',#5972,3.75);
#1866=VECTOR('',#5977,3.75);
#1867=VECTOR('',#5980,10.);
#1868=VECTOR('',#5989,6.25);
#1869=VECTOR('',#6000,4.69999999999999);
#1870=VECTOR('',#6009,6.25);
#1871=VECTOR('',#6020,4.69999999999999);
#1872=VECTOR('',#6029,3.50000000000001);
#1873=VECTOR('',#6036,5.);
#1874=VECTOR('',#6047,3.50000000000001);
#1875=VECTOR('',#6054,5.);
#1876=VECTOR('',#6065,4.75000000000001);
#1877=VECTOR('',#6072,6.25);
#1878=VECTOR('',#6083,4.75000000000001);
#1879=VECTOR('',#6090,6.25);
#1880=VECTOR('',#6101,3.50000000000001);
#1881=VECTOR('',#6108,5.00000292658829);
#1882=VECTOR('',#6119,3.50000000000001);
#1883=VECTOR('',#6126,5.00000292658829);
#1884=VECTOR('',#6137,3.50000000000001);
#1885=VECTOR('',#6144,5.00000292658829);
#1886=VECTOR('',#6155,4.75000000000001);
#1887=VECTOR('',#6162,6.25);
#1888=VECTOR('',#6173,4.75000000000001);
#1889=VECTOR('',#6180,6.25);
#1890=VECTOR('',#6191,3.50000000000001);
#1891=VECTOR('',#6198,5.00000292658829);
#1892=VECTOR('',#6209,5.00000258386176);
#1893=VECTOR('',#6220,3.44999999999999);
#1894=VECTOR('',#6229,5.00000271797216);
#1895=VECTOR('',#6240,3.44999999999999);
#1896=VECTOR('',#6249,4.49999999999999);
#1897=VECTOR('',#6256,3.75);
#1898=VECTOR('',#6263,5.);
#1899=VECTOR('',#6268,10.);
#1900=VECTOR('',#6269,10.);
#1901=VECTOR('',#6270,10.);
#1902=VECTOR('',#6271,10.);
#1903=VECTOR('',#6274,10.);
#1904=VECTOR('',#6275,10.);
#1905=VECTOR('',#6276,10.);
#1906=VECTOR('',#6279,10.);
#1907=VECTOR('',#6280,10.);
#1908=VECTOR('',#6281,10.);
#1909=VECTOR('',#6284,10.);
#1910=VECTOR('',#6285,10.);
#1911=VECTOR('',#6294,4.49999999999999);
#1912=VECTOR('',#6301,3.75);
#1913=VECTOR('',#6308,5.);
#1914=VECTOR('',#6313,10.);
#1915=VECTOR('',#6314,10.);
#1916=VECTOR('',#6315,10.);
#1917=VECTOR('',#6316,10.);
#1918=VECTOR('',#6319,10.);
#1919=VECTOR('',#6320,10.);
#1920=VECTOR('',#6321,10.);
#1921=VECTOR('',#6324,10.);
#1922=VECTOR('',#6325,10.);
#1923=VECTOR('',#6326,10.);
#1924=VECTOR('',#6329,10.);
#1925=VECTOR('',#6330,10.);
#1926=VERTEX_POINT('',#6337);
#1927=VERTEX_POINT('',#6338);
#1928=VERTEX_POINT('',#6340);
#1929=VERTEX_POINT('',#6342);
#1930=VERTEX_POINT('',#6346);
#1931=VERTEX_POINT('',#6347);
#1932=VERTEX_POINT('',#6349);
#1933=VERTEX_POINT('',#6351);
#1934=VERTEX_POINT('',#6355);
#1935=VERTEX_POINT('',#6356);
#1936=VERTEX_POINT('',#6358);
#1937=VERTEX_POINT('',#6360);
#1938=VERTEX_POINT('',#6364);
#1939=VERTEX_POINT('',#6366);
#1940=VERTEX_POINT('',#6370);
#1941=VERTEX_POINT('',#6372);
#1942=VERTEX_POINT('',#6376);
#1943=VERTEX_POINT('',#6377);
#1944=VERTEX_POINT('',#6379);
#1945=VERTEX_POINT('',#6381);
#1946=VERTEX_POINT('',#6385);
#1947=VERTEX_POINT('',#6387);
#1948=VERTEX_POINT('',#6391);
#1949=VERTEX_POINT('',#6393);
#1950=VERTEX_POINT('',#6397);
#1951=VERTEX_POINT('',#6399);
#1952=VERTEX_POINT('',#6401);
#1953=VERTEX_POINT('',#6403);
#1954=VERTEX_POINT('',#6405);
#1955=VERTEX_POINT('',#6407);
#1956=VERTEX_POINT('',#6409);
#1957=VERTEX_POINT('',#6411);
#1958=VERTEX_POINT('',#6413);
#1959=VERTEX_POINT('',#6415);
#1960=VERTEX_POINT('',#6417);
#1961=VERTEX_POINT('',#6419);
#1962=VERTEX_POINT('',#6421);
#1963=VERTEX_POINT('',#6423);
#1964=VERTEX_POINT('',#6425);
#1965=VERTEX_POINT('',#6428);
#1966=VERTEX_POINT('',#6431);
#1967=VERTEX_POINT('',#6432);
#1968=VERTEX_POINT('',#6434);
#1969=VERTEX_POINT('',#6436);
#1970=VERTEX_POINT('',#6439);
#1971=VERTEX_POINT('',#6440);
#1972=VERTEX_POINT('',#6442);
#1973=VERTEX_POINT('',#6444);
#1974=VERTEX_POINT('',#6448);
#1975=VERTEX_POINT('',#6450);
#1976=VERTEX_POINT('',#6457);
#1977=VERTEX_POINT('',#6459);
#1978=VERTEX_POINT('',#6461);
#1979=VERTEX_POINT('',#6466);
#1980=VERTEX_POINT('',#6468);
#1981=VERTEX_POINT('',#6470);
#1982=VERTEX_POINT('',#6475);
#1983=VERTEX_POINT('',#6477);
#1984=VERTEX_POINT('',#6481);
#1985=VERTEX_POINT('',#6485);
#1986=VERTEX_POINT('',#6487);
#1987=VERTEX_POINT('',#6491);
#1988=VERTEX_POINT('',#6493);
#1989=VERTEX_POINT('',#6497);
#1990=VERTEX_POINT('',#6499);
#1991=VERTEX_POINT('',#6503);
#1992=VERTEX_POINT('',#6505);
#1993=VERTEX_POINT('',#6509);
#1994=VERTEX_POINT('',#6510);
#1995=VERTEX_POINT('',#6512);
#1996=VERTEX_POINT('',#6514);
#1997=VERTEX_POINT('',#6518);
#1998=VERTEX_POINT('',#6519);
#1999=VERTEX_POINT('',#6521);
#2000=VERTEX_POINT('',#6523);
#2001=VERTEX_POINT('',#6527);
#2002=VERTEX_POINT('',#6528);
#2003=VERTEX_POINT('',#6530);
#2004=VERTEX_POINT('',#6532);
#2005=VERTEX_POINT('',#6539);
#2006=VERTEX_POINT('',#6541);
#2007=VERTEX_POINT('',#6545);
#2008=VERTEX_POINT('',#6547);
#2009=VERTEX_POINT('',#6551);
#2010=VERTEX_POINT('',#6552);
#2011=VERTEX_POINT('',#6554);
#2012=VERTEX_POINT('',#6556);
#2013=VERTEX_POINT('',#6560);
#2014=VERTEX_POINT('',#6561);
#2015=VERTEX_POINT('',#6563);
#2016=VERTEX_POINT('',#6565);
#2017=VERTEX_POINT('',#6569);
#2018=VERTEX_POINT('',#6571);
#2019=VERTEX_POINT('',#6575);
#2020=VERTEX_POINT('',#6577);
#2021=VERTEX_POINT('',#6581);
#2022=VERTEX_POINT('',#6583);
#2023=VERTEX_POINT('',#6590);
#2024=VERTEX_POINT('',#6592);
#2025=VERTEX_POINT('',#6599);
#2026=VERTEX_POINT('',#6601);
#2027=VERTEX_POINT('',#6603);
#2028=VERTEX_POINT('',#6605);
#2029=VERTEX_POINT('',#6609);
#2030=VERTEX_POINT('',#6610);
#2031=VERTEX_POINT('',#6612);
#2032=VERTEX_POINT('',#6614);
#2033=VERTEX_POINT('',#6618);
#2034=VERTEX_POINT('',#6619);
#2035=VERTEX_POINT('',#6621);
#2036=VERTEX_POINT('',#6623);
#2037=VERTEX_POINT('',#6627);
#2038=VERTEX_POINT('',#6628);
#2039=VERTEX_POINT('',#6636);
#2040=VERTEX_POINT('',#6640);
#2041=VERTEX_POINT('',#6644);
#2042=VERTEX_POINT('',#6646);
#2043=VERTEX_POINT('',#6648);
#2044=VERTEX_POINT('',#6650);
#2045=VERTEX_POINT('',#6654);
#2046=VERTEX_POINT('',#6655);
#2047=VERTEX_POINT('',#6657);
#2048=VERTEX_POINT('',#6659);
#2049=VERTEX_POINT('',#6663);
#2050=VERTEX_POINT('',#6665);
#2051=VERTEX_POINT('',#6669);
#2052=VERTEX_POINT('',#6671);
#2053=VERTEX_POINT('',#6676);
#2054=VERTEX_POINT('',#6677);
#2055=VERTEX_POINT('',#6679);
#2056=VERTEX_POINT('',#6681);
#2057=VERTEX_POINT('',#6685);
#2058=VERTEX_POINT('',#6687);
#2059=VERTEX_POINT('',#6691);
#2060=VERTEX_POINT('',#6693);
#2061=VERTEX_POINT('',#6700);
#2062=VERTEX_POINT('',#6701);
#2063=VERTEX_POINT('',#6703);
#2064=VERTEX_POINT('',#6705);
#2065=VERTEX_POINT('',#6709);
#2066=VERTEX_POINT('',#6711);
#2067=VERTEX_POINT('',#6715);
#2068=VERTEX_POINT('',#6719);
#2069=VERTEX_POINT('',#6721);
#2070=VERTEX_POINT('',#6723);
#2071=VERTEX_POINT('',#6725);
#2072=VERTEX_POINT('',#6729);
#2073=VERTEX_POINT('',#6731);
#2074=VERTEX_POINT('',#6735);
#2075=VERTEX_POINT('',#6739);
#2076=VERTEX_POINT('',#6741);
#2077=VERTEX_POINT('',#6745);
#2078=VERTEX_POINT('',#6751);
#2079=VERTEX_POINT('',#6753);
#2080=VERTEX_POINT('',#6764);
#2081=VERTEX_POINT('',#6770);
#2082=VERTEX_POINT('',#6772);
#2083=VERTEX_POINT('',#6774);
#2084=VERTEX_POINT('',#6778);
#2085=VERTEX_POINT('',#6782);
#2086=VERTEX_POINT('',#6784);
#2087=VERTEX_POINT('',#6793);
#2088=VERTEX_POINT('',#6794);
#2089=VERTEX_POINT('',#6796);
#2090=VERTEX_POINT('',#6798);
#2091=VERTEX_POINT('',#6802);
#2092=VERTEX_POINT('',#6803);
#2093=VERTEX_POINT('',#6805);
#2094=VERTEX_POINT('',#6807);
#2095=VERTEX_POINT('',#6811);
#2096=VERTEX_POINT('',#6813);
#2097=VERTEX_POINT('',#6817);
#2098=VERTEX_POINT('',#6819);
#2099=VERTEX_POINT('',#6823);
#2100=VERTEX_POINT('',#6825);
#2101=VERTEX_POINT('',#6827);
#2102=VERTEX_POINT('',#6831);
#2103=VERTEX_POINT('',#6833);
#2104=VERTEX_POINT('',#6835);
#2105=VERTEX_POINT('',#6839);
#2106=VERTEX_POINT('',#6841);
#2107=VERTEX_POINT('',#6843);
#2108=VERTEX_POINT('',#6847);
#2109=VERTEX_POINT('',#6848);
#2110=VERTEX_POINT('',#6850);
#2111=VERTEX_POINT('',#6852);
#2112=VERTEX_POINT('',#6856);
#2113=VERTEX_POINT('',#6857);
#2114=VERTEX_POINT('',#6859);
#2115=VERTEX_POINT('',#6861);
#2116=VERTEX_POINT('',#6865);
#2117=VERTEX_POINT('',#6867);
#2118=VERTEX_POINT('',#6871);
#2119=VERTEX_POINT('',#6873);
#2120=VERTEX_POINT('',#6875);
#2121=VERTEX_POINT('',#6879);
#2122=VERTEX_POINT('',#6880);
#2123=VERTEX_POINT('',#6885);
#2124=VERTEX_POINT('',#6889);
#2125=VERTEX_POINT('',#6893);
#2126=VERTEX_POINT('',#6895);
#2127=VERTEX_POINT('',#6901);
#2128=VERTEX_POINT('',#6906);
#2129=VERTEX_POINT('',#6910);
#2130=VERTEX_POINT('',#6911);
#2131=VERTEX_POINT('',#6913);
#2132=VERTEX_POINT('',#6915);
#2133=VERTEX_POINT('',#6919);
#2134=VERTEX_POINT('',#6921);
#2135=VERTEX_POINT('',#6925);
#2136=VERTEX_POINT('',#6927);
#2137=VERTEX_POINT('',#6935);
#2138=VERTEX_POINT('',#6937);
#2139=VERTEX_POINT('',#6939);
#2140=VERTEX_POINT('',#6944);
#2141=VERTEX_POINT('',#6946);
#2142=VERTEX_POINT('',#6948);
#2143=VERTEX_POINT('',#6950);
#2144=VERTEX_POINT('',#6952);
#2145=VERTEX_POINT('',#6955);
#2146=VERTEX_POINT('',#6957);
#2147=VERTEX_POINT('',#6963);
#2148=VERTEX_POINT('',#6967);
#2149=VERTEX_POINT('',#6975);
#2150=VERTEX_POINT('',#6976);
#2151=VERTEX_POINT('',#6978);
#2152=VERTEX_POINT('',#6980);
#2153=VERTEX_POINT('',#6984);
#2154=VERTEX_POINT('',#6985);
#2155=VERTEX_POINT('',#6987);
#2156=VERTEX_POINT('',#6989);
#2157=VERTEX_POINT('',#6994);
#2158=VERTEX_POINT('',#6996);
#2159=VERTEX_POINT('',#7000);
#2160=VERTEX_POINT('',#7001);
#2161=VERTEX_POINT('',#7003);
#2162=VERTEX_POINT('',#7005);
#2163=VERTEX_POINT('',#7009);
#2164=VERTEX_POINT('',#7016);
#2165=VERTEX_POINT('',#7018);
#2166=VERTEX_POINT('',#7020);
#2167=VERTEX_POINT('',#7025);
#2168=VERTEX_POINT('',#7030);
#2169=VERTEX_POINT('',#7032);
#2170=VERTEX_POINT('',#7039);
#2171=VERTEX_POINT('',#7046);
#2172=VERTEX_POINT('',#7050);
#2173=VERTEX_POINT('',#7055);
#2174=VERTEX_POINT('',#7057);
#2175=VERTEX_POINT('',#7063);
#2176=VERTEX_POINT('',#7067);
#2177=VERTEX_POINT('',#7068);
#2178=VERTEX_POINT('',#7070);
#2179=VERTEX_POINT('',#7072);
#2180=VERTEX_POINT('',#7079);
#2181=VERTEX_POINT('',#7091);
#2182=VERTEX_POINT('',#7097);
#2183=VERTEX_POINT('',#7099);
#2184=VERTEX_POINT('',#7101);
#2185=VERTEX_POINT('',#7103);
#2186=VERTEX_POINT('',#7105);
#2187=VERTEX_POINT('',#7107);
#2188=VERTEX_POINT('',#7109);
#2189=VERTEX_POINT('',#7111);
#2190=VERTEX_POINT('',#7113);
#2191=VERTEX_POINT('',#7115);
#2192=VERTEX_POINT('',#7117);
#2193=VERTEX_POINT('',#7119);
#2194=VERTEX_POINT('',#7121);
#2195=VERTEX_POINT('',#7130);
#2196=VERTEX_POINT('',#7132);
#2197=VERTEX_POINT('',#7136);
#2198=VERTEX_POINT('',#7140);
#2199=VERTEX_POINT('',#7144);
#2200=VERTEX_POINT('',#7148);
#2201=VERTEX_POINT('',#7152);
#2202=VERTEX_POINT('',#7156);
#2203=VERTEX_POINT('',#7160);
#2204=VERTEX_POINT('',#7164);
#2205=VERTEX_POINT('',#7168);
#2206=VERTEX_POINT('',#7172);
#2207=VERTEX_POINT('',#7176);
#2208=VERTEX_POINT('',#7187);
#2209=VERTEX_POINT('',#7188);
#2210=VERTEX_POINT('',#7190);
#2211=VERTEX_POINT('',#7192);
#2212=VERTEX_POINT('',#7196);
#2213=VERTEX_POINT('',#7197);
#2214=VERTEX_POINT('',#7199);
#2215=VERTEX_POINT('',#7201);
#2216=VERTEX_POINT('',#7213);
#2217=VERTEX_POINT('',#7215);
#2218=VERTEX_POINT('',#7220);
#2219=VERTEX_POINT('',#7221);
#2220=VERTEX_POINT('',#7223);
#2221=VERTEX_POINT('',#7225);
#2222=VERTEX_POINT('',#7229);
#2223=VERTEX_POINT('',#7230);
#2224=VERTEX_POINT('',#7232);
#2225=VERTEX_POINT('',#7235);
#2226=VERTEX_POINT('',#7239);
#2227=VERTEX_POINT('',#7240);
#2228=VERTEX_POINT('',#7243);
#2229=VERTEX_POINT('',#7245);
#2230=VERTEX_POINT('',#7249);
#2231=VERTEX_POINT('',#7250);
#2232=VERTEX_POINT('',#7253);
#2233=VERTEX_POINT('',#7255);
#2234=VERTEX_POINT('',#7257);
#2235=VERTEX_POINT('',#7259);
#2236=VERTEX_POINT('',#7261);
#2237=VERTEX_POINT('',#7263);
#2238=VERTEX_POINT('',#7267);
#2239=VERTEX_POINT('',#7269);
#2240=VERTEX_POINT('',#7273);
#2241=VERTEX_POINT('',#7275);
#2242=VERTEX_POINT('',#7277);
#2243=VERTEX_POINT('',#7283);
#2244=VERTEX_POINT('',#7285);
#2245=VERTEX_POINT('',#7289);
#2246=VERTEX_POINT('',#7294);
#2247=VERTEX_POINT('',#7295);
#2248=VERTEX_POINT('',#7297);
#2249=VERTEX_POINT('',#7300);
#2250=VERTEX_POINT('',#7305);
#2251=VERTEX_POINT('',#7307);
#2252=VERTEX_POINT('',#7309);
#2253=VERTEX_POINT('',#7311);
#2254=VERTEX_POINT('',#7314);
#2255=VERTEX_POINT('',#7316);
#2256=VERTEX_POINT('',#7319);
#2257=VERTEX_POINT('',#7321);
#2258=VERTEX_POINT('',#7324);
#2259=VERTEX_POINT('',#7329);
#2260=VERTEX_POINT('',#7330);
#2261=VERTEX_POINT('',#7332);
#2262=VERTEX_POINT('',#7334);
#2263=VERTEX_POINT('',#7342);
#2264=VERTEX_POINT('',#7348);
#2265=VERTEX_POINT('',#7357);
#2266=VERTEX_POINT('',#7365);
#2267=VERTEX_POINT('',#7367);
#2268=VERTEX_POINT('',#7371);
#2269=VERTEX_POINT('',#7374);
#2270=VERTEX_POINT('',#7380);
#2271=VERTEX_POINT('',#7382);
#2272=VERTEX_POINT('',#7386);
#2273=VERTEX_POINT('',#7389);
#2274=VERTEX_POINT('',#7395);
#2275=VERTEX_POINT('',#7397);
#2276=VERTEX_POINT('',#7401);
#2277=VERTEX_POINT('',#7403);
#2278=VERTEX_POINT('',#7409);
#2279=VERTEX_POINT('',#7411);
#2280=VERTEX_POINT('',#7415);
#2281=VERTEX_POINT('',#7417);
#2282=VERTEX_POINT('',#7423);
#2283=VERTEX_POINT('',#7425);
#2284=VERTEX_POINT('',#7429);
#2285=VERTEX_POINT('',#7431);
#2286=VERTEX_POINT('',#7437);
#2287=VERTEX_POINT('',#7439);
#2288=VERTEX_POINT('',#7443);
#2289=VERTEX_POINT('',#7445);
#2290=VERTEX_POINT('',#7451);
#2291=VERTEX_POINT('',#7453);
#2292=VERTEX_POINT('',#7457);
#2293=VERTEX_POINT('',#7459);
#2294=VERTEX_POINT('',#7465);
#2295=VERTEX_POINT('',#7467);
#2296=VERTEX_POINT('',#7471);
#2297=VERTEX_POINT('',#7473);
#2298=VERTEX_POINT('',#7479);
#2299=VERTEX_POINT('',#7481);
#2300=VERTEX_POINT('',#7485);
#2301=VERTEX_POINT('',#7487);
#2302=VERTEX_POINT('',#7493);
#2303=VERTEX_POINT('',#7495);
#2304=VERTEX_POINT('',#7499);
#2305=VERTEX_POINT('',#7501);
#2306=VERTEX_POINT('',#7507);
#2307=VERTEX_POINT('',#7509);
#2308=VERTEX_POINT('',#7513);
#2309=VERTEX_POINT('',#7515);
#2310=VERTEX_POINT('',#7521);
#2311=VERTEX_POINT('',#7523);
#2312=VERTEX_POINT('',#7527);
#2313=VERTEX_POINT('',#7529);
#2314=VERTEX_POINT('',#7535);
#2315=VERTEX_POINT('',#7537);
#2316=VERTEX_POINT('',#7541);
#2317=VERTEX_POINT('',#7544);
#2318=VERTEX_POINT('',#7550);
#2319=VERTEX_POINT('',#7552);
#2320=VERTEX_POINT('',#7556);
#2321=VERTEX_POINT('',#7559);
#2322=VERTEX_POINT('',#7565);
#2323=VERTEX_POINT('',#7567);
#2324=VERTEX_POINT('',#7571);
#2325=VERTEX_POINT('',#7573);
#2326=VERTEX_POINT('',#7577);
#2327=VERTEX_POINT('',#7579);
#2328=VERTEX_POINT('',#7583);
#2329=VERTEX_POINT('',#7584);
#2330=VERTEX_POINT('',#7586);
#2331=VERTEX_POINT('',#7588);
#2332=VERTEX_POINT('',#7592);
#2333=VERTEX_POINT('',#7594);
#2334=VERTEX_POINT('',#7598);
#2335=VERTEX_POINT('',#7600);
#2336=VERTEX_POINT('',#7609);
#2337=VERTEX_POINT('',#7611);
#2338=VERTEX_POINT('',#7615);
#2339=VERTEX_POINT('',#7617);
#2340=VERTEX_POINT('',#7621);
#2341=VERTEX_POINT('',#7623);
#2342=VERTEX_POINT('',#7627);
#2343=VERTEX_POINT('',#7628);
#2344=VERTEX_POINT('',#7630);
#2345=VERTEX_POINT('',#7632);
#2346=VERTEX_POINT('',#7636);
#2347=VERTEX_POINT('',#7638);
#2348=VERTEX_POINT('',#7642);
#2349=VERTEX_POINT('',#7644);
#2350=EDGE_CURVE('',#1926,#1927,#820,.T.);
#2351=EDGE_CURVE('',#1928,#1927,#821,.T.);
#2352=EDGE_CURVE('',#1929,#1928,#822,.T.);
#2353=EDGE_CURVE('',#1926,#1929,#823,.T.);
#2354=EDGE_CURVE('',#1930,#1931,#824,.T.);
#2355=EDGE_CURVE('',#1932,#1931,#825,.T.);
#2356=EDGE_CURVE('',#1933,#1932,#826,.T.);
#2357=EDGE_CURVE('',#1933,#1930,#827,.T.);
#2358=EDGE_CURVE('',#1934,#1935,#828,.T.);
#2359=EDGE_CURVE('',#1935,#1936,#829,.T.);
#2360=EDGE_CURVE('',#1937,#1936,#830,.T.);
#2361=EDGE_CURVE('',#1934,#1937,#831,.T.);
#2362=EDGE_CURVE('',#1938,#1930,#832,.T.);
#2363=EDGE_CURVE('',#1933,#1939,#833,.T.);
#2364=EDGE_CURVE('',#1939,#1938,#834,.T.);
#2365=EDGE_CURVE('',#1935,#1940,#835,.T.);
#2366=EDGE_CURVE('',#1940,#1941,#836,.T.);
#2367=EDGE_CURVE('',#1936,#1941,#837,.T.);
#2368=EDGE_CURVE('',#1942,#1943,#838,.T.);
#2369=EDGE_CURVE('',#1944,#1943,#839,.T.);
#2370=EDGE_CURVE('',#1945,#1944,#840,.T.);
#2371=EDGE_CURVE('',#1942,#1945,#841,.T.);
#2372=EDGE_CURVE('',#1946,#1946,#117,.T.);
#2373=EDGE_CURVE('',#1946,#1947,#842,.T.);
#2374=EDGE_CURVE('',#1947,#1947,#118,.T.);
#2375=EDGE_CURVE('',#1948,#1948,#119,.T.);
#2376=EDGE_CURVE('',#1948,#1949,#843,.T.);
#2377=EDGE_CURVE('',#1949,#1949,#120,.T.);
#2378=EDGE_CURVE('',#1950,#1938,#844,.T.);
#2379=EDGE_CURVE('',#1939,#1951,#845,.T.);
#2380=EDGE_CURVE('',#1951,#1952,#846,.T.);
#2381=EDGE_CURVE('',#1952,#1953,#847,.T.);
#2382=EDGE_CURVE('',#1953,#1954,#848,.T.);
#2383=EDGE_CURVE('',#1955,#1954,#849,.T.);
#2384=EDGE_CURVE('',#1955,#1956,#850,.T.);
#2385=EDGE_CURVE('',#1956,#1957,#851,.T.);
#2386=EDGE_CURVE('',#1957,#1958,#852,.T.);
#2387=EDGE_CURVE('',#1959,#1958,#853,.T.);
#2388=EDGE_CURVE('',#1960,#1959,#854,.T.);
#2389=EDGE_CURVE('',#1960,#1961,#855,.T.);
#2390=EDGE_CURVE('',#1961,#1962,#856,.T.);
#2391=EDGE_CURVE('',#1963,#1962,#857,.T.);
#2392=EDGE_CURVE('',#1963,#1964,#858,.T.);
#2393=EDGE_CURVE('',#1941,#1964,#859,.T.);
#2394=EDGE_CURVE('',#1965,#1940,#860,.T.);
#2395=EDGE_CURVE('',#1950,#1965,#861,.T.);
#2396=EDGE_CURVE('',#1966,#1967,#862,.T.);
#2397=EDGE_CURVE('',#1966,#1968,#863,.T.);
#2398=EDGE_CURVE('',#1968,#1969,#864,.T.);
#2399=EDGE_CURVE('',#1969,#1967,#865,.T.);
#2400=EDGE_CURVE('',#1970,#1971,#866,.T.);
#2401=EDGE_CURVE('',#1971,#1972,#867,.T.);
#2402=EDGE_CURVE('',#1972,#1973,#868,.T.);
#2403=EDGE_CURVE('',#1973,#1970,#869,.T.);
#2404=EDGE_CURVE('',#1974,#1950,#870,.T.);
#2405=EDGE_CURVE('',#1975,#1965,#871,.T.);
#2406=EDGE_CURVE('',#1974,#1975,#872,.T.);
#2407=EDGE_CURVE('',#1927,#1942,#873,.T.);
#2408=EDGE_CURVE('',#1928,#1945,#874,.T.);
#2409=EDGE_CURVE('',#1976,#1944,#875,.T.);
#2410=EDGE_CURVE('',#1977,#1976,#876,.T.);
#2411=EDGE_CURVE('',#1978,#1977,#877,.T.);
#2412=EDGE_CURVE('',#1978,#1975,#878,.T.);
#2413=EDGE_CURVE('',#1929,#1934,#879,.T.);
#2414=EDGE_CURVE('',#1979,#1974,#880,.T.);
#2415=EDGE_CURVE('',#1980,#1979,#881,.T.);
#2416=EDGE_CURVE('',#1981,#1980,#882,.T.);
#2417=EDGE_CURVE('',#1943,#1981,#883,.T.);
#2418=EDGE_CURVE('',#1931,#1926,#884,.T.);
#2419=EDGE_CURVE('',#1977,#1982,#885,.T.);
#2420=EDGE_CURVE('',#1983,#1982,#886,.T.);
#2421=EDGE_CURVE('',#1978,#1983,#887,.T.);
#2422=EDGE_CURVE('',#1976,#1984,#888,.T.);
#2423=EDGE_CURVE('',#1982,#1984,#889,.T.);
#2424=EDGE_CURVE('',#1985,#1985,#121,.T.);
#2425=EDGE_CURVE('',#1985,#1986,#890,.T.);
#2426=EDGE_CURVE('',#1986,#1986,#122,.T.);
#2427=EDGE_CURVE('',#1987,#1987,#123,.T.);
#2428=EDGE_CURVE('',#1987,#1988,#891,.T.);
#2429=EDGE_CURVE('',#1988,#1988,#124,.T.);
#2430=EDGE_CURVE('',#1989,#1989,#125,.T.);
#2431=EDGE_CURVE('',#1989,#1990,#892,.T.);
#2432=EDGE_CURVE('',#1990,#1990,#126,.T.);
#2433=EDGE_CURVE('',#1991,#1991,#127,.T.);
#2434=EDGE_CURVE('',#1991,#1992,#893,.T.);
#2435=EDGE_CURVE('',#1992,#1992,#128,.T.);
#2436=EDGE_CURVE('',#1993,#1994,#894,.T.);
#2437=EDGE_CURVE('',#1993,#1995,#895,.T.);
#2438=EDGE_CURVE('',#1996,#1995,#896,.T.);
#2439=EDGE_CURVE('',#1994,#1996,#897,.T.);
#2440=EDGE_CURVE('',#1997,#1998,#898,.T.);
#2441=EDGE_CURVE('',#1997,#1999,#899,.T.);
#2442=EDGE_CURVE('',#2000,#1999,#900,.T.);
#2443=EDGE_CURVE('',#1998,#2000,#901,.T.);
#2444=EDGE_CURVE('',#2001,#2002,#902,.T.);
#2445=EDGE_CURVE('',#2003,#2001,#903,.T.);
#2446=EDGE_CURVE('',#2004,#2003,#904,.T.);
#2447=EDGE_CURVE('',#2004,#2002,#905,.T.);
#2448=EDGE_CURVE('',#1998,#1993,#906,.T.);
#2449=EDGE_CURVE('',#1995,#2000,#907,.T.);
#2450=EDGE_CURVE('',#2005,#2001,#908,.T.);
#2451=EDGE_CURVE('',#2006,#2005,#909,.T.);
#2452=EDGE_CURVE('',#2003,#2006,#910,.T.);
#2453=EDGE_CURVE('',#2007,#2005,#911,.T.);
#2454=EDGE_CURVE('',#2008,#2007,#912,.T.);
#2455=EDGE_CURVE('',#2006,#2008,#913,.T.);
#2456=EDGE_CURVE('',#2009,#2010,#914,.T.);
#2457=EDGE_CURVE('',#2011,#2009,#915,.T.);
#2458=EDGE_CURVE('',#2012,#2011,#916,.T.);
#2459=EDGE_CURVE('',#2012,#2010,#917,.T.);
#2460=EDGE_CURVE('',#2013,#2014,#918,.T.);
#2461=EDGE_CURVE('',#2013,#2015,#919,.T.);
#2462=EDGE_CURVE('',#2016,#2015,#920,.T.);
#2463=EDGE_CURVE('',#2014,#2016,#921,.T.);
#2464=EDGE_CURVE('',#2017,#2009,#922,.T.);
#2465=EDGE_CURVE('',#2018,#2017,#923,.T.);
#2466=EDGE_CURVE('',#2011,#2018,#924,.T.);
#2467=EDGE_CURVE('',#2014,#2019,#925,.T.);
#2468=EDGE_CURVE('',#2020,#2016,#926,.T.);
#2469=EDGE_CURVE('',#2019,#2020,#927,.T.);
#2470=EDGE_CURVE('',#2010,#2021,#928,.T.);
#2471=EDGE_CURVE('',#2022,#2012,#929,.T.);
#2472=EDGE_CURVE('',#2022,#2021,#930,.T.);
#2473=EDGE_CURVE('',#2021,#2017,#931,.T.);
#2474=EDGE_CURVE('',#2018,#2022,#932,.T.);
#2475=EDGE_CURVE('',#2019,#2023,#933,.T.);
#2476=EDGE_CURVE('',#2024,#2020,#934,.T.);
#2477=EDGE_CURVE('',#2023,#2024,#935,.T.);
#2478=EDGE_CURVE('',#2023,#2013,#936,.T.);
#2479=EDGE_CURVE('',#2015,#2024,#937,.T.);
#2480=EDGE_CURVE('',#2025,#2002,#938,.T.);
#2481=EDGE_CURVE('',#2026,#2025,#939,.T.);
#2482=EDGE_CURVE('',#2026,#2027,#940,.T.);
#2483=EDGE_CURVE('',#2027,#2028,#941,.T.);
#2484=EDGE_CURVE('',#2007,#2028,#942,.T.);
#2485=EDGE_CURVE('',#2029,#2030,#943,.T.);
#2486=EDGE_CURVE('',#2031,#2029,#944,.T.);
#2487=EDGE_CURVE('',#2032,#2031,#945,.T.);
#2488=EDGE_CURVE('',#2032,#2030,#946,.T.);
#2489=EDGE_CURVE('',#2033,#2034,#947,.T.);
#2490=EDGE_CURVE('',#2035,#2033,#948,.T.);
#2491=EDGE_CURVE('',#2036,#2035,#949,.T.);
#2492=EDGE_CURVE('',#2036,#2034,#950,.T.);
#2493=EDGE_CURVE('',#2037,#2038,#951,.T.);
#2494=EDGE_CURVE('',#2037,#1970,#952,.T.);
#2495=EDGE_CURVE('',#2038,#1973,#953,.T.);
#2496=EDGE_CURVE('',#2034,#2029,#954,.T.);
#2497=EDGE_CURVE('',#2031,#2036,#955,.T.);
#2498=EDGE_CURVE('',#2039,#2037,#956,.T.);
#2499=EDGE_CURVE('',#2039,#1971,#957,.T.);
#2500=EDGE_CURVE('',#2040,#2039,#958,.T.);
#2501=EDGE_CURVE('',#2040,#1972,#959,.T.);
#2502=EDGE_CURVE('',#2041,#2038,#960,.T.);
#2503=EDGE_CURVE('',#2041,#2042,#961,.T.);
#2504=EDGE_CURVE('',#2043,#2042,#962,.T.);
#2505=EDGE_CURVE('',#2044,#2043,#963,.T.);
#2506=EDGE_CURVE('',#2040,#2044,#964,.T.);
#2507=EDGE_CURVE('',#2045,#2046,#965,.T.);
#2508=EDGE_CURVE('',#2045,#2047,#966,.T.);
#2509=EDGE_CURVE('',#2047,#2048,#967,.T.);
#2510=EDGE_CURVE('',#2046,#2048,#968,.T.);
#2511=EDGE_CURVE('',#2049,#2045,#969,.T.);
#2512=EDGE_CURVE('',#2049,#2050,#970,.T.);
#2513=EDGE_CURVE('',#2050,#2047,#971,.T.);
#2514=EDGE_CURVE('',#2051,#2049,#972,.T.);
#2515=EDGE_CURVE('',#2051,#2052,#973,.T.);
#2516=EDGE_CURVE('',#2052,#2050,#974,.T.);
#2517=EDGE_CURVE('',#2048,#2052,#975,.T.);
#2518=EDGE_CURVE('',#2053,#2054,#976,.T.);
#2519=EDGE_CURVE('',#2055,#2053,#977,.T.);
#2520=EDGE_CURVE('',#2056,#2055,#978,.T.);
#2521=EDGE_CURVE('',#2054,#2056,#979,.T.);
#2522=EDGE_CURVE('',#2057,#1952,#980,.T.);
#2523=EDGE_CURVE('',#2057,#2058,#981,.T.);
#2524=EDGE_CURVE('',#2058,#1953,#982,.T.);
#2525=EDGE_CURVE('',#2059,#2057,#983,.T.);
#2526=EDGE_CURVE('',#2059,#2060,#984,.T.);
#2527=EDGE_CURVE('',#2060,#2058,#985,.T.);
#2528=EDGE_CURVE('',#1955,#2059,#986,.T.);
#2529=EDGE_CURVE('',#1954,#2060,#987,.T.);
#2530=EDGE_CURVE('',#2061,#2062,#988,.T.);
#2531=EDGE_CURVE('',#2063,#2061,#989,.T.);
#2532=EDGE_CURVE('',#2064,#2063,#990,.T.);
#2533=EDGE_CURVE('',#2062,#2064,#991,.T.);
#2534=EDGE_CURVE('',#2053,#2065,#992,.T.);
#2535=EDGE_CURVE('',#2066,#2065,#993,.T.);
#2536=EDGE_CURVE('',#2055,#2066,#994,.T.);
#2537=EDGE_CURVE('',#2054,#2067,#995,.T.);
#2538=EDGE_CURVE('',#2065,#2067,#996,.T.);
#2539=EDGE_CURVE('',#2068,#2046,#997,.T.);
#2540=EDGE_CURVE('',#2068,#2069,#998,.T.);
#2541=EDGE_CURVE('',#2070,#2069,#999,.T.);
#2542=EDGE_CURVE('',#2071,#2070,#1000,.T.);
#2543=EDGE_CURVE('',#2051,#2071,#1001,.T.);
#2544=EDGE_CURVE('',#2061,#2072,#1002,.T.);
#2545=EDGE_CURVE('',#2073,#2072,#1003,.T.);
#2546=EDGE_CURVE('',#2063,#2073,#1004,.T.);
#2547=EDGE_CURVE('',#2062,#2074,#1005,.T.);
#2548=EDGE_CURVE('',#2072,#2074,#1006,.T.);
#2549=EDGE_CURVE('',#2075,#1951,#1007,.T.);
#2550=EDGE_CURVE('',#2075,#2076,#1008,.T.);
#2551=EDGE_CURVE('',#2076,#1956,#1009,.T.);
#2552=EDGE_CURVE('',#2077,#2073,#1010,.T.);
#2553=EDGE_CURVE('',#2064,#2077,#1011,.T.);
#2554=EDGE_CURVE('',#2074,#2077,#1012,.T.);
#2555=EDGE_CURVE('',#2075,#2078,#1013,.T.);
#2556=EDGE_CURVE('',#2079,#2078,#1014,.T.);
#2557=EDGE_CURVE('',#2076,#2079,#1015,.T.);
#2558=EDGE_CURVE('',#2042,#2079,#1016,.T.);
#2559=EDGE_CURVE('',#1956,#2041,#1017,.T.);
#2560=EDGE_CURVE('',#2044,#1951,#1018,.T.);
#2561=EDGE_CURVE('',#2078,#2043,#1019,.T.);
#2562=EDGE_CURVE('',#2080,#2066,#1020,.T.);
#2563=EDGE_CURVE('',#2056,#2080,#1021,.T.);
#2564=EDGE_CURVE('',#2067,#2080,#1022,.T.);
#2565=EDGE_CURVE('',#2081,#2068,#1023,.T.);
#2566=EDGE_CURVE('',#2081,#2082,#1024,.T.);
#2567=EDGE_CURVE('',#2083,#2082,#1025,.T.);
#2568=EDGE_CURVE('',#2069,#2083,#1026,.T.);
#2569=EDGE_CURVE('',#2084,#2083,#1027,.T.);
#2570=EDGE_CURVE('',#2070,#2084,#1028,.T.);
#2571=EDGE_CURVE('',#2071,#2085,#1029,.T.);
#2572=EDGE_CURVE('',#2086,#2084,#1030,.T.);
#2573=EDGE_CURVE('',#2085,#2086,#1031,.T.);
#2574=EDGE_CURVE('',#2085,#2030,#1032,.T.);
#2575=EDGE_CURVE('',#2082,#2086,#1033,.T.);
#2576=EDGE_CURVE('',#2033,#2081,#1034,.T.);
#2577=EDGE_CURVE('',#2087,#2088,#1035,.T.);
#2578=EDGE_CURVE('',#2089,#2087,#1036,.T.);
#2579=EDGE_CURVE('',#2090,#2089,#1037,.T.);
#2580=EDGE_CURVE('',#2090,#2088,#1038,.T.);
#2581=EDGE_CURVE('',#2091,#2092,#1039,.T.);
#2582=EDGE_CURVE('',#2091,#2093,#1040,.T.);
#2583=EDGE_CURVE('',#2094,#2093,#1041,.T.);
#2584=EDGE_CURVE('',#2092,#2094,#1042,.T.);
#2585=EDGE_CURVE('',#2088,#2095,#1043,.T.);
#2586=EDGE_CURVE('',#2096,#2090,#1044,.T.);
#2587=EDGE_CURVE('',#2096,#2095,#1045,.T.);
#2588=EDGE_CURVE('',#2097,#2091,#1046,.T.);
#2589=EDGE_CURVE('',#2097,#2098,#1047,.T.);
#2590=EDGE_CURVE('',#2093,#2098,#1048,.T.);
#2591=EDGE_CURVE('',#2099,#2098,#1049,.T.);
#2592=EDGE_CURVE('',#2099,#2100,#1050,.T.);
#2593=EDGE_CURVE('',#2101,#2100,#1051,.T.);
#2594=EDGE_CURVE('',#2094,#2101,#1052,.T.);
#2595=EDGE_CURVE('',#2102,#2095,#1053,.T.);
#2596=EDGE_CURVE('',#2102,#2103,#1054,.T.);
#2597=EDGE_CURVE('',#2103,#2104,#1055,.T.);
#2598=EDGE_CURVE('',#2087,#2104,#1056,.T.);
#2599=EDGE_CURVE('',#2089,#2105,#1057,.T.);
#2600=EDGE_CURVE('',#2106,#2105,#1058,.T.);
#2601=EDGE_CURVE('',#2107,#2106,#1059,.T.);
#2602=EDGE_CURVE('',#2096,#2107,#1060,.T.);
#2603=EDGE_CURVE('',#2108,#2109,#1061,.T.);
#2604=EDGE_CURVE('',#2110,#2108,#1062,.T.);
#2605=EDGE_CURVE('',#2111,#2110,#1063,.T.);
#2606=EDGE_CURVE('',#2109,#2111,#1064,.T.);
#2607=EDGE_CURVE('',#2112,#2113,#1065,.T.);
#2608=EDGE_CURVE('',#2112,#2114,#1066,.T.);
#2609=EDGE_CURVE('',#2115,#2114,#1067,.T.);
#2610=EDGE_CURVE('',#2113,#2115,#1068,.T.);
#2611=EDGE_CURVE('',#2116,#2110,#1069,.T.);
#2612=EDGE_CURVE('',#2117,#2116,#1070,.T.);
#2613=EDGE_CURVE('',#2111,#2117,#1071,.T.);
#2614=EDGE_CURVE('',#2108,#2118,#1072,.T.);
#2615=EDGE_CURVE('',#2118,#2119,#1073,.T.);
#2616=EDGE_CURVE('',#2119,#2120,#1074,.T.);
#2617=EDGE_CURVE('',#2120,#2116,#1075,.T.);
#2618=EDGE_CURVE('',#2121,#2122,#1076,.T.);
#2619=EDGE_CURVE('',#1967,#2121,#1077,.T.);
#2620=EDGE_CURVE('',#2122,#1969,#1078,.T.);
#2621=EDGE_CURVE('',#2123,#2121,#1079,.T.);
#2622=EDGE_CURVE('',#1966,#2123,#1080,.T.);
#2623=EDGE_CURVE('',#2124,#2122,#1081,.T.);
#2624=EDGE_CURVE('',#2123,#2124,#1082,.T.);
#2625=EDGE_CURVE('',#2125,#2027,#1083,.T.);
#2626=EDGE_CURVE('',#2126,#2125,#1084,.T.);
#2627=EDGE_CURVE('',#2028,#2126,#1085,.T.);
#2628=EDGE_CURVE('',#1994,#2126,#1086,.T.);
#2629=EDGE_CURVE('',#1999,#1996,#1087,.T.);
#2630=EDGE_CURVE('',#2127,#1997,#1088,.T.);
#2631=EDGE_CURVE('',#2025,#2127,#1089,.T.);
#2632=EDGE_CURVE('',#2008,#2004,#1090,.T.);
#2633=EDGE_CURVE('',#2128,#2125,#1091,.T.);
#2634=EDGE_CURVE('',#2127,#2128,#1092,.T.);
#2635=EDGE_CURVE('',#2129,#2130,#1093,.T.);
#2636=EDGE_CURVE('',#2129,#2131,#1094,.T.);
#2637=EDGE_CURVE('',#2132,#2131,#1095,.T.);
#2638=EDGE_CURVE('',#2130,#2132,#1096,.T.);
#2639=EDGE_CURVE('',#2130,#2133,#1097,.T.);
#2640=EDGE_CURVE('',#2134,#2132,#1098,.T.);
#2641=EDGE_CURVE('',#2133,#2134,#1099,.T.);
#2642=EDGE_CURVE('',#2133,#2135,#1100,.T.);
#2643=EDGE_CURVE('',#2136,#2134,#1101,.T.);
#2644=EDGE_CURVE('',#2135,#2136,#1102,.T.);
#2645=EDGE_CURVE('',#2131,#2136,#1103,.T.);
#2646=EDGE_CURVE('',#2026,#2128,#1104,.T.);
#2647=EDGE_CURVE('',#1932,#2137,#1105,.T.);
#2648=EDGE_CURVE('',#2137,#2138,#1106,.T.);
#2649=EDGE_CURVE('',#2139,#2138,#1107,.T.);
#2650=EDGE_CURVE('',#2071,#2139,#1108,.T.);
#2651=EDGE_CURVE('',#2035,#2032,#1109,.T.);
#2652=EDGE_CURVE('',#2129,#2068,#1110,.T.);
#2653=EDGE_CURVE('',#2140,#2135,#1111,.T.);
#2654=EDGE_CURVE('',#2140,#2141,#1112,.T.);
#2655=EDGE_CURVE('',#2141,#2142,#1113,.T.);
#2656=EDGE_CURVE('',#2142,#2143,#1114,.T.);
#2657=EDGE_CURVE('',#2143,#2144,#1115,.T.);
#2658=EDGE_CURVE('',#2144,#1961,#1116,.T.);
#2659=EDGE_CURVE('',#1960,#2145,#1117,.T.);
#2660=EDGE_CURVE('',#2145,#2146,#1118,.T.);
#2661=EDGE_CURVE('',#2146,#1957,#1119,.T.);
#2662=EDGE_CURVE('',#2124,#1968,#1120,.T.);
#2663=EDGE_CURVE('',#2147,#1959,#1121,.T.);
#2664=EDGE_CURVE('',#2145,#2147,#1122,.T.);
#2665=EDGE_CURVE('',#2148,#2147,#1123,.T.);
#2666=EDGE_CURVE('',#2146,#2148,#1124,.T.);
#2667=EDGE_CURVE('',#1958,#2148,#1125,.T.);
#2668=EDGE_CURVE('',#2149,#2150,#1126,.T.);
#2669=EDGE_CURVE('',#2150,#2151,#1127,.T.);
#2670=EDGE_CURVE('',#2151,#2152,#1128,.T.);
#2671=EDGE_CURVE('',#2152,#2149,#1129,.T.);
#2672=EDGE_CURVE('',#2153,#2154,#1130,.T.);
#2673=EDGE_CURVE('',#2154,#2155,#1131,.T.);
#2674=EDGE_CURVE('',#2155,#2156,#1132,.T.);
#2675=EDGE_CURVE('',#2156,#2101,#1133,.T.);
#2676=EDGE_CURVE('',#2100,#2153,#1134,.T.);
#2677=EDGE_CURVE('',#2157,#2103,#1135,.T.);
#2678=EDGE_CURVE('',#2158,#2157,#1136,.T.);
#2679=EDGE_CURVE('',#2158,#2104,#1137,.T.);
#2680=EDGE_CURVE('',#2159,#2160,#1138,.T.);
#2681=EDGE_CURVE('',#2159,#2161,#1139,.T.);
#2682=EDGE_CURVE('',#2162,#2161,#1140,.T.);
#2683=EDGE_CURVE('',#2160,#2162,#1141,.T.);
#2684=EDGE_CURVE('',#2117,#2163,#1142,.T.);
#2685=EDGE_CURVE('',#2163,#2120,#1143,.T.);
#2686=EDGE_CURVE('',#2160,#2114,#1144,.T.);
#2687=EDGE_CURVE('',#2115,#2162,#1145,.T.);
#2688=EDGE_CURVE('',#2164,#2141,#1146,.T.);
#2689=EDGE_CURVE('',#2165,#2164,#1147,.T.);
#2690=EDGE_CURVE('',#2166,#2165,#1148,.T.);
#2691=EDGE_CURVE('',#2166,#2119,#1149,.T.);
#2692=EDGE_CURVE('',#2142,#2118,#1150,.T.);
#2693=EDGE_CURVE('',#2167,#2113,#1151,.T.);
#2694=EDGE_CURVE('',#2143,#2167,#1152,.T.);
#2695=EDGE_CURVE('',#2109,#2112,#1153,.T.);
#2696=EDGE_CURVE('',#2168,#2167,#1154,.T.);
#2697=EDGE_CURVE('',#2169,#2168,#1155,.T.);
#2698=EDGE_CURVE('',#2154,#2169,#1156,.T.);
#2699=EDGE_CURVE('',#2144,#2153,#1157,.T.);
#2700=EDGE_CURVE('',#2161,#2168,#1158,.T.);
#2701=EDGE_CURVE('',#2140,#2170,#1159,.T.);
#2702=EDGE_CURVE('',#2107,#2170,#1160,.T.);
#2703=EDGE_CURVE('',#2164,#2106,#1161,.T.);
#2704=EDGE_CURVE('',#1962,#2099,#1162,.T.);
#2705=EDGE_CURVE('',#2149,#2171,#1163,.T.);
#2706=EDGE_CURVE('',#2169,#2171,#1164,.T.);
#2707=EDGE_CURVE('',#2163,#2159,#1165,.T.);
#2708=EDGE_CURVE('',#2172,#2166,#1166,.T.);
#2709=EDGE_CURVE('',#2150,#2172,#1167,.T.);
#2710=EDGE_CURVE('',#2155,#2173,#1168,.T.);
#2711=EDGE_CURVE('',#2174,#2173,#1169,.T.);
#2712=EDGE_CURVE('',#2156,#2174,#1170,.T.);
#2713=EDGE_CURVE('',#2173,#2169,#1171,.T.);
#2714=EDGE_CURVE('',#2152,#2175,#1172,.T.);
#2715=EDGE_CURVE('',#2171,#2175,#1173,.T.);
#2716=EDGE_CURVE('',#2176,#2177,#1174,.T.);
#2717=EDGE_CURVE('',#2176,#2178,#1175,.T.);
#2718=EDGE_CURVE('',#2179,#2178,#1176,.T.);
#2719=EDGE_CURVE('',#2177,#2179,#1177,.T.);
#2720=EDGE_CURVE('',#2177,#2165,#1178,.T.);
#2721=EDGE_CURVE('',#2166,#2179,#1179,.T.);
#2722=EDGE_CURVE('',#2180,#2172,#1180,.T.);
#2723=EDGE_CURVE('',#2151,#2180,#1181,.T.);
#2724=EDGE_CURVE('',#2175,#2180,#1182,.T.);
#2725=EDGE_CURVE('',#2178,#2174,#1183,.T.);
#2726=EDGE_CURVE('',#2105,#2176,#1184,.T.);
#2727=EDGE_CURVE('',#2092,#2158,#1185,.T.);
#2728=EDGE_CURVE('',#2181,#2157,#1186,.T.);
#2729=EDGE_CURVE('',#2097,#2181,#1187,.T.);
#2730=EDGE_CURVE('',#2181,#2102,#1188,.T.);
#2731=EDGE_CURVE('',#2170,#2182,#1189,.T.);
#2732=EDGE_CURVE('',#2182,#2183,#1190,.T.);
#2733=EDGE_CURVE('',#2183,#2184,#1191,.T.);
#2734=EDGE_CURVE('',#2184,#2185,#1192,.T.);
#2735=EDGE_CURVE('',#2185,#2186,#1193,.T.);
#2736=EDGE_CURVE('',#2186,#2187,#1194,.T.);
#2737=EDGE_CURVE('',#2187,#2188,#1195,.T.);
#2738=EDGE_CURVE('',#2188,#2189,#1196,.T.);
#2739=EDGE_CURVE('',#2189,#2190,#1197,.T.);
#2740=EDGE_CURVE('',#2190,#2191,#1198,.T.);
#2741=EDGE_CURVE('',#2191,#2192,#1199,.T.);
#2742=EDGE_CURVE('',#2192,#2193,#1200,.T.);
#2743=EDGE_CURVE('',#2193,#2194,#1201,.T.);
#2744=EDGE_CURVE('',#2194,#1963,#1202,.T.);
#2745=EDGE_CURVE('',#2138,#1980,#1203,.T.);
#2746=EDGE_CURVE('',#2137,#1981,#1204,.T.);
#2747=EDGE_CURVE('',#2139,#1979,#1205,.T.);
#2748=EDGE_CURVE('',#2182,#2195,#1206,.T.);
#2749=EDGE_CURVE('',#2196,#2195,#1207,.T.);
#2750=EDGE_CURVE('',#2183,#2196,#1208,.T.);
#2751=EDGE_CURVE('',#2197,#2196,#1209,.T.);
#2752=EDGE_CURVE('',#2184,#2197,#1210,.T.);
#2753=EDGE_CURVE('',#2198,#2197,#1211,.T.);
#2754=EDGE_CURVE('',#2185,#2198,#1212,.T.);
#2755=EDGE_CURVE('',#2199,#2198,#1213,.T.);
#2756=EDGE_CURVE('',#2186,#2199,#1214,.T.);
#2757=EDGE_CURVE('',#2200,#2199,#1215,.T.);
#2758=EDGE_CURVE('',#2187,#2200,#1216,.T.);
#2759=EDGE_CURVE('',#2201,#2200,#1217,.T.);
#2760=EDGE_CURVE('',#2188,#2201,#1218,.T.);
#2761=EDGE_CURVE('',#2202,#2201,#1219,.T.);
#2762=EDGE_CURVE('',#2189,#2202,#1220,.T.);
#2763=EDGE_CURVE('',#2203,#2202,#1221,.T.);
#2764=EDGE_CURVE('',#2190,#2203,#1222,.T.);
#2765=EDGE_CURVE('',#2204,#2203,#1223,.T.);
#2766=EDGE_CURVE('',#2191,#2204,#1224,.T.);
#2767=EDGE_CURVE('',#2205,#2204,#1225,.T.);
#2768=EDGE_CURVE('',#2192,#2205,#1226,.T.);
#2769=EDGE_CURVE('',#2206,#2205,#1227,.T.);
#2770=EDGE_CURVE('',#2193,#2206,#1228,.T.);
#2771=EDGE_CURVE('',#2207,#2206,#1229,.T.);
#2772=EDGE_CURVE('',#2194,#2207,#1230,.T.);
#2773=EDGE_CURVE('',#1964,#2207,#1231,.T.);
#2774=EDGE_CURVE('',#1984,#1937,#1232,.T.);
#2775=EDGE_CURVE('',#2195,#1983,#1233,.T.);
#2776=EDGE_CURVE('',#2208,#2209,#1234,.T.);
#2777=EDGE_CURVE('',#2208,#2210,#1235,.T.);
#2778=EDGE_CURVE('',#2210,#2211,#1236,.T.);
#2779=EDGE_CURVE('',#2211,#2209,#1237,.T.);
#2780=EDGE_CURVE('',#2212,#2213,#1238,.T.);
#2781=EDGE_CURVE('',#2213,#2214,#1239,.T.);
#2782=EDGE_CURVE('',#2215,#2214,#1240,.T.);
#2783=EDGE_CURVE('',#2215,#2212,#1241,.T.);
#2784=EDGE_CURVE('',#2209,#2215,#1242,.T.);
#2785=EDGE_CURVE('',#2214,#2208,#1243,.T.);
#2786=EDGE_CURVE('',#2213,#2210,#1244,.T.);
#2787=EDGE_CURVE('',#2212,#2211,#1245,.T.);
#2788=EDGE_CURVE('',#2216,#2216,#129,.T.);
#2789=EDGE_CURVE('',#2216,#2217,#1246,.T.);
#2790=EDGE_CURVE('',#2217,#2217,#130,.T.);
#2791=EDGE_CURVE('',#2218,#2219,#1247,.T.);
#2792=EDGE_CURVE('',#2218,#2220,#1248,.T.);
#2793=EDGE_CURVE('',#2220,#2221,#1249,.T.);
#2794=EDGE_CURVE('',#2219,#2221,#1250,.T.);
#2795=EDGE_CURVE('',#2222,#2223,#1251,.T.);
#2796=EDGE_CURVE('',#2224,#2222,#1252,.T.);
#2797=EDGE_CURVE('',#2220,#2224,#1253,.T.);
#2798=EDGE_CURVE('',#2225,#2218,#1254,.T.);
#2799=EDGE_CURVE('',#2223,#2225,#1255,.T.);
#2800=EDGE_CURVE('',#2226,#2227,#1256,.T.);
#2801=EDGE_CURVE('',#2222,#2227,#1257,.T.);
#2802=EDGE_CURVE('',#2228,#2223,#1258,.T.);
#2803=EDGE_CURVE('',#2229,#2228,#1259,.T.);
#2804=EDGE_CURVE('',#2226,#2229,#1260,.T.);
#2805=EDGE_CURVE('',#2230,#2231,#1261,.T.);
#2806=EDGE_CURVE('',#2230,#2226,#1262,.T.);
#2807=EDGE_CURVE('',#2229,#2232,#1263,.T.);
#2808=EDGE_CURVE('',#2233,#2232,#1264,.T.);
#2809=EDGE_CURVE('',#2234,#2233,#1265,.T.);
#2810=EDGE_CURVE('',#2235,#2234,#1266,.T.);
#2811=EDGE_CURVE('',#2236,#2235,#1267,.T.);
#2812=EDGE_CURVE('',#2236,#2237,#1268,.T.);
#2813=EDGE_CURVE('',#2237,#2231,#1269,.T.);
#2814=EDGE_CURVE('',#2234,#2238,#1270,.T.);
#2815=EDGE_CURVE('',#2239,#2233,#1271,.T.);
#2816=EDGE_CURVE('',#2238,#2239,#1272,.T.);
#2817=EDGE_CURVE('',#2240,#2228,#1273,.T.);
#2818=EDGE_CURVE('',#2241,#2240,#1274,.T.);
#2819=EDGE_CURVE('',#2241,#2242,#1275,.T.);
#2820=EDGE_CURVE('',#2232,#2242,#1276,.T.);
#2821=EDGE_CURVE('',#2242,#2239,#1277,.T.);
#2822=EDGE_CURVE('',#2243,#2225,#1278,.T.);
#2823=EDGE_CURVE('',#2243,#2244,#1279,.T.);
#2824=EDGE_CURVE('',#2244,#2240,#1280,.T.);
#2825=EDGE_CURVE('',#2221,#2245,#1281,.T.);
#2826=EDGE_CURVE('',#2227,#2245,#1282,.T.);
#2827=EDGE_CURVE('',#2219,#2230,#1283,.T.);
#2828=EDGE_CURVE('',#2246,#2247,#1284,.T.);
#2829=EDGE_CURVE('',#2247,#2248,#1285,.T.);
#2830=EDGE_CURVE('',#2238,#2248,#1286,.T.);
#2831=EDGE_CURVE('',#2249,#2241,#1287,.T.);
#2832=EDGE_CURVE('',#2249,#2246,#1288,.T.);
#2833=EDGE_CURVE('',#2247,#2236,#1289,.T.);
#2834=EDGE_CURVE('',#2246,#2250,#1290,.T.);
#2835=EDGE_CURVE('',#2250,#2251,#1291,.T.);
#2836=EDGE_CURVE('',#2251,#2252,#1292,.T.);
#2837=EDGE_CURVE('',#2253,#2252,#1293,.T.);
#2838=EDGE_CURVE('',#2237,#2253,#1294,.T.);
#2839=EDGE_CURVE('',#2254,#2254,#131,.T.);
#2840=EDGE_CURVE('',#2255,#2255,#132,.T.);
#2841=EDGE_CURVE('',#2231,#2256,#1295,.T.);
#2842=EDGE_CURVE('',#2256,#2257,#1296,.T.);
#2843=EDGE_CURVE('',#2257,#2243,#1297,.T.);
#2844=EDGE_CURVE('',#2258,#2258,#133,.T.);
#2845=EDGE_CURVE('',#2245,#2224,#1298,.T.);
#2846=EDGE_CURVE('',#2259,#2260,#1299,.T.);
#2847=EDGE_CURVE('',#2260,#2261,#1300,.T.);
#2848=EDGE_CURVE('',#2261,#2262,#1301,.T.);
#2849=EDGE_CURVE('',#2262,#2259,#1302,.T.);
#2850=EDGE_CURVE('',#2252,#2257,#1303,.T.);
#2851=EDGE_CURVE('',#2253,#2256,#1304,.T.);
#2852=EDGE_CURVE('',#2249,#2261,#1305,.T.);
#2853=EDGE_CURVE('',#2263,#2260,#1306,.T.);
#2854=EDGE_CURVE('',#2250,#2263,#1307,.T.);
#2855=EDGE_CURVE('',#2244,#2262,#1308,.T.);
#2856=EDGE_CURVE('',#2264,#2251,#1309,.T.);
#2857=EDGE_CURVE('',#2259,#2264,#1310,.T.);
#2858=EDGE_CURVE('',#2263,#2264,#1311,.T.);
#2859=EDGE_CURVE('',#2258,#2254,#1312,.T.);
#2860=EDGE_CURVE('',#2265,#2265,#134,.T.);
#2861=EDGE_CURVE('',#2265,#2255,#1313,.T.);
#2862=EDGE_CURVE('',#2248,#2235,#1314,.T.);
#2863=EDGE_CURVE('',#2266,#2266,#135,.T.);
#2864=EDGE_CURVE('',#2266,#2267,#1315,.T.);
#2865=EDGE_CURVE('',#2267,#2267,#136,.T.);
#2866=EDGE_CURVE('',#2268,#2268,#137,.T.);
#2867=EDGE_CURVE('',#2269,#2269,#138,.T.);
#2868=EDGE_CURVE('',#2269,#2268,#1316,.T.);
#2869=EDGE_CURVE('',#2270,#2270,#139,.T.);
#2870=EDGE_CURVE('',#2270,#2271,#1317,.T.);
#2871=EDGE_CURVE('',#2271,#2271,#140,.T.);
#2872=EDGE_CURVE('',#2272,#2272,#141,.T.);
#2873=EDGE_CURVE('',#2273,#2273,#142,.T.);
#2874=EDGE_CURVE('',#2273,#2272,#1318,.T.);
#2875=EDGE_CURVE('',#2274,#2274,#143,.T.);
#2876=EDGE_CURVE('',#2274,#2275,#1319,.T.);
#2877=EDGE_CURVE('',#2275,#2275,#144,.T.);
#2878=EDGE_CURVE('',#2276,#2276,#145,.T.);
#2879=EDGE_CURVE('',#2276,#2277,#1320,.T.);
#2880=EDGE_CURVE('',#2277,#2277,#146,.T.);
#2881=EDGE_CURVE('',#2278,#2278,#147,.T.);
#2882=EDGE_CURVE('',#2278,#2279,#1321,.T.);
#2883=EDGE_CURVE('',#2279,#2279,#148,.T.);
#2884=EDGE_CURVE('',#2280,#2280,#149,.T.);
#2885=EDGE_CURVE('',#2280,#2281,#1322,.T.);
#2886=EDGE_CURVE('',#2281,#2281,#150,.T.);
#2887=EDGE_CURVE('',#2282,#2282,#151,.T.);
#2888=EDGE_CURVE('',#2282,#2283,#1323,.T.);
#2889=EDGE_CURVE('',#2283,#2283,#152,.T.);
#2890=EDGE_CURVE('',#2284,#2284,#153,.T.);
#2891=EDGE_CURVE('',#2284,#2285,#1324,.T.);
#2892=EDGE_CURVE('',#2285,#2285,#154,.T.);
#2893=EDGE_CURVE('',#2286,#2286,#155,.T.);
#2894=EDGE_CURVE('',#2286,#2287,#1325,.T.);
#2895=EDGE_CURVE('',#2287,#2287,#156,.T.);
#2896=EDGE_CURVE('',#2288,#2288,#157,.T.);
#2897=EDGE_CURVE('',#2288,#2289,#1326,.T.);
#2898=EDGE_CURVE('',#2289,#2289,#158,.T.);
#2899=EDGE_CURVE('',#2290,#2290,#159,.T.);
#2900=EDGE_CURVE('',#2290,#2291,#1327,.T.);
#2901=EDGE_CURVE('',#2291,#2291,#160,.T.);
#2902=EDGE_CURVE('',#2292,#2292,#161,.T.);
#2903=EDGE_CURVE('',#2292,#2293,#1328,.T.);
#2904=EDGE_CURVE('',#2293,#2293,#162,.T.);
#2905=EDGE_CURVE('',#2294,#2294,#163,.T.);
#2906=EDGE_CURVE('',#2294,#2295,#1329,.T.);
#2907=EDGE_CURVE('',#2295,#2295,#164,.T.);
#2908=EDGE_CURVE('',#2296,#2296,#165,.T.);
#2909=EDGE_CURVE('',#2296,#2297,#1330,.T.);
#2910=EDGE_CURVE('',#2297,#2297,#166,.T.);
#2911=EDGE_CURVE('',#2298,#2298,#167,.T.);
#2912=EDGE_CURVE('',#2298,#2299,#1331,.T.);
#2913=EDGE_CURVE('',#2299,#2299,#168,.T.);
#2914=EDGE_CURVE('',#2300,#2300,#169,.T.);
#2915=EDGE_CURVE('',#2300,#2301,#1332,.T.);
#2916=EDGE_CURVE('',#2301,#2301,#170,.T.);
#2917=EDGE_CURVE('',#2302,#2302,#171,.T.);
#2918=EDGE_CURVE('',#2302,#2303,#1333,.T.);
#2919=EDGE_CURVE('',#2303,#2303,#172,.T.);
#2920=EDGE_CURVE('',#2304,#2304,#173,.T.);
#2921=EDGE_CURVE('',#2304,#2305,#1334,.T.);
#2922=EDGE_CURVE('',#2305,#2305,#174,.T.);
#2923=EDGE_CURVE('',#2306,#2306,#175,.T.);
#2924=EDGE_CURVE('',#2306,#2307,#1335,.T.);
#2925=EDGE_CURVE('',#2307,#2307,#176,.T.);
#2926=EDGE_CURVE('',#2308,#2308,#177,.T.);
#2927=EDGE_CURVE('',#2308,#2309,#1336,.T.);
#2928=EDGE_CURVE('',#2309,#2309,#178,.T.);
#2929=EDGE_CURVE('',#2310,#2310,#179,.T.);
#2930=EDGE_CURVE('',#2310,#2311,#1337,.T.);
#2931=EDGE_CURVE('',#2311,#2311,#180,.T.);
#2932=EDGE_CURVE('',#2312,#2312,#181,.T.);
#2933=EDGE_CURVE('',#2312,#2313,#1338,.T.);
#2934=EDGE_CURVE('',#2313,#2313,#182,.T.);
#2935=EDGE_CURVE('',#2314,#2314,#183,.T.);
#2936=EDGE_CURVE('',#2314,#2315,#1339,.T.);
#2937=EDGE_CURVE('',#2315,#2315,#184,.T.);
#2938=EDGE_CURVE('',#2316,#2316,#185,.T.);
#2939=EDGE_CURVE('',#2317,#2317,#186,.T.);
#2940=EDGE_CURVE('',#2317,#2316,#1340,.T.);
#2941=EDGE_CURVE('',#2318,#2318,#187,.T.);
#2942=EDGE_CURVE('',#2318,#2319,#1341,.T.);
#2943=EDGE_CURVE('',#2319,#2319,#188,.T.);
#2944=EDGE_CURVE('',#2320,#2320,#189,.T.);
#2945=EDGE_CURVE('',#2321,#2321,#190,.T.);
#2946=EDGE_CURVE('',#2321,#2320,#1342,.T.);
#2947=EDGE_CURVE('',#2322,#2322,#191,.T.);
#2948=EDGE_CURVE('',#2322,#2323,#1343,.T.);
#2949=EDGE_CURVE('',#2323,#2323,#192,.T.);
#2950=EDGE_CURVE('',#2324,#2324,#193,.T.);
#2951=EDGE_CURVE('',#2324,#2325,#1344,.T.);
#2952=EDGE_CURVE('',#2325,#2325,#194,.T.);
#2953=EDGE_CURVE('',#2326,#2326,#195,.T.);
#2954=EDGE_CURVE('',#2326,#2327,#1345,.T.);
#2955=EDGE_CURVE('',#2327,#2327,#196,.T.);
#2956=EDGE_CURVE('',#2328,#2329,#1346,.T.);
#2957=EDGE_CURVE('',#2329,#2330,#1347,.T.);
#2958=EDGE_CURVE('',#2331,#2330,#1348,.T.);
#2959=EDGE_CURVE('',#2328,#2331,#1349,.T.);
#2960=EDGE_CURVE('',#2332,#2328,#1350,.T.);
#2961=EDGE_CURVE('',#2333,#2331,#1351,.T.);
#2962=EDGE_CURVE('',#2332,#2333,#1352,.T.);
#2963=EDGE_CURVE('',#2334,#2332,#1353,.T.);
#2964=EDGE_CURVE('',#2335,#2333,#1354,.T.);
#2965=EDGE_CURVE('',#2334,#2335,#1355,.T.);
#2966=EDGE_CURVE('',#2329,#2334,#1356,.T.);
#2967=EDGE_CURVE('',#2330,#2335,#1357,.T.);
#2968=EDGE_CURVE('',#2336,#2336,#197,.T.);
#2969=EDGE_CURVE('',#2336,#2337,#1358,.T.);
#2970=EDGE_CURVE('',#2337,#2337,#198,.T.);
#2971=EDGE_CURVE('',#2338,#2338,#199,.T.);
#2972=EDGE_CURVE('',#2338,#2339,#1359,.T.);
#2973=EDGE_CURVE('',#2339,#2339,#200,.T.);
#2974=EDGE_CURVE('',#2340,#2340,#201,.T.);
#2975=EDGE_CURVE('',#2340,#2341,#1360,.T.);
#2976=EDGE_CURVE('',#2341,#2341,#202,.T.);
#2977=EDGE_CURVE('',#2342,#2343,#1361,.T.);
#2978=EDGE_CURVE('',#2343,#2344,#1362,.T.);
#2979=EDGE_CURVE('',#2345,#2344,#1363,.T.);
#2980=EDGE_CURVE('',#2342,#2345,#1364,.T.);
#2981=EDGE_CURVE('',#2346,#2342,#1365,.T.);
#2982=EDGE_CURVE('',#2347,#2345,#1366,.T.);
#2983=EDGE_CURVE('',#2346,#2347,#1367,.T.);
#2984=EDGE_CURVE('',#2348,#2346,#1368,.T.);
#2985=EDGE_CURVE('',#2349,#2347,#1369,.T.);
#2986=EDGE_CURVE('',#2348,#2349,#1370,.T.);
#2987=EDGE_CURVE('',#2343,#2348,#1371,.T.);
#2988=EDGE_CURVE('',#2344,#2349,#1372,.T.);
#2989=ORIENTED_EDGE('',*,*,#2350,.T.);
#2990=ORIENTED_EDGE('',*,*,#2351,.F.);
#2991=ORIENTED_EDGE('',*,*,#2352,.F.);
#2992=ORIENTED_EDGE('',*,*,#2353,.F.);
#2993=ORIENTED_EDGE('',*,*,#2354,.T.);
#2994=ORIENTED_EDGE('',*,*,#2355,.F.);
#2995=ORIENTED_EDGE('',*,*,#2356,.F.);
#2996=ORIENTED_EDGE('',*,*,#2357,.T.);
#2997=ORIENTED_EDGE('',*,*,#2358,.T.);
#2998=ORIENTED_EDGE('',*,*,#2359,.T.);
#2999=ORIENTED_EDGE('',*,*,#2360,.F.);
#3000=ORIENTED_EDGE('',*,*,#2361,.F.);
#3001=ORIENTED_EDGE('',*,*,#2362,.T.);
#3002=ORIENTED_EDGE('',*,*,#2357,.F.);
#3003=ORIENTED_EDGE('',*,*,#2363,.T.);
#3004=ORIENTED_EDGE('',*,*,#2364,.T.);
#3005=ORIENTED_EDGE('',*,*,#2365,.T.);
#3006=ORIENTED_EDGE('',*,*,#2366,.T.);
#3007=ORIENTED_EDGE('',*,*,#2367,.F.);
#3008=ORIENTED_EDGE('',*,*,#2359,.F.);
#3009=ORIENTED_EDGE('',*,*,#2368,.T.);
#3010=ORIENTED_EDGE('',*,*,#2369,.F.);
#3011=ORIENTED_EDGE('',*,*,#2370,.F.);
#3012=ORIENTED_EDGE('',*,*,#2371,.F.);
#3013=ORIENTED_EDGE('',*,*,#2372,.F.);
#3014=ORIENTED_EDGE('',*,*,#2373,.T.);
#3015=ORIENTED_EDGE('',*,*,#2374,.T.);
#3016=ORIENTED_EDGE('',*,*,#2373,.F.);
#3017=ORIENTED_EDGE('',*,*,#2375,.F.);
#3018=ORIENTED_EDGE('',*,*,#2376,.T.);
#3019=ORIENTED_EDGE('',*,*,#2377,.T.);
#3020=ORIENTED_EDGE('',*,*,#2376,.F.);
#3021=ORIENTED_EDGE('',*,*,#2378,.T.);
#3022=ORIENTED_EDGE('',*,*,#2364,.F.);
#3023=ORIENTED_EDGE('',*,*,#2379,.T.);
#3024=ORIENTED_EDGE('',*,*,#2380,.T.);
#3025=ORIENTED_EDGE('',*,*,#2381,.T.);
#3026=ORIENTED_EDGE('',*,*,#2382,.T.);
#3027=ORIENTED_EDGE('',*,*,#2383,.F.);
#3028=ORIENTED_EDGE('',*,*,#2384,.T.);
#3029=ORIENTED_EDGE('',*,*,#2385,.T.);
#3030=ORIENTED_EDGE('',*,*,#2386,.T.);
#3031=ORIENTED_EDGE('',*,*,#2387,.F.);
#3032=ORIENTED_EDGE('',*,*,#2388,.F.);
#3033=ORIENTED_EDGE('',*,*,#2389,.T.);
#3034=ORIENTED_EDGE('',*,*,#2390,.T.);
#3035=ORIENTED_EDGE('',*,*,#2391,.F.);
#3036=ORIENTED_EDGE('',*,*,#2392,.T.);
#3037=ORIENTED_EDGE('',*,*,#2393,.F.);
#3038=ORIENTED_EDGE('',*,*,#2366,.F.);
#3039=ORIENTED_EDGE('',*,*,#2394,.F.);
#3040=ORIENTED_EDGE('',*,*,#2395,.F.);
#3041=ORIENTED_EDGE('',*,*,#2396,.F.);
#3042=ORIENTED_EDGE('',*,*,#2397,.T.);
#3043=ORIENTED_EDGE('',*,*,#2398,.T.);
#3044=ORIENTED_EDGE('',*,*,#2399,.T.);
#3045=ORIENTED_EDGE('',*,*,#2400,.T.);
#3046=ORIENTED_EDGE('',*,*,#2401,.T.);
#3047=ORIENTED_EDGE('',*,*,#2402,.T.);
#3048=ORIENTED_EDGE('',*,*,#2403,.T.);
#3049=ORIENTED_EDGE('',*,*,#2404,.T.);
#3050=ORIENTED_EDGE('',*,*,#2395,.T.);
#3051=ORIENTED_EDGE('',*,*,#2405,.F.);
#3052=ORIENTED_EDGE('',*,*,#2406,.F.);
#3053=ORIENTED_EDGE('',*,*,#2351,.T.);
#3054=ORIENTED_EDGE('',*,*,#2407,.T.);
#3055=ORIENTED_EDGE('',*,*,#2371,.T.);
#3056=ORIENTED_EDGE('',*,*,#2408,.F.);
#3057=ORIENTED_EDGE('',*,*,#2408,.T.);
#3058=ORIENTED_EDGE('',*,*,#2370,.T.);
#3059=ORIENTED_EDGE('',*,*,#2409,.F.);
#3060=ORIENTED_EDGE('',*,*,#2410,.F.);
#3061=ORIENTED_EDGE('',*,*,#2411,.F.);
#3062=ORIENTED_EDGE('',*,*,#2412,.T.);
#3063=ORIENTED_EDGE('',*,*,#2405,.T.);
#3064=ORIENTED_EDGE('',*,*,#2394,.T.);
#3065=ORIENTED_EDGE('',*,*,#2365,.F.);
#3066=ORIENTED_EDGE('',*,*,#2358,.F.);
#3067=ORIENTED_EDGE('',*,*,#2413,.F.);
#3068=ORIENTED_EDGE('',*,*,#2352,.T.);
#3069=ORIENTED_EDGE('',*,*,#2375,.T.);
#3070=ORIENTED_EDGE('',*,*,#2372,.T.);
#3071=ORIENTED_EDGE('',*,*,#2378,.F.);
#3072=ORIENTED_EDGE('',*,*,#2404,.F.);
#3073=ORIENTED_EDGE('',*,*,#2414,.F.);
#3074=ORIENTED_EDGE('',*,*,#2415,.F.);
#3075=ORIENTED_EDGE('',*,*,#2416,.F.);
#3076=ORIENTED_EDGE('',*,*,#2417,.F.);
#3077=ORIENTED_EDGE('',*,*,#2368,.F.);
#3078=ORIENTED_EDGE('',*,*,#2407,.F.);
#3079=ORIENTED_EDGE('',*,*,#2350,.F.);
#3080=ORIENTED_EDGE('',*,*,#2418,.F.);
#3081=ORIENTED_EDGE('',*,*,#2354,.F.);
#3082=ORIENTED_EDGE('',*,*,#2362,.F.);
#3083=ORIENTED_EDGE('',*,*,#2377,.F.);
#3084=ORIENTED_EDGE('',*,*,#2374,.F.);
#3085=ORIENTED_EDGE('',*,*,#2411,.T.);
#3086=ORIENTED_EDGE('',*,*,#2419,.T.);
#3087=ORIENTED_EDGE('',*,*,#2420,.F.);
#3088=ORIENTED_EDGE('',*,*,#2421,.F.);
#3089=ORIENTED_EDGE('',*,*,#2410,.T.);
#3090=ORIENTED_EDGE('',*,*,#2422,.T.);
#3091=ORIENTED_EDGE('',*,*,#2423,.F.);
#3092=ORIENTED_EDGE('',*,*,#2419,.F.);
#3093=ORIENTED_EDGE('',*,*,#2424,.F.);
#3094=ORIENTED_EDGE('',*,*,#2425,.T.);
#3095=ORIENTED_EDGE('',*,*,#2426,.F.);
#3096=ORIENTED_EDGE('',*,*,#2425,.F.);
#3097=ORIENTED_EDGE('',*,*,#2427,.F.);
#3098=ORIENTED_EDGE('',*,*,#2428,.T.);
#3099=ORIENTED_EDGE('',*,*,#2429,.F.);
#3100=ORIENTED_EDGE('',*,*,#2428,.F.);
#3101=ORIENTED_EDGE('',*,*,#2430,.F.);
#3102=ORIENTED_EDGE('',*,*,#2431,.T.);
#3103=ORIENTED_EDGE('',*,*,#2432,.F.);
#3104=ORIENTED_EDGE('',*,*,#2431,.F.);
#3105=ORIENTED_EDGE('',*,*,#2433,.F.);
#3106=ORIENTED_EDGE('',*,*,#2434,.T.);
#3107=ORIENTED_EDGE('',*,*,#2435,.F.);
#3108=ORIENTED_EDGE('',*,*,#2434,.F.);
#3109=ORIENTED_EDGE('',*,*,#2436,.F.);
#3110=ORIENTED_EDGE('',*,*,#2437,.T.);
#3111=ORIENTED_EDGE('',*,*,#2438,.F.);
#3112=ORIENTED_EDGE('',*,*,#2439,.F.);
#3113=ORIENTED_EDGE('',*,*,#2440,.F.);
#3114=ORIENTED_EDGE('',*,*,#2441,.T.);
#3115=ORIENTED_EDGE('',*,*,#2442,.F.);
#3116=ORIENTED_EDGE('',*,*,#2443,.F.);
#3117=ORIENTED_EDGE('',*,*,#2444,.F.);
#3118=ORIENTED_EDGE('',*,*,#2445,.F.);
#3119=ORIENTED_EDGE('',*,*,#2446,.F.);
#3120=ORIENTED_EDGE('',*,*,#2447,.T.);
#3121=ORIENTED_EDGE('',*,*,#2448,.F.);
#3122=ORIENTED_EDGE('',*,*,#2443,.T.);
#3123=ORIENTED_EDGE('',*,*,#2449,.F.);
#3124=ORIENTED_EDGE('',*,*,#2437,.F.);
#3125=ORIENTED_EDGE('',*,*,#2450,.F.);
#3126=ORIENTED_EDGE('',*,*,#2451,.F.);
#3127=ORIENTED_EDGE('',*,*,#2452,.F.);
#3128=ORIENTED_EDGE('',*,*,#2445,.T.);
#3129=ORIENTED_EDGE('',*,*,#2453,.F.);
#3130=ORIENTED_EDGE('',*,*,#2454,.F.);
#3131=ORIENTED_EDGE('',*,*,#2455,.F.);
#3132=ORIENTED_EDGE('',*,*,#2451,.T.);
#3133=ORIENTED_EDGE('',*,*,#2456,.F.);
#3134=ORIENTED_EDGE('',*,*,#2457,.F.);
#3135=ORIENTED_EDGE('',*,*,#2458,.F.);
#3136=ORIENTED_EDGE('',*,*,#2459,.T.);
#3137=ORIENTED_EDGE('',*,*,#2460,.F.);
#3138=ORIENTED_EDGE('',*,*,#2461,.T.);
#3139=ORIENTED_EDGE('',*,*,#2462,.F.);
#3140=ORIENTED_EDGE('',*,*,#2463,.F.);
#3141=ORIENTED_EDGE('',*,*,#2464,.F.);
#3142=ORIENTED_EDGE('',*,*,#2465,.F.);
#3143=ORIENTED_EDGE('',*,*,#2466,.F.);
#3144=ORIENTED_EDGE('',*,*,#2457,.T.);
#3145=ORIENTED_EDGE('',*,*,#2467,.F.);
#3146=ORIENTED_EDGE('',*,*,#2463,.T.);
#3147=ORIENTED_EDGE('',*,*,#2468,.F.);
#3148=ORIENTED_EDGE('',*,*,#2469,.F.);
#3149=ORIENTED_EDGE('',*,*,#2470,.F.);
#3150=ORIENTED_EDGE('',*,*,#2459,.F.);
#3151=ORIENTED_EDGE('',*,*,#2471,.F.);
#3152=ORIENTED_EDGE('',*,*,#2472,.T.);
#3153=ORIENTED_EDGE('',*,*,#2473,.F.);
#3154=ORIENTED_EDGE('',*,*,#2472,.F.);
#3155=ORIENTED_EDGE('',*,*,#2474,.F.);
#3156=ORIENTED_EDGE('',*,*,#2465,.T.);
#3157=ORIENTED_EDGE('',*,*,#2475,.F.);
#3158=ORIENTED_EDGE('',*,*,#2469,.T.);
#3159=ORIENTED_EDGE('',*,*,#2476,.F.);
#3160=ORIENTED_EDGE('',*,*,#2477,.F.);
#3161=ORIENTED_EDGE('',*,*,#2478,.F.);
#3162=ORIENTED_EDGE('',*,*,#2477,.T.);
#3163=ORIENTED_EDGE('',*,*,#2479,.F.);
#3164=ORIENTED_EDGE('',*,*,#2461,.F.);
#3165=ORIENTED_EDGE('',*,*,#2453,.T.);
#3166=ORIENTED_EDGE('',*,*,#2450,.T.);
#3167=ORIENTED_EDGE('',*,*,#2444,.T.);
#3168=ORIENTED_EDGE('',*,*,#2480,.F.);
#3169=ORIENTED_EDGE('',*,*,#2481,.F.);
#3170=ORIENTED_EDGE('',*,*,#2482,.T.);
#3171=ORIENTED_EDGE('',*,*,#2483,.T.);
#3172=ORIENTED_EDGE('',*,*,#2484,.F.);
#3173=ORIENTED_EDGE('',*,*,#2485,.F.);
#3174=ORIENTED_EDGE('',*,*,#2486,.F.);
#3175=ORIENTED_EDGE('',*,*,#2487,.F.);
#3176=ORIENTED_EDGE('',*,*,#2488,.T.);
#3177=ORIENTED_EDGE('',*,*,#2489,.F.);
#3178=ORIENTED_EDGE('',*,*,#2490,.F.);
#3179=ORIENTED_EDGE('',*,*,#2491,.F.);
#3180=ORIENTED_EDGE('',*,*,#2492,.T.);
#3181=ORIENTED_EDGE('',*,*,#2493,.F.);
#3182=ORIENTED_EDGE('',*,*,#2494,.T.);
#3183=ORIENTED_EDGE('',*,*,#2403,.F.);
#3184=ORIENTED_EDGE('',*,*,#2495,.F.);
#3185=ORIENTED_EDGE('',*,*,#2496,.F.);
#3186=ORIENTED_EDGE('',*,*,#2492,.F.);
#3187=ORIENTED_EDGE('',*,*,#2497,.F.);
#3188=ORIENTED_EDGE('',*,*,#2486,.T.);
#3189=ORIENTED_EDGE('',*,*,#2498,.F.);
#3190=ORIENTED_EDGE('',*,*,#2499,.T.);
#3191=ORIENTED_EDGE('',*,*,#2400,.F.);
#3192=ORIENTED_EDGE('',*,*,#2494,.F.);
#3193=ORIENTED_EDGE('',*,*,#2500,.F.);
#3194=ORIENTED_EDGE('',*,*,#2501,.T.);
#3195=ORIENTED_EDGE('',*,*,#2401,.F.);
#3196=ORIENTED_EDGE('',*,*,#2499,.F.);
#3197=ORIENTED_EDGE('',*,*,#2500,.T.);
#3198=ORIENTED_EDGE('',*,*,#2498,.T.);
#3199=ORIENTED_EDGE('',*,*,#2493,.T.);
#3200=ORIENTED_EDGE('',*,*,#2502,.F.);
#3201=ORIENTED_EDGE('',*,*,#2503,.T.);
#3202=ORIENTED_EDGE('',*,*,#2504,.F.);
#3203=ORIENTED_EDGE('',*,*,#2505,.F.);
#3204=ORIENTED_EDGE('',*,*,#2506,.F.);
#3205=ORIENTED_EDGE('',*,*,#2507,.F.);
#3206=ORIENTED_EDGE('',*,*,#2508,.T.);
#3207=ORIENTED_EDGE('',*,*,#2509,.T.);
#3208=ORIENTED_EDGE('',*,*,#2510,.F.);
#3209=ORIENTED_EDGE('',*,*,#2511,.F.);
#3210=ORIENTED_EDGE('',*,*,#2512,.T.);
#3211=ORIENTED_EDGE('',*,*,#2513,.T.);
#3212=ORIENTED_EDGE('',*,*,#2508,.F.);
#3213=ORIENTED_EDGE('',*,*,#2514,.F.);
#3214=ORIENTED_EDGE('',*,*,#2515,.T.);
#3215=ORIENTED_EDGE('',*,*,#2516,.T.);
#3216=ORIENTED_EDGE('',*,*,#2512,.F.);
#3217=ORIENTED_EDGE('',*,*,#2517,.F.);
#3218=ORIENTED_EDGE('',*,*,#2509,.F.);
#3219=ORIENTED_EDGE('',*,*,#2513,.F.);
#3220=ORIENTED_EDGE('',*,*,#2516,.F.);
#3221=ORIENTED_EDGE('',*,*,#2518,.F.);
#3222=ORIENTED_EDGE('',*,*,#2519,.F.);
#3223=ORIENTED_EDGE('',*,*,#2520,.F.);
#3224=ORIENTED_EDGE('',*,*,#2521,.F.);
#3225=ORIENTED_EDGE('',*,*,#2522,.F.);
#3226=ORIENTED_EDGE('',*,*,#2523,.T.);
#3227=ORIENTED_EDGE('',*,*,#2524,.T.);
#3228=ORIENTED_EDGE('',*,*,#2381,.F.);
#3229=ORIENTED_EDGE('',*,*,#2525,.F.);
#3230=ORIENTED_EDGE('',*,*,#2526,.T.);
#3231=ORIENTED_EDGE('',*,*,#2527,.T.);
#3232=ORIENTED_EDGE('',*,*,#2523,.F.);
#3233=ORIENTED_EDGE('',*,*,#2528,.F.);
#3234=ORIENTED_EDGE('',*,*,#2383,.T.);
#3235=ORIENTED_EDGE('',*,*,#2529,.T.);
#3236=ORIENTED_EDGE('',*,*,#2526,.F.);
#3237=ORIENTED_EDGE('',*,*,#2529,.F.);
#3238=ORIENTED_EDGE('',*,*,#2382,.F.);
#3239=ORIENTED_EDGE('',*,*,#2524,.F.);
#3240=ORIENTED_EDGE('',*,*,#2527,.F.);
#3241=ORIENTED_EDGE('',*,*,#2530,.F.);
#3242=ORIENTED_EDGE('',*,*,#2531,.F.);
#3243=ORIENTED_EDGE('',*,*,#2532,.F.);
#3244=ORIENTED_EDGE('',*,*,#2533,.F.);
#3245=ORIENTED_EDGE('',*,*,#2519,.T.);
#3246=ORIENTED_EDGE('',*,*,#2534,.T.);
#3247=ORIENTED_EDGE('',*,*,#2535,.F.);
#3248=ORIENTED_EDGE('',*,*,#2536,.F.);
#3249=ORIENTED_EDGE('',*,*,#2518,.T.);
#3250=ORIENTED_EDGE('',*,*,#2537,.T.);
#3251=ORIENTED_EDGE('',*,*,#2538,.F.);
#3252=ORIENTED_EDGE('',*,*,#2534,.F.);
#3253=ORIENTED_EDGE('',*,*,#2514,.T.);
#3254=ORIENTED_EDGE('',*,*,#2511,.T.);
#3255=ORIENTED_EDGE('',*,*,#2507,.T.);
#3256=ORIENTED_EDGE('',*,*,#2539,.F.);
#3257=ORIENTED_EDGE('',*,*,#2540,.T.);
#3258=ORIENTED_EDGE('',*,*,#2541,.F.);
#3259=ORIENTED_EDGE('',*,*,#2542,.F.);
#3260=ORIENTED_EDGE('',*,*,#2543,.F.);
#3261=ORIENTED_EDGE('',*,*,#2531,.T.);
#3262=ORIENTED_EDGE('',*,*,#2544,.T.);
#3263=ORIENTED_EDGE('',*,*,#2545,.F.);
#3264=ORIENTED_EDGE('',*,*,#2546,.F.);
#3265=ORIENTED_EDGE('',*,*,#2530,.T.);
#3266=ORIENTED_EDGE('',*,*,#2547,.T.);
#3267=ORIENTED_EDGE('',*,*,#2548,.F.);
#3268=ORIENTED_EDGE('',*,*,#2544,.F.);
#3269=ORIENTED_EDGE('',*,*,#2528,.T.);
#3270=ORIENTED_EDGE('',*,*,#2525,.T.);
#3271=ORIENTED_EDGE('',*,*,#2522,.T.);
#3272=ORIENTED_EDGE('',*,*,#2380,.F.);
#3273=ORIENTED_EDGE('',*,*,#2549,.F.);
#3274=ORIENTED_EDGE('',*,*,#2550,.T.);
#3275=ORIENTED_EDGE('',*,*,#2551,.T.);
#3276=ORIENTED_EDGE('',*,*,#2384,.F.);
#3277=ORIENTED_EDGE('',*,*,#2532,.T.);
#3278=ORIENTED_EDGE('',*,*,#2546,.T.);
#3279=ORIENTED_EDGE('',*,*,#2552,.F.);
#3280=ORIENTED_EDGE('',*,*,#2553,.F.);
#3281=ORIENTED_EDGE('',*,*,#2533,.T.);
#3282=ORIENTED_EDGE('',*,*,#2553,.T.);
#3283=ORIENTED_EDGE('',*,*,#2554,.F.);
#3284=ORIENTED_EDGE('',*,*,#2547,.F.);
#3285=ORIENTED_EDGE('',*,*,#2550,.F.);
#3286=ORIENTED_EDGE('',*,*,#2555,.T.);
#3287=ORIENTED_EDGE('',*,*,#2556,.F.);
#3288=ORIENTED_EDGE('',*,*,#2557,.F.);
#3289=ORIENTED_EDGE('',*,*,#2551,.F.);
#3290=ORIENTED_EDGE('',*,*,#2557,.T.);
#3291=ORIENTED_EDGE('',*,*,#2558,.F.);
#3292=ORIENTED_EDGE('',*,*,#2503,.F.);
#3293=ORIENTED_EDGE('',*,*,#2559,.F.);
#3294=ORIENTED_EDGE('',*,*,#2549,.T.);
#3295=ORIENTED_EDGE('',*,*,#2560,.F.);
#3296=ORIENTED_EDGE('',*,*,#2505,.T.);
#3297=ORIENTED_EDGE('',*,*,#2561,.F.);
#3298=ORIENTED_EDGE('',*,*,#2555,.F.);
#3299=ORIENTED_EDGE('',*,*,#2561,.T.);
#3300=ORIENTED_EDGE('',*,*,#2504,.T.);
#3301=ORIENTED_EDGE('',*,*,#2558,.T.);
#3302=ORIENTED_EDGE('',*,*,#2556,.T.);
#3303=ORIENTED_EDGE('',*,*,#2548,.T.);
#3304=ORIENTED_EDGE('',*,*,#2554,.T.);
#3305=ORIENTED_EDGE('',*,*,#2552,.T.);
#3306=ORIENTED_EDGE('',*,*,#2545,.T.);
#3307=ORIENTED_EDGE('',*,*,#2520,.T.);
#3308=ORIENTED_EDGE('',*,*,#2536,.T.);
#3309=ORIENTED_EDGE('',*,*,#2562,.F.);
#3310=ORIENTED_EDGE('',*,*,#2563,.F.);
#3311=ORIENTED_EDGE('',*,*,#2521,.T.);
#3312=ORIENTED_EDGE('',*,*,#2563,.T.);
#3313=ORIENTED_EDGE('',*,*,#2564,.F.);
#3314=ORIENTED_EDGE('',*,*,#2537,.F.);
#3315=ORIENTED_EDGE('',*,*,#2565,.F.);
#3316=ORIENTED_EDGE('',*,*,#2566,.T.);
#3317=ORIENTED_EDGE('',*,*,#2567,.F.);
#3318=ORIENTED_EDGE('',*,*,#2568,.F.);
#3319=ORIENTED_EDGE('',*,*,#2540,.F.);
#3320=ORIENTED_EDGE('',*,*,#2541,.T.);
#3321=ORIENTED_EDGE('',*,*,#2568,.T.);
#3322=ORIENTED_EDGE('',*,*,#2569,.F.);
#3323=ORIENTED_EDGE('',*,*,#2570,.F.);
#3324=ORIENTED_EDGE('',*,*,#2571,.F.);
#3325=ORIENTED_EDGE('',*,*,#2542,.T.);
#3326=ORIENTED_EDGE('',*,*,#2570,.T.);
#3327=ORIENTED_EDGE('',*,*,#2572,.F.);
#3328=ORIENTED_EDGE('',*,*,#2573,.F.);
#3329=ORIENTED_EDGE('',*,*,#2485,.T.);
#3330=ORIENTED_EDGE('',*,*,#2574,.F.);
#3331=ORIENTED_EDGE('',*,*,#2573,.T.);
#3332=ORIENTED_EDGE('',*,*,#2575,.F.);
#3333=ORIENTED_EDGE('',*,*,#2566,.F.);
#3334=ORIENTED_EDGE('',*,*,#2576,.F.);
#3335=ORIENTED_EDGE('',*,*,#2489,.T.);
#3336=ORIENTED_EDGE('',*,*,#2496,.T.);
#3337=ORIENTED_EDGE('',*,*,#2575,.T.);
#3338=ORIENTED_EDGE('',*,*,#2572,.T.);
#3339=ORIENTED_EDGE('',*,*,#2569,.T.);
#3340=ORIENTED_EDGE('',*,*,#2567,.T.);
#3341=ORIENTED_EDGE('',*,*,#2538,.T.);
#3342=ORIENTED_EDGE('',*,*,#2564,.T.);
#3343=ORIENTED_EDGE('',*,*,#2562,.T.);
#3344=ORIENTED_EDGE('',*,*,#2535,.T.);
#3345=ORIENTED_EDGE('',*,*,#2577,.F.);
#3346=ORIENTED_EDGE('',*,*,#2578,.F.);
#3347=ORIENTED_EDGE('',*,*,#2579,.F.);
#3348=ORIENTED_EDGE('',*,*,#2580,.T.);
#3349=ORIENTED_EDGE('',*,*,#2581,.F.);
#3350=ORIENTED_EDGE('',*,*,#2582,.T.);
#3351=ORIENTED_EDGE('',*,*,#2583,.F.);
#3352=ORIENTED_EDGE('',*,*,#2584,.F.);
#3353=ORIENTED_EDGE('',*,*,#2585,.F.);
#3354=ORIENTED_EDGE('',*,*,#2580,.F.);
#3355=ORIENTED_EDGE('',*,*,#2586,.F.);
#3356=ORIENTED_EDGE('',*,*,#2587,.T.);
#3357=ORIENTED_EDGE('',*,*,#2588,.F.);
#3358=ORIENTED_EDGE('',*,*,#2589,.T.);
#3359=ORIENTED_EDGE('',*,*,#2590,.F.);
#3360=ORIENTED_EDGE('',*,*,#2582,.F.);
#3361=ORIENTED_EDGE('',*,*,#2583,.T.);
#3362=ORIENTED_EDGE('',*,*,#2590,.T.);
#3363=ORIENTED_EDGE('',*,*,#2591,.F.);
#3364=ORIENTED_EDGE('',*,*,#2592,.T.);
#3365=ORIENTED_EDGE('',*,*,#2593,.F.);
#3366=ORIENTED_EDGE('',*,*,#2594,.F.);
#3367=ORIENTED_EDGE('',*,*,#2577,.T.);
#3368=ORIENTED_EDGE('',*,*,#2585,.T.);
#3369=ORIENTED_EDGE('',*,*,#2595,.F.);
#3370=ORIENTED_EDGE('',*,*,#2596,.T.);
#3371=ORIENTED_EDGE('',*,*,#2597,.T.);
#3372=ORIENTED_EDGE('',*,*,#2598,.F.);
#3373=ORIENTED_EDGE('',*,*,#2586,.T.);
#3374=ORIENTED_EDGE('',*,*,#2579,.T.);
#3375=ORIENTED_EDGE('',*,*,#2599,.T.);
#3376=ORIENTED_EDGE('',*,*,#2600,.F.);
#3377=ORIENTED_EDGE('',*,*,#2601,.F.);
#3378=ORIENTED_EDGE('',*,*,#2602,.F.);
#3379=ORIENTED_EDGE('',*,*,#2603,.F.);
#3380=ORIENTED_EDGE('',*,*,#2604,.F.);
#3381=ORIENTED_EDGE('',*,*,#2605,.F.);
#3382=ORIENTED_EDGE('',*,*,#2606,.F.);
#3383=ORIENTED_EDGE('',*,*,#2607,.F.);
#3384=ORIENTED_EDGE('',*,*,#2608,.T.);
#3385=ORIENTED_EDGE('',*,*,#2609,.F.);
#3386=ORIENTED_EDGE('',*,*,#2610,.F.);
#3387=ORIENTED_EDGE('',*,*,#2605,.T.);
#3388=ORIENTED_EDGE('',*,*,#2611,.F.);
#3389=ORIENTED_EDGE('',*,*,#2612,.F.);
#3390=ORIENTED_EDGE('',*,*,#2613,.F.);
#3391=ORIENTED_EDGE('',*,*,#2604,.T.);
#3392=ORIENTED_EDGE('',*,*,#2614,.T.);
#3393=ORIENTED_EDGE('',*,*,#2615,.T.);
#3394=ORIENTED_EDGE('',*,*,#2616,.T.);
#3395=ORIENTED_EDGE('',*,*,#2617,.T.);
#3396=ORIENTED_EDGE('',*,*,#2611,.T.);
#3397=ORIENTED_EDGE('',*,*,#2618,.F.);
#3398=ORIENTED_EDGE('',*,*,#2619,.F.);
#3399=ORIENTED_EDGE('',*,*,#2399,.F.);
#3400=ORIENTED_EDGE('',*,*,#2620,.F.);
#3401=ORIENTED_EDGE('',*,*,#2619,.T.);
#3402=ORIENTED_EDGE('',*,*,#2621,.F.);
#3403=ORIENTED_EDGE('',*,*,#2622,.F.);
#3404=ORIENTED_EDGE('',*,*,#2396,.T.);
#3405=ORIENTED_EDGE('',*,*,#2475,.T.);
#3406=ORIENTED_EDGE('',*,*,#2478,.T.);
#3407=ORIENTED_EDGE('',*,*,#2460,.T.);
#3408=ORIENTED_EDGE('',*,*,#2467,.T.);
#3409=ORIENTED_EDGE('',*,*,#2618,.T.);
#3410=ORIENTED_EDGE('',*,*,#2623,.F.);
#3411=ORIENTED_EDGE('',*,*,#2624,.F.);
#3412=ORIENTED_EDGE('',*,*,#2621,.T.);
#3413=ORIENTED_EDGE('',*,*,#2625,.F.);
#3414=ORIENTED_EDGE('',*,*,#2626,.F.);
#3415=ORIENTED_EDGE('',*,*,#2627,.F.);
#3416=ORIENTED_EDGE('',*,*,#2483,.F.);
#3417=ORIENTED_EDGE('',*,*,#2484,.T.);
#3418=ORIENTED_EDGE('',*,*,#2627,.T.);
#3419=ORIENTED_EDGE('',*,*,#2628,.F.);
#3420=ORIENTED_EDGE('',*,*,#2439,.T.);
#3421=ORIENTED_EDGE('',*,*,#2629,.F.);
#3422=ORIENTED_EDGE('',*,*,#2441,.F.);
#3423=ORIENTED_EDGE('',*,*,#2630,.F.);
#3424=ORIENTED_EDGE('',*,*,#2631,.F.);
#3425=ORIENTED_EDGE('',*,*,#2480,.T.);
#3426=ORIENTED_EDGE('',*,*,#2447,.F.);
#3427=ORIENTED_EDGE('',*,*,#2632,.F.);
#3428=ORIENTED_EDGE('',*,*,#2454,.T.);
#3429=ORIENTED_EDGE('',*,*,#2436,.T.);
#3430=ORIENTED_EDGE('',*,*,#2628,.T.);
#3431=ORIENTED_EDGE('',*,*,#2626,.T.);
#3432=ORIENTED_EDGE('',*,*,#2633,.F.);
#3433=ORIENTED_EDGE('',*,*,#2634,.F.);
#3434=ORIENTED_EDGE('',*,*,#2630,.T.);
#3435=ORIENTED_EDGE('',*,*,#2440,.T.);
#3436=ORIENTED_EDGE('',*,*,#2448,.T.);
#3437=ORIENTED_EDGE('',*,*,#2635,.F.);
#3438=ORIENTED_EDGE('',*,*,#2636,.T.);
#3439=ORIENTED_EDGE('',*,*,#2637,.F.);
#3440=ORIENTED_EDGE('',*,*,#2638,.F.);
#3441=ORIENTED_EDGE('',*,*,#2449,.T.);
#3442=ORIENTED_EDGE('',*,*,#2442,.T.);
#3443=ORIENTED_EDGE('',*,*,#2629,.T.);
#3444=ORIENTED_EDGE('',*,*,#2438,.T.);
#3445=ORIENTED_EDGE('',*,*,#2639,.F.);
#3446=ORIENTED_EDGE('',*,*,#2638,.T.);
#3447=ORIENTED_EDGE('',*,*,#2640,.F.);
#3448=ORIENTED_EDGE('',*,*,#2641,.F.);
#3449=ORIENTED_EDGE('',*,*,#2642,.F.);
#3450=ORIENTED_EDGE('',*,*,#2641,.T.);
#3451=ORIENTED_EDGE('',*,*,#2643,.F.);
#3452=ORIENTED_EDGE('',*,*,#2644,.F.);
#3453=ORIENTED_EDGE('',*,*,#2452,.T.);
#3454=ORIENTED_EDGE('',*,*,#2455,.T.);
#3455=ORIENTED_EDGE('',*,*,#2632,.T.);
#3456=ORIENTED_EDGE('',*,*,#2446,.T.);
#3457=ORIENTED_EDGE('',*,*,#2645,.T.);
#3458=ORIENTED_EDGE('',*,*,#2643,.T.);
#3459=ORIENTED_EDGE('',*,*,#2640,.T.);
#3460=ORIENTED_EDGE('',*,*,#2637,.T.);
#3461=ORIENTED_EDGE('',*,*,#2634,.T.);
#3462=ORIENTED_EDGE('',*,*,#2646,.F.);
#3463=ORIENTED_EDGE('',*,*,#2481,.T.);
#3464=ORIENTED_EDGE('',*,*,#2631,.T.);
#3465=ORIENTED_EDGE('',*,*,#2506,.T.);
#3466=ORIENTED_EDGE('',*,*,#2560,.T.);
#3467=ORIENTED_EDGE('',*,*,#2379,.F.);
#3468=ORIENTED_EDGE('',*,*,#2363,.F.);
#3469=ORIENTED_EDGE('',*,*,#2356,.T.);
#3470=ORIENTED_EDGE('',*,*,#2647,.T.);
#3471=ORIENTED_EDGE('',*,*,#2648,.T.);
#3472=ORIENTED_EDGE('',*,*,#2649,.F.);
#3473=ORIENTED_EDGE('',*,*,#2650,.F.);
#3474=ORIENTED_EDGE('',*,*,#2571,.T.);
#3475=ORIENTED_EDGE('',*,*,#2574,.T.);
#3476=ORIENTED_EDGE('',*,*,#2488,.F.);
#3477=ORIENTED_EDGE('',*,*,#2651,.F.);
#3478=ORIENTED_EDGE('',*,*,#2490,.T.);
#3479=ORIENTED_EDGE('',*,*,#2576,.T.);
#3480=ORIENTED_EDGE('',*,*,#2565,.T.);
#3481=ORIENTED_EDGE('',*,*,#2652,.F.);
#3482=ORIENTED_EDGE('',*,*,#2635,.T.);
#3483=ORIENTED_EDGE('',*,*,#2639,.T.);
#3484=ORIENTED_EDGE('',*,*,#2642,.T.);
#3485=ORIENTED_EDGE('',*,*,#2653,.F.);
#3486=ORIENTED_EDGE('',*,*,#2654,.T.);
#3487=ORIENTED_EDGE('',*,*,#2655,.T.);
#3488=ORIENTED_EDGE('',*,*,#2656,.T.);
#3489=ORIENTED_EDGE('',*,*,#2657,.T.);
#3490=ORIENTED_EDGE('',*,*,#2658,.T.);
#3491=ORIENTED_EDGE('',*,*,#2389,.F.);
#3492=ORIENTED_EDGE('',*,*,#2659,.T.);
#3493=ORIENTED_EDGE('',*,*,#2660,.T.);
#3494=ORIENTED_EDGE('',*,*,#2661,.T.);
#3495=ORIENTED_EDGE('',*,*,#2385,.F.);
#3496=ORIENTED_EDGE('',*,*,#2559,.T.);
#3497=ORIENTED_EDGE('',*,*,#2502,.T.);
#3498=ORIENTED_EDGE('',*,*,#2495,.T.);
#3499=ORIENTED_EDGE('',*,*,#2402,.F.);
#3500=ORIENTED_EDGE('',*,*,#2501,.F.);
#3501=ORIENTED_EDGE('',*,*,#2424,.T.);
#3502=ORIENTED_EDGE('',*,*,#2427,.T.);
#3503=ORIENTED_EDGE('',*,*,#2430,.T.);
#3504=ORIENTED_EDGE('',*,*,#2433,.T.);
#3505=ORIENTED_EDGE('',*,*,#2620,.T.);
#3506=ORIENTED_EDGE('',*,*,#2398,.F.);
#3507=ORIENTED_EDGE('',*,*,#2662,.F.);
#3508=ORIENTED_EDGE('',*,*,#2623,.T.);
#3509=ORIENTED_EDGE('',*,*,#2473,.T.);
#3510=ORIENTED_EDGE('',*,*,#2464,.T.);
#3511=ORIENTED_EDGE('',*,*,#2456,.T.);
#3512=ORIENTED_EDGE('',*,*,#2470,.T.);
#3513=ORIENTED_EDGE('',*,*,#2659,.F.);
#3514=ORIENTED_EDGE('',*,*,#2388,.T.);
#3515=ORIENTED_EDGE('',*,*,#2663,.F.);
#3516=ORIENTED_EDGE('',*,*,#2664,.F.);
#3517=ORIENTED_EDGE('',*,*,#2474,.T.);
#3518=ORIENTED_EDGE('',*,*,#2471,.T.);
#3519=ORIENTED_EDGE('',*,*,#2458,.T.);
#3520=ORIENTED_EDGE('',*,*,#2466,.T.);
#3521=ORIENTED_EDGE('',*,*,#2660,.F.);
#3522=ORIENTED_EDGE('',*,*,#2664,.T.);
#3523=ORIENTED_EDGE('',*,*,#2665,.F.);
#3524=ORIENTED_EDGE('',*,*,#2666,.F.);
#3525=ORIENTED_EDGE('',*,*,#2661,.F.);
#3526=ORIENTED_EDGE('',*,*,#2666,.T.);
#3527=ORIENTED_EDGE('',*,*,#2667,.F.);
#3528=ORIENTED_EDGE('',*,*,#2386,.F.);
#3529=ORIENTED_EDGE('',*,*,#2476,.T.);
#3530=ORIENTED_EDGE('',*,*,#2468,.T.);
#3531=ORIENTED_EDGE('',*,*,#2462,.T.);
#3532=ORIENTED_EDGE('',*,*,#2479,.T.);
#3533=ORIENTED_EDGE('',*,*,#2387,.T.);
#3534=ORIENTED_EDGE('',*,*,#2667,.T.);
#3535=ORIENTED_EDGE('',*,*,#2665,.T.);
#3536=ORIENTED_EDGE('',*,*,#2663,.T.);
#3537=ORIENTED_EDGE('',*,*,#2662,.T.);
#3538=ORIENTED_EDGE('',*,*,#2397,.F.);
#3539=ORIENTED_EDGE('',*,*,#2622,.T.);
#3540=ORIENTED_EDGE('',*,*,#2624,.T.);
#3541=ORIENTED_EDGE('',*,*,#2668,.T.);
#3542=ORIENTED_EDGE('',*,*,#2669,.T.);
#3543=ORIENTED_EDGE('',*,*,#2670,.T.);
#3544=ORIENTED_EDGE('',*,*,#2671,.T.);
#3545=ORIENTED_EDGE('',*,*,#2672,.T.);
#3546=ORIENTED_EDGE('',*,*,#2673,.T.);
#3547=ORIENTED_EDGE('',*,*,#2674,.T.);
#3548=ORIENTED_EDGE('',*,*,#2675,.T.);
#3549=ORIENTED_EDGE('',*,*,#2593,.T.);
#3550=ORIENTED_EDGE('',*,*,#2676,.T.);
#3551=ORIENTED_EDGE('',*,*,#2677,.F.);
#3552=ORIENTED_EDGE('',*,*,#2678,.F.);
#3553=ORIENTED_EDGE('',*,*,#2679,.T.);
#3554=ORIENTED_EDGE('',*,*,#2597,.F.);
#3555=ORIENTED_EDGE('',*,*,#2680,.F.);
#3556=ORIENTED_EDGE('',*,*,#2681,.T.);
#3557=ORIENTED_EDGE('',*,*,#2682,.F.);
#3558=ORIENTED_EDGE('',*,*,#2683,.F.);
#3559=ORIENTED_EDGE('',*,*,#2684,.F.);
#3560=ORIENTED_EDGE('',*,*,#2612,.T.);
#3561=ORIENTED_EDGE('',*,*,#2617,.F.);
#3562=ORIENTED_EDGE('',*,*,#2685,.F.);
#3563=ORIENTED_EDGE('',*,*,#2609,.T.);
#3564=ORIENTED_EDGE('',*,*,#2686,.F.);
#3565=ORIENTED_EDGE('',*,*,#2683,.T.);
#3566=ORIENTED_EDGE('',*,*,#2687,.F.);
#3567=ORIENTED_EDGE('',*,*,#2655,.F.);
#3568=ORIENTED_EDGE('',*,*,#2688,.F.);
#3569=ORIENTED_EDGE('',*,*,#2689,.F.);
#3570=ORIENTED_EDGE('',*,*,#2690,.F.);
#3571=ORIENTED_EDGE('',*,*,#2691,.T.);
#3572=ORIENTED_EDGE('',*,*,#2615,.F.);
#3573=ORIENTED_EDGE('',*,*,#2692,.F.);
#3574=ORIENTED_EDGE('',*,*,#2607,.T.);
#3575=ORIENTED_EDGE('',*,*,#2693,.F.);
#3576=ORIENTED_EDGE('',*,*,#2694,.F.);
#3577=ORIENTED_EDGE('',*,*,#2656,.F.);
#3578=ORIENTED_EDGE('',*,*,#2692,.T.);
#3579=ORIENTED_EDGE('',*,*,#2614,.F.);
#3580=ORIENTED_EDGE('',*,*,#2603,.T.);
#3581=ORIENTED_EDGE('',*,*,#2695,.T.);
#3582=ORIENTED_EDGE('',*,*,#2657,.F.);
#3583=ORIENTED_EDGE('',*,*,#2694,.T.);
#3584=ORIENTED_EDGE('',*,*,#2696,.F.);
#3585=ORIENTED_EDGE('',*,*,#2697,.F.);
#3586=ORIENTED_EDGE('',*,*,#2698,.F.);
#3587=ORIENTED_EDGE('',*,*,#2672,.F.);
#3588=ORIENTED_EDGE('',*,*,#2699,.F.);
#3589=ORIENTED_EDGE('',*,*,#2610,.T.);
#3590=ORIENTED_EDGE('',*,*,#2687,.T.);
#3591=ORIENTED_EDGE('',*,*,#2682,.T.);
#3592=ORIENTED_EDGE('',*,*,#2700,.T.);
#3593=ORIENTED_EDGE('',*,*,#2696,.T.);
#3594=ORIENTED_EDGE('',*,*,#2693,.T.);
#3595=ORIENTED_EDGE('',*,*,#2688,.T.);
#3596=ORIENTED_EDGE('',*,*,#2654,.F.);
#3597=ORIENTED_EDGE('',*,*,#2701,.T.);
#3598=ORIENTED_EDGE('',*,*,#2702,.F.);
#3599=ORIENTED_EDGE('',*,*,#2601,.T.);
#3600=ORIENTED_EDGE('',*,*,#2703,.F.);
#3601=ORIENTED_EDGE('',*,*,#2699,.T.);
#3602=ORIENTED_EDGE('',*,*,#2676,.F.);
#3603=ORIENTED_EDGE('',*,*,#2592,.F.);
#3604=ORIENTED_EDGE('',*,*,#2704,.F.);
#3605=ORIENTED_EDGE('',*,*,#2390,.F.);
#3606=ORIENTED_EDGE('',*,*,#2658,.F.);
#3607=ORIENTED_EDGE('',*,*,#2668,.F.);
#3608=ORIENTED_EDGE('',*,*,#2705,.T.);
#3609=ORIENTED_EDGE('',*,*,#2706,.F.);
#3610=ORIENTED_EDGE('',*,*,#2697,.T.);
#3611=ORIENTED_EDGE('',*,*,#2700,.F.);
#3612=ORIENTED_EDGE('',*,*,#2681,.F.);
#3613=ORIENTED_EDGE('',*,*,#2707,.F.);
#3614=ORIENTED_EDGE('',*,*,#2685,.T.);
#3615=ORIENTED_EDGE('',*,*,#2616,.F.);
#3616=ORIENTED_EDGE('',*,*,#2691,.F.);
#3617=ORIENTED_EDGE('',*,*,#2708,.F.);
#3618=ORIENTED_EDGE('',*,*,#2709,.F.);
#3619=ORIENTED_EDGE('',*,*,#2686,.T.);
#3620=ORIENTED_EDGE('',*,*,#2608,.F.);
#3621=ORIENTED_EDGE('',*,*,#2695,.F.);
#3622=ORIENTED_EDGE('',*,*,#2606,.T.);
#3623=ORIENTED_EDGE('',*,*,#2613,.T.);
#3624=ORIENTED_EDGE('',*,*,#2684,.T.);
#3625=ORIENTED_EDGE('',*,*,#2707,.T.);
#3626=ORIENTED_EDGE('',*,*,#2680,.T.);
#3627=ORIENTED_EDGE('',*,*,#2674,.F.);
#3628=ORIENTED_EDGE('',*,*,#2710,.T.);
#3629=ORIENTED_EDGE('',*,*,#2711,.F.);
#3630=ORIENTED_EDGE('',*,*,#2712,.F.);
#3631=ORIENTED_EDGE('',*,*,#2698,.T.);
#3632=ORIENTED_EDGE('',*,*,#2713,.F.);
#3633=ORIENTED_EDGE('',*,*,#2710,.F.);
#3634=ORIENTED_EDGE('',*,*,#2673,.F.);
#3635=ORIENTED_EDGE('',*,*,#2671,.F.);
#3636=ORIENTED_EDGE('',*,*,#2714,.T.);
#3637=ORIENTED_EDGE('',*,*,#2715,.F.);
#3638=ORIENTED_EDGE('',*,*,#2705,.F.);
#3639=ORIENTED_EDGE('',*,*,#2716,.F.);
#3640=ORIENTED_EDGE('',*,*,#2717,.T.);
#3641=ORIENTED_EDGE('',*,*,#2718,.F.);
#3642=ORIENTED_EDGE('',*,*,#2719,.F.);
#3643=ORIENTED_EDGE('',*,*,#2690,.T.);
#3644=ORIENTED_EDGE('',*,*,#2720,.F.);
#3645=ORIENTED_EDGE('',*,*,#2719,.T.);
#3646=ORIENTED_EDGE('',*,*,#2721,.F.);
#3647=ORIENTED_EDGE('',*,*,#2669,.F.);
#3648=ORIENTED_EDGE('',*,*,#2709,.T.);
#3649=ORIENTED_EDGE('',*,*,#2722,.F.);
#3650=ORIENTED_EDGE('',*,*,#2723,.F.);
#3651=ORIENTED_EDGE('',*,*,#2670,.F.);
#3652=ORIENTED_EDGE('',*,*,#2723,.T.);
#3653=ORIENTED_EDGE('',*,*,#2724,.F.);
#3654=ORIENTED_EDGE('',*,*,#2714,.F.);
#3655=ORIENTED_EDGE('',*,*,#2724,.T.);
#3656=ORIENTED_EDGE('',*,*,#2722,.T.);
#3657=ORIENTED_EDGE('',*,*,#2708,.T.);
#3658=ORIENTED_EDGE('',*,*,#2721,.T.);
#3659=ORIENTED_EDGE('',*,*,#2718,.T.);
#3660=ORIENTED_EDGE('',*,*,#2725,.T.);
#3661=ORIENTED_EDGE('',*,*,#2711,.T.);
#3662=ORIENTED_EDGE('',*,*,#2713,.T.);
#3663=ORIENTED_EDGE('',*,*,#2706,.T.);
#3664=ORIENTED_EDGE('',*,*,#2715,.T.);
#3665=ORIENTED_EDGE('',*,*,#2689,.T.);
#3666=ORIENTED_EDGE('',*,*,#2703,.T.);
#3667=ORIENTED_EDGE('',*,*,#2600,.T.);
#3668=ORIENTED_EDGE('',*,*,#2726,.T.);
#3669=ORIENTED_EDGE('',*,*,#2716,.T.);
#3670=ORIENTED_EDGE('',*,*,#2720,.T.);
#3671=ORIENTED_EDGE('',*,*,#2584,.T.);
#3672=ORIENTED_EDGE('',*,*,#2594,.T.);
#3673=ORIENTED_EDGE('',*,*,#2675,.F.);
#3674=ORIENTED_EDGE('',*,*,#2712,.T.);
#3675=ORIENTED_EDGE('',*,*,#2725,.F.);
#3676=ORIENTED_EDGE('',*,*,#2717,.F.);
#3677=ORIENTED_EDGE('',*,*,#2726,.F.);
#3678=ORIENTED_EDGE('',*,*,#2599,.F.);
#3679=ORIENTED_EDGE('',*,*,#2578,.T.);
#3680=ORIENTED_EDGE('',*,*,#2598,.T.);
#3681=ORIENTED_EDGE('',*,*,#2679,.F.);
#3682=ORIENTED_EDGE('',*,*,#2727,.F.);
#3683=ORIENTED_EDGE('',*,*,#2581,.T.);
#3684=ORIENTED_EDGE('',*,*,#2727,.T.);
#3685=ORIENTED_EDGE('',*,*,#2678,.T.);
#3686=ORIENTED_EDGE('',*,*,#2728,.F.);
#3687=ORIENTED_EDGE('',*,*,#2729,.F.);
#3688=ORIENTED_EDGE('',*,*,#2588,.T.);
#3689=ORIENTED_EDGE('',*,*,#2677,.T.);
#3690=ORIENTED_EDGE('',*,*,#2596,.F.);
#3691=ORIENTED_EDGE('',*,*,#2730,.F.);
#3692=ORIENTED_EDGE('',*,*,#2728,.T.);
#3693=ORIENTED_EDGE('',*,*,#2729,.T.);
#3694=ORIENTED_EDGE('',*,*,#2730,.T.);
#3695=ORIENTED_EDGE('',*,*,#2595,.T.);
#3696=ORIENTED_EDGE('',*,*,#2587,.F.);
#3697=ORIENTED_EDGE('',*,*,#2602,.T.);
#3698=ORIENTED_EDGE('',*,*,#2702,.T.);
#3699=ORIENTED_EDGE('',*,*,#2731,.T.);
#3700=ORIENTED_EDGE('',*,*,#2732,.T.);
#3701=ORIENTED_EDGE('',*,*,#2733,.T.);
#3702=ORIENTED_EDGE('',*,*,#2734,.T.);
#3703=ORIENTED_EDGE('',*,*,#2735,.T.);
#3704=ORIENTED_EDGE('',*,*,#2736,.T.);
#3705=ORIENTED_EDGE('',*,*,#2737,.T.);
#3706=ORIENTED_EDGE('',*,*,#2738,.T.);
#3707=ORIENTED_EDGE('',*,*,#2739,.T.);
#3708=ORIENTED_EDGE('',*,*,#2740,.T.);
#3709=ORIENTED_EDGE('',*,*,#2741,.T.);
#3710=ORIENTED_EDGE('',*,*,#2742,.T.);
#3711=ORIENTED_EDGE('',*,*,#2743,.T.);
#3712=ORIENTED_EDGE('',*,*,#2744,.T.);
#3713=ORIENTED_EDGE('',*,*,#2391,.T.);
#3714=ORIENTED_EDGE('',*,*,#2704,.T.);
#3715=ORIENTED_EDGE('',*,*,#2591,.T.);
#3716=ORIENTED_EDGE('',*,*,#2589,.F.);
#3717=ORIENTED_EDGE('',*,*,#2426,.T.);
#3718=ORIENTED_EDGE('',*,*,#2429,.T.);
#3719=ORIENTED_EDGE('',*,*,#2432,.T.);
#3720=ORIENTED_EDGE('',*,*,#2435,.T.);
#3721=ORIENTED_EDGE('',*,*,#2416,.T.);
#3722=ORIENTED_EDGE('',*,*,#2745,.F.);
#3723=ORIENTED_EDGE('',*,*,#2648,.F.);
#3724=ORIENTED_EDGE('',*,*,#2746,.T.);
#3725=ORIENTED_EDGE('',*,*,#2415,.T.);
#3726=ORIENTED_EDGE('',*,*,#2747,.F.);
#3727=ORIENTED_EDGE('',*,*,#2649,.T.);
#3728=ORIENTED_EDGE('',*,*,#2745,.T.);
#3729=ORIENTED_EDGE('',*,*,#2732,.F.);
#3730=ORIENTED_EDGE('',*,*,#2748,.T.);
#3731=ORIENTED_EDGE('',*,*,#2749,.F.);
#3732=ORIENTED_EDGE('',*,*,#2750,.F.);
#3733=ORIENTED_EDGE('',*,*,#2733,.F.);
#3734=ORIENTED_EDGE('',*,*,#2750,.T.);
#3735=ORIENTED_EDGE('',*,*,#2751,.F.);
#3736=ORIENTED_EDGE('',*,*,#2752,.F.);
#3737=ORIENTED_EDGE('',*,*,#2734,.F.);
#3738=ORIENTED_EDGE('',*,*,#2752,.T.);
#3739=ORIENTED_EDGE('',*,*,#2753,.F.);
#3740=ORIENTED_EDGE('',*,*,#2754,.F.);
#3741=ORIENTED_EDGE('',*,*,#2735,.F.);
#3742=ORIENTED_EDGE('',*,*,#2754,.T.);
#3743=ORIENTED_EDGE('',*,*,#2755,.F.);
#3744=ORIENTED_EDGE('',*,*,#2756,.F.);
#3745=ORIENTED_EDGE('',*,*,#2736,.F.);
#3746=ORIENTED_EDGE('',*,*,#2756,.T.);
#3747=ORIENTED_EDGE('',*,*,#2757,.F.);
#3748=ORIENTED_EDGE('',*,*,#2758,.F.);
#3749=ORIENTED_EDGE('',*,*,#2737,.F.);
#3750=ORIENTED_EDGE('',*,*,#2758,.T.);
#3751=ORIENTED_EDGE('',*,*,#2759,.F.);
#3752=ORIENTED_EDGE('',*,*,#2760,.F.);
#3753=ORIENTED_EDGE('',*,*,#2738,.F.);
#3754=ORIENTED_EDGE('',*,*,#2760,.T.);
#3755=ORIENTED_EDGE('',*,*,#2761,.F.);
#3756=ORIENTED_EDGE('',*,*,#2762,.F.);
#3757=ORIENTED_EDGE('',*,*,#2739,.F.);
#3758=ORIENTED_EDGE('',*,*,#2762,.T.);
#3759=ORIENTED_EDGE('',*,*,#2763,.F.);
#3760=ORIENTED_EDGE('',*,*,#2764,.F.);
#3761=ORIENTED_EDGE('',*,*,#2740,.F.);
#3762=ORIENTED_EDGE('',*,*,#2764,.T.);
#3763=ORIENTED_EDGE('',*,*,#2765,.F.);
#3764=ORIENTED_EDGE('',*,*,#2766,.F.);
#3765=ORIENTED_EDGE('',*,*,#2741,.F.);
#3766=ORIENTED_EDGE('',*,*,#2766,.T.);
#3767=ORIENTED_EDGE('',*,*,#2767,.F.);
#3768=ORIENTED_EDGE('',*,*,#2768,.F.);
#3769=ORIENTED_EDGE('',*,*,#2742,.F.);
#3770=ORIENTED_EDGE('',*,*,#2768,.T.);
#3771=ORIENTED_EDGE('',*,*,#2769,.F.);
#3772=ORIENTED_EDGE('',*,*,#2770,.F.);
#3773=ORIENTED_EDGE('',*,*,#2743,.F.);
#3774=ORIENTED_EDGE('',*,*,#2770,.T.);
#3775=ORIENTED_EDGE('',*,*,#2771,.F.);
#3776=ORIENTED_EDGE('',*,*,#2772,.F.);
#3777=ORIENTED_EDGE('',*,*,#2744,.F.);
#3778=ORIENTED_EDGE('',*,*,#2772,.T.);
#3779=ORIENTED_EDGE('',*,*,#2773,.F.);
#3780=ORIENTED_EDGE('',*,*,#2392,.F.);
#3781=ORIENTED_EDGE('',*,*,#2413,.T.);
#3782=ORIENTED_EDGE('',*,*,#2361,.T.);
#3783=ORIENTED_EDGE('',*,*,#2774,.F.);
#3784=ORIENTED_EDGE('',*,*,#2422,.F.);
#3785=ORIENTED_EDGE('',*,*,#2409,.T.);
#3786=ORIENTED_EDGE('',*,*,#2369,.T.);
#3787=ORIENTED_EDGE('',*,*,#2417,.T.);
#3788=ORIENTED_EDGE('',*,*,#2746,.F.);
#3789=ORIENTED_EDGE('',*,*,#2647,.F.);
#3790=ORIENTED_EDGE('',*,*,#2355,.T.);
#3791=ORIENTED_EDGE('',*,*,#2418,.T.);
#3792=ORIENTED_EDGE('',*,*,#2353,.T.);
#3793=ORIENTED_EDGE('',*,*,#2774,.T.);
#3794=ORIENTED_EDGE('',*,*,#2360,.T.);
#3795=ORIENTED_EDGE('',*,*,#2367,.T.);
#3796=ORIENTED_EDGE('',*,*,#2393,.T.);
#3797=ORIENTED_EDGE('',*,*,#2773,.T.);
#3798=ORIENTED_EDGE('',*,*,#2771,.T.);
#3799=ORIENTED_EDGE('',*,*,#2769,.T.);
#3800=ORIENTED_EDGE('',*,*,#2767,.T.);
#3801=ORIENTED_EDGE('',*,*,#2765,.T.);
#3802=ORIENTED_EDGE('',*,*,#2763,.T.);
#3803=ORIENTED_EDGE('',*,*,#2761,.T.);
#3804=ORIENTED_EDGE('',*,*,#2759,.T.);
#3805=ORIENTED_EDGE('',*,*,#2757,.T.);
#3806=ORIENTED_EDGE('',*,*,#2755,.T.);
#3807=ORIENTED_EDGE('',*,*,#2753,.T.);
#3808=ORIENTED_EDGE('',*,*,#2751,.T.);
#3809=ORIENTED_EDGE('',*,*,#2749,.T.);
#3810=ORIENTED_EDGE('',*,*,#2775,.T.);
#3811=ORIENTED_EDGE('',*,*,#2420,.T.);
#3812=ORIENTED_EDGE('',*,*,#2423,.T.);
#3813=ORIENTED_EDGE('',*,*,#2645,.F.);
#3814=ORIENTED_EDGE('',*,*,#2636,.F.);
#3815=ORIENTED_EDGE('',*,*,#2652,.T.);
#3816=ORIENTED_EDGE('',*,*,#2539,.T.);
#3817=ORIENTED_EDGE('',*,*,#2510,.T.);
#3818=ORIENTED_EDGE('',*,*,#2517,.T.);
#3819=ORIENTED_EDGE('',*,*,#2515,.F.);
#3820=ORIENTED_EDGE('',*,*,#2543,.T.);
#3821=ORIENTED_EDGE('',*,*,#2650,.T.);
#3822=ORIENTED_EDGE('',*,*,#2747,.T.);
#3823=ORIENTED_EDGE('',*,*,#2414,.T.);
#3824=ORIENTED_EDGE('',*,*,#2406,.T.);
#3825=ORIENTED_EDGE('',*,*,#2412,.F.);
#3826=ORIENTED_EDGE('',*,*,#2421,.T.);
#3827=ORIENTED_EDGE('',*,*,#2775,.F.);
#3828=ORIENTED_EDGE('',*,*,#2748,.F.);
#3829=ORIENTED_EDGE('',*,*,#2731,.F.);
#3830=ORIENTED_EDGE('',*,*,#2701,.F.);
#3831=ORIENTED_EDGE('',*,*,#2653,.T.);
#3832=ORIENTED_EDGE('',*,*,#2644,.T.);
#3833=ORIENTED_EDGE('',*,*,#2497,.T.);
#3834=ORIENTED_EDGE('',*,*,#2491,.T.);
#3835=ORIENTED_EDGE('',*,*,#2651,.T.);
#3836=ORIENTED_EDGE('',*,*,#2487,.T.);
#3837=ORIENTED_EDGE('',*,*,#2625,.T.);
#3838=ORIENTED_EDGE('',*,*,#2482,.F.);
#3839=ORIENTED_EDGE('',*,*,#2646,.T.);
#3840=ORIENTED_EDGE('',*,*,#2633,.T.);
#3841=ORIENTED_EDGE('',*,*,#2776,.F.);
#3842=ORIENTED_EDGE('',*,*,#2777,.T.);
#3843=ORIENTED_EDGE('',*,*,#2778,.T.);
#3844=ORIENTED_EDGE('',*,*,#2779,.T.);
#3845=ORIENTED_EDGE('',*,*,#2780,.T.);
#3846=ORIENTED_EDGE('',*,*,#2781,.T.);
#3847=ORIENTED_EDGE('',*,*,#2782,.F.);
#3848=ORIENTED_EDGE('',*,*,#2783,.T.);
#3849=ORIENTED_EDGE('',*,*,#2784,.T.);
#3850=ORIENTED_EDGE('',*,*,#2782,.T.);
#3851=ORIENTED_EDGE('',*,*,#2785,.T.);
#3852=ORIENTED_EDGE('',*,*,#2776,.T.);
#3853=ORIENTED_EDGE('',*,*,#2781,.F.);
#3854=ORIENTED_EDGE('',*,*,#2786,.T.);
#3855=ORIENTED_EDGE('',*,*,#2777,.F.);
#3856=ORIENTED_EDGE('',*,*,#2785,.F.);
#3857=ORIENTED_EDGE('',*,*,#2780,.F.);
#3858=ORIENTED_EDGE('',*,*,#2787,.T.);
#3859=ORIENTED_EDGE('',*,*,#2778,.F.);
#3860=ORIENTED_EDGE('',*,*,#2786,.F.);
#3861=ORIENTED_EDGE('',*,*,#2783,.F.);
#3862=ORIENTED_EDGE('',*,*,#2784,.F.);
#3863=ORIENTED_EDGE('',*,*,#2779,.F.);
#3864=ORIENTED_EDGE('',*,*,#2787,.F.);
#3865=ORIENTED_EDGE('',*,*,#2788,.F.);
#3866=ORIENTED_EDGE('',*,*,#2789,.T.);
#3867=ORIENTED_EDGE('',*,*,#2790,.F.);
#3868=ORIENTED_EDGE('',*,*,#2789,.F.);
#3869=ORIENTED_EDGE('',*,*,#2788,.T.);
#3870=ORIENTED_EDGE('',*,*,#2791,.F.);
#3871=ORIENTED_EDGE('',*,*,#2792,.T.);
#3872=ORIENTED_EDGE('',*,*,#2793,.T.);
#3873=ORIENTED_EDGE('',*,*,#2794,.F.);
#3874=ORIENTED_EDGE('',*,*,#2795,.F.);
#3875=ORIENTED_EDGE('',*,*,#2796,.F.);
#3876=ORIENTED_EDGE('',*,*,#2797,.F.);
#3877=ORIENTED_EDGE('',*,*,#2792,.F.);
#3878=ORIENTED_EDGE('',*,*,#2798,.F.);
#3879=ORIENTED_EDGE('',*,*,#2799,.F.);
#3880=ORIENTED_EDGE('',*,*,#2800,.T.);
#3881=ORIENTED_EDGE('',*,*,#2801,.F.);
#3882=ORIENTED_EDGE('',*,*,#2795,.T.);
#3883=ORIENTED_EDGE('',*,*,#2802,.F.);
#3884=ORIENTED_EDGE('',*,*,#2803,.F.);
#3885=ORIENTED_EDGE('',*,*,#2804,.F.);
#3886=ORIENTED_EDGE('',*,*,#2805,.F.);
#3887=ORIENTED_EDGE('',*,*,#2806,.T.);
#3888=ORIENTED_EDGE('',*,*,#2804,.T.);
#3889=ORIENTED_EDGE('',*,*,#2807,.T.);
#3890=ORIENTED_EDGE('',*,*,#2808,.F.);
#3891=ORIENTED_EDGE('',*,*,#2809,.F.);
#3892=ORIENTED_EDGE('',*,*,#2810,.F.);
#3893=ORIENTED_EDGE('',*,*,#2811,.F.);
#3894=ORIENTED_EDGE('',*,*,#2812,.T.);
#3895=ORIENTED_EDGE('',*,*,#2813,.T.);
#3896=ORIENTED_EDGE('',*,*,#2790,.T.);
#3897=ORIENTED_EDGE('',*,*,#2814,.F.);
#3898=ORIENTED_EDGE('',*,*,#2809,.T.);
#3899=ORIENTED_EDGE('',*,*,#2815,.F.);
#3900=ORIENTED_EDGE('',*,*,#2816,.F.);
#3901=ORIENTED_EDGE('',*,*,#2803,.T.);
#3902=ORIENTED_EDGE('',*,*,#2817,.F.);
#3903=ORIENTED_EDGE('',*,*,#2818,.F.);
#3904=ORIENTED_EDGE('',*,*,#2819,.T.);
#3905=ORIENTED_EDGE('',*,*,#2820,.F.);
#3906=ORIENTED_EDGE('',*,*,#2807,.F.);
#3907=ORIENTED_EDGE('',*,*,#2808,.T.);
#3908=ORIENTED_EDGE('',*,*,#2820,.T.);
#3909=ORIENTED_EDGE('',*,*,#2821,.T.);
#3910=ORIENTED_EDGE('',*,*,#2815,.T.);
#3911=ORIENTED_EDGE('',*,*,#2817,.T.);
#3912=ORIENTED_EDGE('',*,*,#2802,.T.);
#3913=ORIENTED_EDGE('',*,*,#2799,.T.);
#3914=ORIENTED_EDGE('',*,*,#2822,.F.);
#3915=ORIENTED_EDGE('',*,*,#2823,.T.);
#3916=ORIENTED_EDGE('',*,*,#2824,.T.);
#3917=ORIENTED_EDGE('',*,*,#2794,.T.);
#3918=ORIENTED_EDGE('',*,*,#2825,.T.);
#3919=ORIENTED_EDGE('',*,*,#2826,.F.);
#3920=ORIENTED_EDGE('',*,*,#2800,.F.);
#3921=ORIENTED_EDGE('',*,*,#2806,.F.);
#3922=ORIENTED_EDGE('',*,*,#2827,.F.);
#3923=ORIENTED_EDGE('',*,*,#2828,.T.);
#3924=ORIENTED_EDGE('',*,*,#2829,.T.);
#3925=ORIENTED_EDGE('',*,*,#2830,.F.);
#3926=ORIENTED_EDGE('',*,*,#2816,.T.);
#3927=ORIENTED_EDGE('',*,*,#2821,.F.);
#3928=ORIENTED_EDGE('',*,*,#2819,.F.);
#3929=ORIENTED_EDGE('',*,*,#2831,.F.);
#3930=ORIENTED_EDGE('',*,*,#2832,.T.);
#3931=ORIENTED_EDGE('',*,*,#2812,.F.);
#3932=ORIENTED_EDGE('',*,*,#2833,.F.);
#3933=ORIENTED_EDGE('',*,*,#2828,.F.);
#3934=ORIENTED_EDGE('',*,*,#2834,.T.);
#3935=ORIENTED_EDGE('',*,*,#2835,.T.);
#3936=ORIENTED_EDGE('',*,*,#2836,.T.);
#3937=ORIENTED_EDGE('',*,*,#2837,.F.);
#3938=ORIENTED_EDGE('',*,*,#2838,.F.);
#3939=ORIENTED_EDGE('',*,*,#2839,.F.);
#3940=ORIENTED_EDGE('',*,*,#2840,.F.);
#3941=ORIENTED_EDGE('',*,*,#2805,.T.);
#3942=ORIENTED_EDGE('',*,*,#2841,.T.);
#3943=ORIENTED_EDGE('',*,*,#2842,.T.);
#3944=ORIENTED_EDGE('',*,*,#2843,.T.);
#3945=ORIENTED_EDGE('',*,*,#2822,.T.);
#3946=ORIENTED_EDGE('',*,*,#2798,.T.);
#3947=ORIENTED_EDGE('',*,*,#2791,.T.);
#3948=ORIENTED_EDGE('',*,*,#2827,.T.);
#3949=ORIENTED_EDGE('',*,*,#2844,.T.);
#3950=ORIENTED_EDGE('',*,*,#2793,.F.);
#3951=ORIENTED_EDGE('',*,*,#2797,.T.);
#3952=ORIENTED_EDGE('',*,*,#2845,.F.);
#3953=ORIENTED_EDGE('',*,*,#2825,.F.);
#3954=ORIENTED_EDGE('',*,*,#2846,.T.);
#3955=ORIENTED_EDGE('',*,*,#2847,.T.);
#3956=ORIENTED_EDGE('',*,*,#2848,.T.);
#3957=ORIENTED_EDGE('',*,*,#2849,.T.);
#3958=ORIENTED_EDGE('',*,*,#2845,.T.);
#3959=ORIENTED_EDGE('',*,*,#2796,.T.);
#3960=ORIENTED_EDGE('',*,*,#2801,.T.);
#3961=ORIENTED_EDGE('',*,*,#2826,.T.);
#3962=ORIENTED_EDGE('',*,*,#2850,.T.);
#3963=ORIENTED_EDGE('',*,*,#2842,.F.);
#3964=ORIENTED_EDGE('',*,*,#2851,.F.);
#3965=ORIENTED_EDGE('',*,*,#2837,.T.);
#3966=ORIENTED_EDGE('',*,*,#2832,.F.);
#3967=ORIENTED_EDGE('',*,*,#2852,.T.);
#3968=ORIENTED_EDGE('',*,*,#2847,.F.);
#3969=ORIENTED_EDGE('',*,*,#2853,.F.);
#3970=ORIENTED_EDGE('',*,*,#2854,.F.);
#3971=ORIENTED_EDGE('',*,*,#2834,.F.);
#3972=ORIENTED_EDGE('',*,*,#2818,.T.);
#3973=ORIENTED_EDGE('',*,*,#2824,.F.);
#3974=ORIENTED_EDGE('',*,*,#2855,.T.);
#3975=ORIENTED_EDGE('',*,*,#2848,.F.);
#3976=ORIENTED_EDGE('',*,*,#2852,.F.);
#3977=ORIENTED_EDGE('',*,*,#2831,.T.);
#3978=ORIENTED_EDGE('',*,*,#2855,.F.);
#3979=ORIENTED_EDGE('',*,*,#2823,.F.);
#3980=ORIENTED_EDGE('',*,*,#2843,.F.);
#3981=ORIENTED_EDGE('',*,*,#2850,.F.);
#3982=ORIENTED_EDGE('',*,*,#2836,.F.);
#3983=ORIENTED_EDGE('',*,*,#2856,.F.);
#3984=ORIENTED_EDGE('',*,*,#2857,.F.);
#3985=ORIENTED_EDGE('',*,*,#2849,.F.);
#3986=ORIENTED_EDGE('',*,*,#2857,.T.);
#3987=ORIENTED_EDGE('',*,*,#2858,.F.);
#3988=ORIENTED_EDGE('',*,*,#2853,.T.);
#3989=ORIENTED_EDGE('',*,*,#2846,.F.);
#3990=ORIENTED_EDGE('',*,*,#2858,.T.);
#3991=ORIENTED_EDGE('',*,*,#2856,.T.);
#3992=ORIENTED_EDGE('',*,*,#2835,.F.);
#3993=ORIENTED_EDGE('',*,*,#2854,.T.);
#3994=ORIENTED_EDGE('',*,*,#2844,.F.);
#3995=ORIENTED_EDGE('',*,*,#2859,.T.);
#3996=ORIENTED_EDGE('',*,*,#2839,.T.);
#3997=ORIENTED_EDGE('',*,*,#2859,.F.);
#3998=ORIENTED_EDGE('',*,*,#2860,.F.);
#3999=ORIENTED_EDGE('',*,*,#2861,.T.);
#4000=ORIENTED_EDGE('',*,*,#2840,.T.);
#4001=ORIENTED_EDGE('',*,*,#2861,.F.);
#4002=ORIENTED_EDGE('',*,*,#2833,.T.);
#4003=ORIENTED_EDGE('',*,*,#2811,.T.);
#4004=ORIENTED_EDGE('',*,*,#2862,.F.);
#4005=ORIENTED_EDGE('',*,*,#2829,.F.);
#4006=ORIENTED_EDGE('',*,*,#2838,.T.);
#4007=ORIENTED_EDGE('',*,*,#2851,.T.);
#4008=ORIENTED_EDGE('',*,*,#2841,.F.);
#4009=ORIENTED_EDGE('',*,*,#2813,.F.);
#4010=ORIENTED_EDGE('',*,*,#2814,.T.);
#4011=ORIENTED_EDGE('',*,*,#2830,.T.);
#4012=ORIENTED_EDGE('',*,*,#2862,.T.);
#4013=ORIENTED_EDGE('',*,*,#2810,.T.);
#4014=ORIENTED_EDGE('',*,*,#2860,.T.);
#4015=ORIENTED_EDGE('',*,*,#2863,.F.);
#4016=ORIENTED_EDGE('',*,*,#2864,.T.);
#4017=ORIENTED_EDGE('',*,*,#2865,.T.);
#4018=ORIENTED_EDGE('',*,*,#2864,.F.);
#4019=ORIENTED_EDGE('',*,*,#2863,.T.);
#4020=ORIENTED_EDGE('',*,*,#2866,.F.);
#4021=ORIENTED_EDGE('',*,*,#2867,.F.);
#4022=ORIENTED_EDGE('',*,*,#2868,.T.);
#4023=ORIENTED_EDGE('',*,*,#2866,.T.);
#4024=ORIENTED_EDGE('',*,*,#2868,.F.);
#4025=ORIENTED_EDGE('',*,*,#2867,.T.);
#4026=ORIENTED_EDGE('',*,*,#2865,.F.);
#4027=ORIENTED_EDGE('',*,*,#2869,.F.);
#4028=ORIENTED_EDGE('',*,*,#2870,.T.);
#4029=ORIENTED_EDGE('',*,*,#2871,.T.);
#4030=ORIENTED_EDGE('',*,*,#2870,.F.);
#4031=ORIENTED_EDGE('',*,*,#2869,.T.);
#4032=ORIENTED_EDGE('',*,*,#2872,.F.);
#4033=ORIENTED_EDGE('',*,*,#2873,.F.);
#4034=ORIENTED_EDGE('',*,*,#2874,.T.);
#4035=ORIENTED_EDGE('',*,*,#2872,.T.);
#4036=ORIENTED_EDGE('',*,*,#2874,.F.);
#4037=ORIENTED_EDGE('',*,*,#2873,.T.);
#4038=ORIENTED_EDGE('',*,*,#2871,.F.);
#4039=ORIENTED_EDGE('',*,*,#2875,.F.);
#4040=ORIENTED_EDGE('',*,*,#2876,.T.);
#4041=ORIENTED_EDGE('',*,*,#2877,.T.);
#4042=ORIENTED_EDGE('',*,*,#2876,.F.);
#4043=ORIENTED_EDGE('',*,*,#2878,.F.);
#4044=ORIENTED_EDGE('',*,*,#2879,.T.);
#4045=ORIENTED_EDGE('',*,*,#2880,.T.);
#4046=ORIENTED_EDGE('',*,*,#2879,.F.);
#4047=ORIENTED_EDGE('',*,*,#2878,.T.);
#4048=ORIENTED_EDGE('',*,*,#2875,.T.);
#4049=ORIENTED_EDGE('',*,*,#2880,.F.);
#4050=ORIENTED_EDGE('',*,*,#2877,.F.);
#4051=ORIENTED_EDGE('',*,*,#2881,.F.);
#4052=ORIENTED_EDGE('',*,*,#2882,.T.);
#4053=ORIENTED_EDGE('',*,*,#2883,.T.);
#4054=ORIENTED_EDGE('',*,*,#2882,.F.);
#4055=ORIENTED_EDGE('',*,*,#2884,.F.);
#4056=ORIENTED_EDGE('',*,*,#2885,.T.);
#4057=ORIENTED_EDGE('',*,*,#2886,.T.);
#4058=ORIENTED_EDGE('',*,*,#2885,.F.);
#4059=ORIENTED_EDGE('',*,*,#2884,.T.);
#4060=ORIENTED_EDGE('',*,*,#2881,.T.);
#4061=ORIENTED_EDGE('',*,*,#2886,.F.);
#4062=ORIENTED_EDGE('',*,*,#2883,.F.);
#4063=ORIENTED_EDGE('',*,*,#2887,.F.);
#4064=ORIENTED_EDGE('',*,*,#2888,.T.);
#4065=ORIENTED_EDGE('',*,*,#2889,.T.);
#4066=ORIENTED_EDGE('',*,*,#2888,.F.);
#4067=ORIENTED_EDGE('',*,*,#2890,.F.);
#4068=ORIENTED_EDGE('',*,*,#2891,.T.);
#4069=ORIENTED_EDGE('',*,*,#2892,.T.);
#4070=ORIENTED_EDGE('',*,*,#2891,.F.);
#4071=ORIENTED_EDGE('',*,*,#2890,.T.);
#4072=ORIENTED_EDGE('',*,*,#2887,.T.);
#4073=ORIENTED_EDGE('',*,*,#2892,.F.);
#4074=ORIENTED_EDGE('',*,*,#2889,.F.);
#4075=ORIENTED_EDGE('',*,*,#2893,.F.);
#4076=ORIENTED_EDGE('',*,*,#2894,.T.);
#4077=ORIENTED_EDGE('',*,*,#2895,.T.);
#4078=ORIENTED_EDGE('',*,*,#2894,.F.);
#4079=ORIENTED_EDGE('',*,*,#2896,.F.);
#4080=ORIENTED_EDGE('',*,*,#2897,.T.);
#4081=ORIENTED_EDGE('',*,*,#2898,.T.);
#4082=ORIENTED_EDGE('',*,*,#2897,.F.);
#4083=ORIENTED_EDGE('',*,*,#2896,.T.);
#4084=ORIENTED_EDGE('',*,*,#2893,.T.);
#4085=ORIENTED_EDGE('',*,*,#2898,.F.);
#4086=ORIENTED_EDGE('',*,*,#2895,.F.);
#4087=ORIENTED_EDGE('',*,*,#2899,.F.);
#4088=ORIENTED_EDGE('',*,*,#2900,.T.);
#4089=ORIENTED_EDGE('',*,*,#2901,.T.);
#4090=ORIENTED_EDGE('',*,*,#2900,.F.);
#4091=ORIENTED_EDGE('',*,*,#2902,.F.);
#4092=ORIENTED_EDGE('',*,*,#2903,.T.);
#4093=ORIENTED_EDGE('',*,*,#2904,.T.);
#4094=ORIENTED_EDGE('',*,*,#2903,.F.);
#4095=ORIENTED_EDGE('',*,*,#2902,.T.);
#4096=ORIENTED_EDGE('',*,*,#2899,.T.);
#4097=ORIENTED_EDGE('',*,*,#2904,.F.);
#4098=ORIENTED_EDGE('',*,*,#2901,.F.);
#4099=ORIENTED_EDGE('',*,*,#2905,.F.);
#4100=ORIENTED_EDGE('',*,*,#2906,.T.);
#4101=ORIENTED_EDGE('',*,*,#2907,.T.);
#4102=ORIENTED_EDGE('',*,*,#2906,.F.);
#4103=ORIENTED_EDGE('',*,*,#2908,.F.);
#4104=ORIENTED_EDGE('',*,*,#2909,.T.);
#4105=ORIENTED_EDGE('',*,*,#2910,.T.);
#4106=ORIENTED_EDGE('',*,*,#2909,.F.);
#4107=ORIENTED_EDGE('',*,*,#2908,.T.);
#4108=ORIENTED_EDGE('',*,*,#2905,.T.);
#4109=ORIENTED_EDGE('',*,*,#2910,.F.);
#4110=ORIENTED_EDGE('',*,*,#2907,.F.);
#4111=ORIENTED_EDGE('',*,*,#2911,.F.);
#4112=ORIENTED_EDGE('',*,*,#2912,.T.);
#4113=ORIENTED_EDGE('',*,*,#2913,.T.);
#4114=ORIENTED_EDGE('',*,*,#2912,.F.);
#4115=ORIENTED_EDGE('',*,*,#2914,.F.);
#4116=ORIENTED_EDGE('',*,*,#2915,.T.);
#4117=ORIENTED_EDGE('',*,*,#2916,.T.);
#4118=ORIENTED_EDGE('',*,*,#2915,.F.);
#4119=ORIENTED_EDGE('',*,*,#2914,.T.);
#4120=ORIENTED_EDGE('',*,*,#2911,.T.);
#4121=ORIENTED_EDGE('',*,*,#2916,.F.);
#4122=ORIENTED_EDGE('',*,*,#2913,.F.);
#4123=ORIENTED_EDGE('',*,*,#2917,.F.);
#4124=ORIENTED_EDGE('',*,*,#2918,.T.);
#4125=ORIENTED_EDGE('',*,*,#2919,.T.);
#4126=ORIENTED_EDGE('',*,*,#2918,.F.);
#4127=ORIENTED_EDGE('',*,*,#2920,.F.);
#4128=ORIENTED_EDGE('',*,*,#2921,.T.);
#4129=ORIENTED_EDGE('',*,*,#2922,.T.);
#4130=ORIENTED_EDGE('',*,*,#2921,.F.);
#4131=ORIENTED_EDGE('',*,*,#2920,.T.);
#4132=ORIENTED_EDGE('',*,*,#2917,.T.);
#4133=ORIENTED_EDGE('',*,*,#2922,.F.);
#4134=ORIENTED_EDGE('',*,*,#2919,.F.);
#4135=ORIENTED_EDGE('',*,*,#2923,.F.);
#4136=ORIENTED_EDGE('',*,*,#2924,.T.);
#4137=ORIENTED_EDGE('',*,*,#2925,.T.);
#4138=ORIENTED_EDGE('',*,*,#2924,.F.);
#4139=ORIENTED_EDGE('',*,*,#2926,.F.);
#4140=ORIENTED_EDGE('',*,*,#2927,.T.);
#4141=ORIENTED_EDGE('',*,*,#2928,.T.);
#4142=ORIENTED_EDGE('',*,*,#2927,.F.);
#4143=ORIENTED_EDGE('',*,*,#2926,.T.);
#4144=ORIENTED_EDGE('',*,*,#2923,.T.);
#4145=ORIENTED_EDGE('',*,*,#2928,.F.);
#4146=ORIENTED_EDGE('',*,*,#2925,.F.);
#4147=ORIENTED_EDGE('',*,*,#2929,.F.);
#4148=ORIENTED_EDGE('',*,*,#2930,.T.);
#4149=ORIENTED_EDGE('',*,*,#2931,.T.);
#4150=ORIENTED_EDGE('',*,*,#2930,.F.);
#4151=ORIENTED_EDGE('',*,*,#2932,.F.);
#4152=ORIENTED_EDGE('',*,*,#2933,.T.);
#4153=ORIENTED_EDGE('',*,*,#2934,.T.);
#4154=ORIENTED_EDGE('',*,*,#2933,.F.);
#4155=ORIENTED_EDGE('',*,*,#2932,.T.);
#4156=ORIENTED_EDGE('',*,*,#2929,.T.);
#4157=ORIENTED_EDGE('',*,*,#2934,.F.);
#4158=ORIENTED_EDGE('',*,*,#2931,.F.);
#4159=ORIENTED_EDGE('',*,*,#2935,.F.);
#4160=ORIENTED_EDGE('',*,*,#2936,.T.);
#4161=ORIENTED_EDGE('',*,*,#2937,.T.);
#4162=ORIENTED_EDGE('',*,*,#2936,.F.);
#4163=ORIENTED_EDGE('',*,*,#2935,.T.);
#4164=ORIENTED_EDGE('',*,*,#2938,.F.);
#4165=ORIENTED_EDGE('',*,*,#2939,.F.);
#4166=ORIENTED_EDGE('',*,*,#2940,.T.);
#4167=ORIENTED_EDGE('',*,*,#2938,.T.);
#4168=ORIENTED_EDGE('',*,*,#2940,.F.);
#4169=ORIENTED_EDGE('',*,*,#2939,.T.);
#4170=ORIENTED_EDGE('',*,*,#2937,.F.);
#4171=ORIENTED_EDGE('',*,*,#2941,.F.);
#4172=ORIENTED_EDGE('',*,*,#2942,.T.);
#4173=ORIENTED_EDGE('',*,*,#2943,.T.);
#4174=ORIENTED_EDGE('',*,*,#2942,.F.);
#4175=ORIENTED_EDGE('',*,*,#2941,.T.);
#4176=ORIENTED_EDGE('',*,*,#2944,.F.);
#4177=ORIENTED_EDGE('',*,*,#2945,.F.);
#4178=ORIENTED_EDGE('',*,*,#2946,.T.);
#4179=ORIENTED_EDGE('',*,*,#2944,.T.);
#4180=ORIENTED_EDGE('',*,*,#2946,.F.);
#4181=ORIENTED_EDGE('',*,*,#2945,.T.);
#4182=ORIENTED_EDGE('',*,*,#2943,.F.);
#4183=ORIENTED_EDGE('',*,*,#2947,.F.);
#4184=ORIENTED_EDGE('',*,*,#2948,.T.);
#4185=ORIENTED_EDGE('',*,*,#2949,.F.);
#4186=ORIENTED_EDGE('',*,*,#2948,.F.);
#4187=ORIENTED_EDGE('',*,*,#2950,.F.);
#4188=ORIENTED_EDGE('',*,*,#2951,.T.);
#4189=ORIENTED_EDGE('',*,*,#2952,.T.);
#4190=ORIENTED_EDGE('',*,*,#2951,.F.);
#4191=ORIENTED_EDGE('',*,*,#2953,.F.);
#4192=ORIENTED_EDGE('',*,*,#2954,.T.);
#4193=ORIENTED_EDGE('',*,*,#2955,.T.);
#4194=ORIENTED_EDGE('',*,*,#2954,.F.);
#4195=ORIENTED_EDGE('',*,*,#2956,.T.);
#4196=ORIENTED_EDGE('',*,*,#2957,.T.);
#4197=ORIENTED_EDGE('',*,*,#2958,.F.);
#4198=ORIENTED_EDGE('',*,*,#2959,.F.);
#4199=ORIENTED_EDGE('',*,*,#2947,.T.);
#4200=ORIENTED_EDGE('',*,*,#2960,.T.);
#4201=ORIENTED_EDGE('',*,*,#2959,.T.);
#4202=ORIENTED_EDGE('',*,*,#2961,.F.);
#4203=ORIENTED_EDGE('',*,*,#2962,.F.);
#4204=ORIENTED_EDGE('',*,*,#2963,.T.);
#4205=ORIENTED_EDGE('',*,*,#2962,.T.);
#4206=ORIENTED_EDGE('',*,*,#2964,.F.);
#4207=ORIENTED_EDGE('',*,*,#2965,.F.);
#4208=ORIENTED_EDGE('',*,*,#2949,.T.);
#4209=ORIENTED_EDGE('',*,*,#2966,.T.);
#4210=ORIENTED_EDGE('',*,*,#2965,.T.);
#4211=ORIENTED_EDGE('',*,*,#2967,.F.);
#4212=ORIENTED_EDGE('',*,*,#2957,.F.);
#4213=ORIENTED_EDGE('',*,*,#2967,.T.);
#4214=ORIENTED_EDGE('',*,*,#2964,.T.);
#4215=ORIENTED_EDGE('',*,*,#2961,.T.);
#4216=ORIENTED_EDGE('',*,*,#2958,.T.);
#4217=ORIENTED_EDGE('',*,*,#2953,.T.);
#4218=ORIENTED_EDGE('',*,*,#2950,.T.);
#4219=ORIENTED_EDGE('',*,*,#2966,.F.);
#4220=ORIENTED_EDGE('',*,*,#2956,.F.);
#4221=ORIENTED_EDGE('',*,*,#2960,.F.);
#4222=ORIENTED_EDGE('',*,*,#2963,.F.);
#4223=ORIENTED_EDGE('',*,*,#2955,.F.);
#4224=ORIENTED_EDGE('',*,*,#2952,.F.);
#4225=ORIENTED_EDGE('',*,*,#2968,.F.);
#4226=ORIENTED_EDGE('',*,*,#2969,.T.);
#4227=ORIENTED_EDGE('',*,*,#2970,.F.);
#4228=ORIENTED_EDGE('',*,*,#2969,.F.);
#4229=ORIENTED_EDGE('',*,*,#2971,.F.);
#4230=ORIENTED_EDGE('',*,*,#2972,.T.);
#4231=ORIENTED_EDGE('',*,*,#2973,.T.);
#4232=ORIENTED_EDGE('',*,*,#2972,.F.);
#4233=ORIENTED_EDGE('',*,*,#2974,.F.);
#4234=ORIENTED_EDGE('',*,*,#2975,.T.);
#4235=ORIENTED_EDGE('',*,*,#2976,.T.);
#4236=ORIENTED_EDGE('',*,*,#2975,.F.);
#4237=ORIENTED_EDGE('',*,*,#2977,.T.);
#4238=ORIENTED_EDGE('',*,*,#2978,.T.);
#4239=ORIENTED_EDGE('',*,*,#2979,.F.);
#4240=ORIENTED_EDGE('',*,*,#2980,.F.);
#4241=ORIENTED_EDGE('',*,*,#2968,.T.);
#4242=ORIENTED_EDGE('',*,*,#2981,.T.);
#4243=ORIENTED_EDGE('',*,*,#2980,.T.);
#4244=ORIENTED_EDGE('',*,*,#2982,.F.);
#4245=ORIENTED_EDGE('',*,*,#2983,.F.);
#4246=ORIENTED_EDGE('',*,*,#2984,.T.);
#4247=ORIENTED_EDGE('',*,*,#2983,.T.);
#4248=ORIENTED_EDGE('',*,*,#2985,.F.);
#4249=ORIENTED_EDGE('',*,*,#2986,.F.);
#4250=ORIENTED_EDGE('',*,*,#2970,.T.);
#4251=ORIENTED_EDGE('',*,*,#2987,.T.);
#4252=ORIENTED_EDGE('',*,*,#2986,.T.);
#4253=ORIENTED_EDGE('',*,*,#2988,.F.);
#4254=ORIENTED_EDGE('',*,*,#2978,.F.);
#4255=ORIENTED_EDGE('',*,*,#2988,.T.);
#4256=ORIENTED_EDGE('',*,*,#2985,.T.);
#4257=ORIENTED_EDGE('',*,*,#2982,.T.);
#4258=ORIENTED_EDGE('',*,*,#2979,.T.);
#4259=ORIENTED_EDGE('',*,*,#2974,.T.);
#4260=ORIENTED_EDGE('',*,*,#2971,.T.);
#4261=ORIENTED_EDGE('',*,*,#2987,.F.);
#4262=ORIENTED_EDGE('',*,*,#2977,.F.);
#4263=ORIENTED_EDGE('',*,*,#2981,.F.);
#4264=ORIENTED_EDGE('',*,*,#2984,.F.);
#4265=ORIENTED_EDGE('',*,*,#2976,.F.);
#4266=ORIENTED_EDGE('',*,*,#2973,.F.);
#4267=PLANE('',#4763);
#4268=PLANE('',#4764);
#4269=PLANE('',#4765);
#4270=PLANE('',#4766);
#4271=PLANE('',#4767);
#4272=PLANE('',#4768);
#4273=PLANE('',#4775);
#4274=PLANE('',#4776);
#4275=PLANE('',#4777);
#4276=PLANE('',#4778);
#4277=PLANE('',#4779);
#4278=PLANE('',#4780);
#4279=PLANE('',#4781);
#4280=PLANE('',#4794);
#4281=PLANE('',#4795);
#4282=PLANE('',#4796);
#4283=PLANE('',#4797);
#4284=PLANE('',#4798);
#4285=PLANE('',#4799);
#4286=PLANE('',#4800);
#4287=PLANE('',#4801);
#4288=PLANE('',#4802);
#4289=PLANE('',#4803);
#4290=PLANE('',#4804);
#4291=PLANE('',#4805);
#4292=PLANE('',#4806);
#4293=PLANE('',#4807);
#4294=PLANE('',#4808);
#4295=PLANE('',#4809);
#4296=PLANE('',#4810);
#4297=PLANE('',#4811);
#4298=PLANE('',#4812);
#4299=PLANE('',#4813);
#4300=PLANE('',#4814);
#4301=PLANE('',#4815);
#4302=PLANE('',#4816);
#4303=PLANE('',#4817);
#4304=PLANE('',#4818);
#4305=PLANE('',#4819);
#4306=PLANE('',#4820);
#4307=PLANE('',#4821);
#4308=PLANE('',#4822);
#4309=PLANE('',#4823);
#4310=PLANE('',#4824);
#4311=PLANE('',#4825);
#4312=PLANE('',#4826);
#4313=PLANE('',#4827);
#4314=PLANE('',#4828);
#4315=PLANE('',#4829);
#4316=PLANE('',#4830);
#4317=PLANE('',#4831);
#4318=PLANE('',#4832);
#4319=PLANE('',#4833);
#4320=PLANE('',#4834);
#4321=PLANE('',#4835);
#4322=PLANE('',#4836);
#4323=PLANE('',#4837);
#4324=PLANE('',#4838);
#4325=PLANE('',#4839);
#4326=PLANE('',#4840);
#4327=PLANE('',#4841);
#4328=PLANE('',#4842);
#4329=PLANE('',#4843);
#4330=PLANE('',#4844);
#4331=PLANE('',#4845);
#4332=PLANE('',#4846);
#4333=PLANE('',#4847);
#4334=PLANE('',#4848);
#4335=PLANE('',#4849);
#4336=PLANE('',#4850);
#4337=PLANE('',#4851);
#4338=PLANE('',#4852);
#4339=PLANE('',#4853);
#4340=PLANE('',#4854);
#4341=PLANE('',#4855);
#4342=PLANE('',#4856);
#4343=PLANE('',#4857);
#4344=PLANE('',#4858);
#4345=PLANE('',#4859);
#4346=PLANE('',#4860);
#4347=PLANE('',#4861);
#4348=PLANE('',#4862);
#4349=PLANE('',#4863);
#4350=PLANE('',#4864);
#4351=PLANE('',#4865);
#4352=PLANE('',#4866);
#4353=PLANE('',#4867);
#4354=PLANE('',#4868);
#4355=PLANE('',#4869);
#4356=PLANE('',#4870);
#4357=PLANE('',#4871);
#4358=PLANE('',#4872);
#4359=PLANE('',#4873);
#4360=PLANE('',#4874);
#4361=PLANE('',#4875);
#4362=PLANE('',#4876);
#4363=PLANE('',#4877);
#4364=PLANE('',#4878);
#4365=PLANE('',#4879);
#4366=PLANE('',#4880);
#4367=PLANE('',#4881);
#4368=PLANE('',#4882);
#4369=PLANE('',#4883);
#4370=PLANE('',#4884);
#4371=PLANE('',#4885);
#4372=PLANE('',#4886);
#4373=PLANE('',#4887);
#4374=PLANE('',#4888);
#4375=PLANE('',#4889);
#4376=PLANE('',#4890);
#4377=PLANE('',#4891);
#4378=PLANE('',#4892);
#4379=PLANE('',#4893);
#4380=PLANE('',#4894);
#4381=PLANE('',#4895);
#4382=PLANE('',#4896);
#4383=PLANE('',#4897);
#4384=PLANE('',#4898);
#4385=PLANE('',#4899);
#4386=PLANE('',#4900);
#4387=PLANE('',#4901);
#4388=PLANE('',#4902);
#4389=PLANE('',#4903);
#4390=PLANE('',#4904);
#4391=PLANE('',#4905);
#4392=PLANE('',#4906);
#4393=PLANE('',#4907);
#4394=PLANE('',#4908);
#4395=PLANE('',#4909);
#4396=PLANE('',#4910);
#4397=PLANE('',#4911);
#4398=PLANE('',#4912);
#4399=PLANE('',#4913);
#4400=PLANE('',#4914);
#4401=PLANE('',#4915);
#4402=PLANE('',#4916);
#4403=PLANE('',#4917);
#4404=PLANE('',#4918);
#4405=PLANE('',#4919);
#4406=PLANE('',#4920);
#4407=PLANE('',#4921);
#4408=PLANE('',#4922);
#4409=PLANE('',#4926);
#4410=PLANE('',#4927);
#4411=PLANE('',#4928);
#4412=PLANE('',#4929);
#4413=PLANE('',#4930);
#4414=PLANE('',#4931);
#4415=PLANE('',#4932);
#4416=PLANE('',#4933);
#4417=PLANE('',#4934);
#4418=PLANE('',#4935);
#4419=PLANE('',#4936);
#4420=PLANE('',#4937);
#4421=PLANE('',#4940);
#4422=PLANE('',#4942);
#4423=PLANE('',#4943);
#4424=PLANE('',#4944);
#4425=PLANE('',#4945);
#4426=PLANE('',#4946);
#4427=PLANE('',#4947);
#4428=PLANE('',#4948);
#4429=PLANE('',#4949);
#4430=PLANE('',#4953);
#4431=PLANE('',#4954);
#4432=PLANE('',#4955);
#4433=PLANE('',#4959);
#4434=PLANE('',#4963);
#4435=PLANE('',#4964);
#4436=PLANE('',#4968);
#4437=PLANE('',#4972);
#4438=PLANE('',#4973);
#4439=PLANE('',#4980);
#4440=PLANE('',#4981);
#4441=PLANE('',#4988);
#4442=PLANE('',#4989);
#4443=PLANE('',#4996);
#4444=PLANE('',#4997);
#4445=PLANE('',#5004);
#4446=PLANE('',#5005);
#4447=PLANE('',#5012);
#4448=PLANE('',#5013);
#4449=PLANE('',#5020);
#4450=PLANE('',#5021);
#4451=PLANE('',#5028);
#4452=PLANE('',#5029);
#4453=PLANE('',#5036);
#4454=PLANE('',#5037);
#4455=PLANE('',#5044);
#4456=PLANE('',#5045);
#4457=PLANE('',#5052);
#4458=PLANE('',#5053);
#4459=PLANE('',#5057);
#4460=PLANE('',#5061);
#4461=PLANE('',#5062);
#4462=PLANE('',#5066);
#4463=PLANE('',#5070);
#4464=PLANE('',#5071);
#4465=PLANE('',#5081);
#4466=PLANE('',#5082);
#4467=PLANE('',#5083);
#4468=PLANE('',#5084);
#4469=PLANE('',#5085);
#4470=PLANE('',#5086);
#4471=PLANE('',#5096);
#4472=PLANE('',#5097);
#4473=PLANE('',#5098);
#4474=PLANE('',#5099);
#4475=PLANE('',#5100);
#4476=PLANE('',#5101);
#4477=ADVANCED_FACE('',(#246),#4267,.T.);
#4478=ADVANCED_FACE('',(#247),#4268,.T.);
#4479=ADVANCED_FACE('',(#248),#4269,.T.);
#4480=ADVANCED_FACE('',(#249),#4270,.T.);
#4481=ADVANCED_FACE('',(#250),#4271,.T.);
#4482=ADVANCED_FACE('',(#251),#4272,.T.);
#4483=ADVANCED_FACE('',(#252),#203,.F.);
#4484=ADVANCED_FACE('',(#253),#204,.F.);
#4485=ADVANCED_FACE('',(#254,#49,#50),#4273,.T.);
#4486=ADVANCED_FACE('',(#255),#4274,.T.);
#4487=ADVANCED_FACE('',(#256),#4275,.T.);
#4488=ADVANCED_FACE('',(#257,#51,#52),#4276,.T.);
#4489=ADVANCED_FACE('',(#258,#53,#54),#4277,.F.);
#4490=ADVANCED_FACE('',(#259),#4278,.T.);
#4491=ADVANCED_FACE('',(#260),#4279,.T.);
#4492=ADVANCED_FACE('',(#261),#205,.F.);
#4493=ADVANCED_FACE('',(#262),#206,.F.);
#4494=ADVANCED_FACE('',(#263),#207,.F.);
#4495=ADVANCED_FACE('',(#264),#208,.F.);
#4496=ADVANCED_FACE('',(#265),#4280,.F.);
#4497=ADVANCED_FACE('',(#266),#4281,.F.);
#4498=ADVANCED_FACE('',(#267),#4282,.F.);
#4499=ADVANCED_FACE('',(#268),#4283,.F.);
#4500=ADVANCED_FACE('',(#269),#4284,.F.);
#4501=ADVANCED_FACE('',(#270),#4285,.F.);
#4502=ADVANCED_FACE('',(#271),#4286,.F.);
#4503=ADVANCED_FACE('',(#272),#4287,.F.);
#4504=ADVANCED_FACE('',(#273),#4288,.F.);
#4505=ADVANCED_FACE('',(#274),#4289,.F.);
#4506=ADVANCED_FACE('',(#275),#4290,.F.);
#4507=ADVANCED_FACE('',(#276),#4291,.F.);
#4508=ADVANCED_FACE('',(#277),#4292,.F.);
#4509=ADVANCED_FACE('',(#278),#4293,.F.);
#4510=ADVANCED_FACE('',(#279),#4294,.T.);
#4511=ADVANCED_FACE('',(#280),#4295,.F.);
#4512=ADVANCED_FACE('',(#281),#4296,.F.);
#4513=ADVANCED_FACE('',(#282),#4297,.F.);
#4514=ADVANCED_FACE('',(#283),#4298,.F.);
#4515=ADVANCED_FACE('',(#284),#4299,.F.);
#4516=ADVANCED_FACE('',(#285),#4300,.F.);
#4517=ADVANCED_FACE('',(#286),#4301,.T.);
#4518=ADVANCED_FACE('',(#287),#4302,.F.);
#4519=ADVANCED_FACE('',(#288),#4303,.F.);
#4520=ADVANCED_FACE('',(#289),#4304,.F.);
#4521=ADVANCED_FACE('',(#290,#55),#4305,.F.);
#4522=ADVANCED_FACE('',(#291),#4306,.F.);
#4523=ADVANCED_FACE('',(#292),#4307,.F.);
#4524=ADVANCED_FACE('',(#293),#4308,.F.);
#4525=ADVANCED_FACE('',(#294,#56),#4309,.F.);
#4526=ADVANCED_FACE('',(#295),#4310,.T.);
#4527=ADVANCED_FACE('',(#296),#4311,.T.);
#4528=ADVANCED_FACE('',(#297),#4312,.T.);
#4529=ADVANCED_FACE('',(#298),#4313,.T.);
#4530=ADVANCED_FACE('',(#299),#4314,.T.);
#4531=ADVANCED_FACE('',(#300),#4315,.T.);
#4532=ADVANCED_FACE('',(#301),#4316,.T.);
#4533=ADVANCED_FACE('',(#302),#4317,.T.);
#4534=ADVANCED_FACE('',(#303),#4318,.T.);
#4535=ADVANCED_FACE('',(#304),#4319,.T.);
#4536=ADVANCED_FACE('',(#305),#4320,.T.);
#4537=ADVANCED_FACE('',(#306,#57),#4321,.T.);
#4538=ADVANCED_FACE('',(#307),#4322,.T.);
#4539=ADVANCED_FACE('',(#308),#4323,.T.);
#4540=ADVANCED_FACE('',(#309),#4324,.T.);
#4541=ADVANCED_FACE('',(#310),#4325,.T.);
#4542=ADVANCED_FACE('',(#311),#4326,.T.);
#4543=ADVANCED_FACE('',(#312),#4327,.T.);
#4544=ADVANCED_FACE('',(#313,#58),#4328,.T.);
#4545=ADVANCED_FACE('',(#314),#4329,.F.);
#4546=ADVANCED_FACE('',(#315),#4330,.F.);
#4547=ADVANCED_FACE('',(#316),#4331,.F.);
#4548=ADVANCED_FACE('',(#317),#4332,.F.);
#4549=ADVANCED_FACE('',(#318),#4333,.T.);
#4550=ADVANCED_FACE('',(#319),#4334,.T.);
#4551=ADVANCED_FACE('',(#320),#4335,.T.);
#4552=ADVANCED_FACE('',(#321),#4336,.F.);
#4553=ADVANCED_FACE('',(#322),#4337,.F.);
#4554=ADVANCED_FACE('',(#323),#4338,.T.);
#4555=ADVANCED_FACE('',(#324),#4339,.T.);
#4556=ADVANCED_FACE('',(#325),#4340,.T.);
#4557=ADVANCED_FACE('',(#326,#59),#4341,.T.);
#4558=ADVANCED_FACE('',(#327),#4342,.T.);
#4559=ADVANCED_FACE('',(#328),#4343,.T.);
#4560=ADVANCED_FACE('',(#329),#4344,.T.);
#4561=ADVANCED_FACE('',(#330),#4345,.T.);
#4562=ADVANCED_FACE('',(#331,#60),#4346,.T.);
#4563=ADVANCED_FACE('',(#332),#4347,.T.);
#4564=ADVANCED_FACE('',(#333,#61),#4348,.T.);
#4565=ADVANCED_FACE('',(#334),#4349,.T.);
#4566=ADVANCED_FACE('',(#335),#4350,.F.);
#4567=ADVANCED_FACE('',(#336,#62,#63,#64,#65),#4351,.F.);
#4568=ADVANCED_FACE('',(#337,#66),#4352,.T.);
#4569=ADVANCED_FACE('',(#338,#67),#4353,.T.);
#4570=ADVANCED_FACE('',(#339),#4354,.T.);
#4571=ADVANCED_FACE('',(#340,#68),#4355,.T.);
#4572=ADVANCED_FACE('',(#341),#4356,.T.);
#4573=ADVANCED_FACE('',(#342),#4357,.F.);
#4574=ADVANCED_FACE('',(#343),#4358,.T.);
#4575=ADVANCED_FACE('',(#344),#4359,.T.);
#4576=ADVANCED_FACE('',(#345),#4360,.F.);
#4577=ADVANCED_FACE('',(#346),#4361,.T.);
#4578=ADVANCED_FACE('',(#347),#4362,.T.);
#4579=ADVANCED_FACE('',(#348),#4363,.T.);
#4580=ADVANCED_FACE('',(#349),#4364,.T.);
#4581=ADVANCED_FACE('',(#350),#4365,.T.);
#4582=ADVANCED_FACE('',(#351),#4366,.T.);
#4583=ADVANCED_FACE('',(#352),#4367,.T.);
#4584=ADVANCED_FACE('',(#353),#4368,.T.);
#4585=ADVANCED_FACE('',(#354),#4369,.T.);
#4586=ADVANCED_FACE('',(#355),#4370,.T.);
#4587=ADVANCED_FACE('',(#356),#4371,.T.);
#4588=ADVANCED_FACE('',(#357),#4372,.T.);
#4589=ADVANCED_FACE('',(#358),#4373,.T.);
#4590=ADVANCED_FACE('',(#359),#4374,.T.);
#4591=ADVANCED_FACE('',(#360),#4375,.T.);
#4592=ADVANCED_FACE('',(#361),#4376,.T.);
#4593=ADVANCED_FACE('',(#362),#4377,.T.);
#4594=ADVANCED_FACE('',(#363),#4378,.T.);
#4595=ADVANCED_FACE('',(#364),#4379,.T.);
#4596=ADVANCED_FACE('',(#365),#4380,.T.);
#4597=ADVANCED_FACE('',(#366),#4381,.T.);
#4598=ADVANCED_FACE('',(#367),#4382,.T.);
#4599=ADVANCED_FACE('',(#368),#4383,.T.);
#4600=ADVANCED_FACE('',(#369,#69,#70,#71,#72),#4384,.T.);
#4601=ADVANCED_FACE('',(#370),#4385,.T.);
#4602=ADVANCED_FACE('',(#371),#4386,.T.);
#4603=ADVANCED_FACE('',(#372),#4387,.T.);
#4604=ADVANCED_FACE('',(#373),#4388,.T.);
#4605=ADVANCED_FACE('',(#374),#4389,.T.);
#4606=ADVANCED_FACE('',(#375),#4390,.T.);
#4607=ADVANCED_FACE('',(#376),#4391,.T.);
#4608=ADVANCED_FACE('',(#377),#4392,.T.);
#4609=ADVANCED_FACE('',(#378),#4393,.T.);
#4610=ADVANCED_FACE('',(#379),#4394,.T.);
#4611=ADVANCED_FACE('',(#380),#4395,.T.);
#4612=ADVANCED_FACE('',(#381),#4396,.T.);
#4613=ADVANCED_FACE('',(#382),#4397,.T.);
#4614=ADVANCED_FACE('',(#383),#4398,.T.);
#4615=ADVANCED_FACE('',(#384),#4399,.T.);
#4616=ADVANCED_FACE('',(#385),#4400,.T.);
#4617=ADVANCED_FACE('',(#386),#4401,.T.);
#4618=ADVANCED_FACE('',(#387,#73,#74),#4402,.T.);
#4619=ADVANCED_FACE('',(#388),#4403,.F.);
#4620=ADVANCED_FACE('',(#389),#4404,.T.);
#4621=ADVANCED_FACE('',(#390),#4405,.T.);
#4622=ADVANCED_FACE('',(#391),#4406,.T.);
#4623=ADVANCED_FACE('',(#392),#4407,.T.);
#4624=ADVANCED_FACE('',(#393),#4408,.T.);
#4625=ADVANCED_FACE('',(#394),#209,.T.);
#4626=ADVANCED_FACE('',(#395),#4409,.F.);
#4627=ADVANCED_FACE('',(#396),#4410,.T.);
#4628=ADVANCED_FACE('',(#397),#4411,.T.);
#4629=ADVANCED_FACE('',(#398),#4412,.T.);
#4630=ADVANCED_FACE('',(#399,#75),#4413,.T.);
#4631=ADVANCED_FACE('',(#400),#4414,.T.);
#4632=ADVANCED_FACE('',(#401),#4415,.T.);
#4633=ADVANCED_FACE('',(#402),#4416,.T.);
#4634=ADVANCED_FACE('',(#403),#4417,.T.);
#4635=ADVANCED_FACE('',(#404),#4418,.T.);
#4636=ADVANCED_FACE('',(#405),#4419,.T.);
#4637=ADVANCED_FACE('',(#406,#76,#77),#4420,.F.);
#4638=ADVANCED_FACE('',(#407,#78),#4421,.T.);
#4639=ADVANCED_FACE('',(#408),#4422,.T.);
#4640=ADVANCED_FACE('',(#409,#79),#4423,.T.);
#4641=ADVANCED_FACE('',(#410),#4424,.T.);
#4642=ADVANCED_FACE('',(#411),#4425,.T.);
#4643=ADVANCED_FACE('',(#412),#4426,.T.);
#4644=ADVANCED_FACE('',(#413),#4427,.T.);
#4645=ADVANCED_FACE('',(#414),#4428,.T.);
#4646=ADVANCED_FACE('',(#415),#4429,.T.);
#4647=ADVANCED_FACE('',(#416),#210,.F.);
#4648=ADVANCED_FACE('',(#417),#211,.F.);
#4649=ADVANCED_FACE('',(#418),#4430,.T.);
#4650=ADVANCED_FACE('',(#419),#4431,.T.);
#4651=ADVANCED_FACE('',(#420,#80),#4432,.T.);
#4652=ADVANCED_FACE('',(#421),#212,.T.);
#4653=ADVANCED_FACE('',(#422,#81),#4433,.T.);
#4654=ADVANCED_FACE('',(#423),#213,.T.);
#4655=ADVANCED_FACE('',(#424),#4434,.T.);
#4656=ADVANCED_FACE('',(#425),#4435,.F.);
#4657=ADVANCED_FACE('',(#426),#214,.T.);
#4658=ADVANCED_FACE('',(#427,#82),#4436,.T.);
#4659=ADVANCED_FACE('',(#428),#215,.T.);
#4660=ADVANCED_FACE('',(#429),#4437,.T.);
#4661=ADVANCED_FACE('',(#430),#4438,.F.);
#4662=ADVANCED_FACE('',(#431),#216,.F.);
#4663=ADVANCED_FACE('',(#432),#217,.T.);
#4664=ADVANCED_FACE('',(#433,#83),#4439,.T.);
#4665=ADVANCED_FACE('',(#434,#84),#4440,.F.);
#4666=ADVANCED_FACE('',(#435),#218,.F.);
#4667=ADVANCED_FACE('',(#436),#219,.T.);
#4668=ADVANCED_FACE('',(#437,#85),#4441,.T.);
#4669=ADVANCED_FACE('',(#438,#86),#4442,.F.);
#4670=ADVANCED_FACE('',(#439),#220,.F.);
#4671=ADVANCED_FACE('',(#440),#221,.T.);
#4672=ADVANCED_FACE('',(#441,#87),#4443,.T.);
#4673=ADVANCED_FACE('',(#442,#88),#4444,.F.);
#4674=ADVANCED_FACE('',(#443),#222,.F.);
#4675=ADVANCED_FACE('',(#444),#223,.T.);
#4676=ADVANCED_FACE('',(#445,#89),#4445,.T.);
#4677=ADVANCED_FACE('',(#446,#90),#4446,.F.);
#4678=ADVANCED_FACE('',(#447),#224,.F.);
#4679=ADVANCED_FACE('',(#448),#225,.T.);
#4680=ADVANCED_FACE('',(#449,#91),#4447,.T.);
#4681=ADVANCED_FACE('',(#450,#92),#4448,.F.);
#4682=ADVANCED_FACE('',(#451),#226,.F.);
#4683=ADVANCED_FACE('',(#452),#227,.T.);
#4684=ADVANCED_FACE('',(#453,#93),#4449,.T.);
#4685=ADVANCED_FACE('',(#454,#94),#4450,.F.);
#4686=ADVANCED_FACE('',(#455),#228,.F.);
#4687=ADVANCED_FACE('',(#456),#229,.T.);
#4688=ADVANCED_FACE('',(#457,#95),#4451,.T.);
#4689=ADVANCED_FACE('',(#458,#96),#4452,.F.);
#4690=ADVANCED_FACE('',(#459),#230,.F.);
#4691=ADVANCED_FACE('',(#460),#231,.T.);
#4692=ADVANCED_FACE('',(#461,#97),#4453,.T.);
#4693=ADVANCED_FACE('',(#462,#98),#4454,.F.);
#4694=ADVANCED_FACE('',(#463),#232,.F.);
#4695=ADVANCED_FACE('',(#464),#233,.T.);
#4696=ADVANCED_FACE('',(#465,#99),#4455,.T.);
#4697=ADVANCED_FACE('',(#466,#100),#4456,.F.);
#4698=ADVANCED_FACE('',(#467),#234,.F.);
#4699=ADVANCED_FACE('',(#468),#235,.T.);
#4700=ADVANCED_FACE('',(#469,#101),#4457,.T.);
#4701=ADVANCED_FACE('',(#470,#102),#4458,.F.);
#4702=ADVANCED_FACE('',(#471),#236,.T.);
#4703=ADVANCED_FACE('',(#472,#103),#4459,.T.);
#4704=ADVANCED_FACE('',(#473),#237,.T.);
#4705=ADVANCED_FACE('',(#474),#4460,.T.);
#4706=ADVANCED_FACE('',(#475),#4461,.F.);
#4707=ADVANCED_FACE('',(#476),#238,.T.);
#4708=ADVANCED_FACE('',(#477,#104),#4462,.T.);
#4709=ADVANCED_FACE('',(#478),#239,.T.);
#4710=ADVANCED_FACE('',(#479),#4463,.T.);
#4711=ADVANCED_FACE('',(#480),#4464,.F.);
#4712=ADVANCED_FACE('',(#481),#240,.F.);
#4713=ADVANCED_FACE('',(#482),#241,.F.);
#4714=ADVANCED_FACE('',(#483),#242,.F.);
#4715=ADVANCED_FACE('',(#484,#105),#4465,.T.);
#4716=ADVANCED_FACE('',(#485),#4466,.T.);
#4717=ADVANCED_FACE('',(#486,#106),#4467,.T.);
#4718=ADVANCED_FACE('',(#487),#4468,.T.);
#4719=ADVANCED_FACE('',(#488,#107,#108),#4469,.T.);
#4720=ADVANCED_FACE('',(#489,#109,#110),#4470,.F.);
#4721=ADVANCED_FACE('',(#490),#243,.F.);
#4722=ADVANCED_FACE('',(#491),#244,.F.);
#4723=ADVANCED_FACE('',(#492),#245,.F.);
#4724=ADVANCED_FACE('',(#493,#111),#4471,.T.);
#4725=ADVANCED_FACE('',(#494),#4472,.T.);
#4726=ADVANCED_FACE('',(#495,#112),#4473,.T.);
#4727=ADVANCED_FACE('',(#496),#4474,.T.);
#4728=ADVANCED_FACE('',(#497,#113,#114),#4475,.T.);
#4729=ADVANCED_FACE('',(#498,#115,#116),#4476,.F.);
#4730=CLOSED_SHELL('',(#4477,#4478,#4479,#4480,#4481,#4482,#4483,#4484,
#4485,#4486,#4487,#4488,#4489,#4490,#4491,#4492,#4493,#4494,#4495,#4496,
#4497,#4498,#4499,#4500,#4501,#4502,#4503,#4504,#4505,#4506,#4507,#4508,
#4509,#4510,#4511,#4512,#4513,#4514,#4515,#4516,#4517,#4518,#4519,#4520,
#4521,#4522,#4523,#4524,#4525,#4526,#4527,#4528,#4529,#4530,#4531,#4532,
#4533,#4534,#4535,#4536,#4537,#4538,#4539,#4540,#4541,#4542,#4543,#4544,
#4545,#4546,#4547,#4548,#4549,#4550,#4551,#4552,#4553,#4554,#4555,#4556,
#4557,#4558,#4559,#4560,#4561,#4562,#4563,#4564,#4565,#4566,#4567,#4568,
#4569,#4570,#4571,#4572,#4573,#4574,#4575,#4576,#4577,#4578,#4579,#4580,
#4581,#4582,#4583,#4584,#4585,#4586,#4587,#4588,#4589,#4590,#4591,#4592,
#4593,#4594,#4595,#4596,#4597,#4598,#4599,#4600,#4601,#4602,#4603,#4604,
#4605,#4606,#4607,#4608,#4609,#4610,#4611,#4612,#4613,#4614,#4615,#4616,
#4617,#4618));
#4731=CLOSED_SHELL('',(#4619,#4620,#4621,#4622,#4623,#4624));
#4732=CLOSED_SHELL('',(#4625,#4626,#4627,#4628,#4629,#4630,#4631,#4632,
#4633,#4634,#4635,#4636,#4637,#4638,#4639,#4640,#4641,#4642,#4643,#4644,
#4645,#4646,#4647,#4648,#4649,#4650,#4651));
#4733=CLOSED_SHELL('',(#4652,#4653,#4654,#4655,#4656));
#4734=CLOSED_SHELL('',(#4657,#4658,#4659,#4660,#4661));
#4735=CLOSED_SHELL('',(#4662,#4663,#4664,#4665));
#4736=CLOSED_SHELL('',(#4666,#4667,#4668,#4669));
#4737=CLOSED_SHELL('',(#4670,#4671,#4672,#4673));
#4738=CLOSED_SHELL('',(#4674,#4675,#4676,#4677));
#4739=CLOSED_SHELL('',(#4678,#4679,#4680,#4681));
#4740=CLOSED_SHELL('',(#4682,#4683,#4684,#4685));
#4741=CLOSED_SHELL('',(#4686,#4687,#4688,#4689));
#4742=CLOSED_SHELL('',(#4690,#4691,#4692,#4693));
#4743=CLOSED_SHELL('',(#4694,#4695,#4696,#4697));
#4744=CLOSED_SHELL('',(#4698,#4699,#4700,#4701));
#4745=CLOSED_SHELL('',(#4702,#4703,#4704,#4705,#4706));
#4746=CLOSED_SHELL('',(#4707,#4708,#4709,#4710,#4711));
#4747=CLOSED_SHELL('',(#4712,#4713,#4714,#4715,#4716,#4717,#4718,#4719,
#4720));
#4748=CLOSED_SHELL('',(#4721,#4722,#4723,#4724,#4725,#4726,#4727,#4728,
#4729));
#4749=BREP_WITH_VOIDS('Body10',#4730,(#48));
#4750=DERIVED_UNIT_ELEMENT(#4752,1.);
#4751=DERIVED_UNIT_ELEMENT(#7657,-3.);
#4752=(
MASS_UNIT()
NAMED_UNIT(*)
SI_UNIT(.KILO.,.GRAM.)
);
#4753=DERIVED_UNIT((#4750,#4751));
#4754=MEASURE_REPRESENTATION_ITEM('density measure',
POSITIVE_RATIO_MEASURE(7850.),#4753);
#4755=PROPERTY_DEFINITION_REPRESENTATION(#4760,#4757);
#4756=PROPERTY_DEFINITION_REPRESENTATION(#4761,#4758);
#4757=REPRESENTATION('material name',(#4759),#7654);
#4758=REPRESENTATION('density',(#4754),#7654);
#4759=DESCRIPTIVE_REPRESENTATION_ITEM('Steel','Steel');
#4760=PROPERTY_DEFINITION('material property','material name',#7664);
#4761=PROPERTY_DEFINITION('material property','density of part',#7664);
#4762=AXIS2_PLACEMENT_3D('',#6335,#5102,#5103);
#4763=AXIS2_PLACEMENT_3D('',#6336,#5104,#5105);
#4764=AXIS2_PLACEMENT_3D('',#6345,#5110,#5111);
#4765=AXIS2_PLACEMENT_3D('',#6354,#5116,#5117);
#4766=AXIS2_PLACEMENT_3D('',#6363,#5122,#5123);
#4767=AXIS2_PLACEMENT_3D('',#6369,#5127,#5128);
#4768=AXIS2_PLACEMENT_3D('',#6375,#5132,#5133);
#4769=AXIS2_PLACEMENT_3D('',#6384,#5138,#5139);
#4770=AXIS2_PLACEMENT_3D('',#6386,#5140,#5141);
#4771=AXIS2_PLACEMENT_3D('',#6389,#5143,#5144);
#4772=AXIS2_PLACEMENT_3D('',#6390,#5145,#5146);
#4773=AXIS2_PLACEMENT_3D('',#6392,#5147,#5148);
#4774=AXIS2_PLACEMENT_3D('',#6395,#5150,#5151);
#4775=AXIS2_PLACEMENT_3D('',#6396,#5152,#5153);
#4776=AXIS2_PLACEMENT_3D('',#6447,#5180,#5181);
#4777=AXIS2_PLACEMENT_3D('',#6453,#5185,#5186);
#4778=AXIS2_PLACEMENT_3D('',#6456,#5189,#5190);
#4779=AXIS2_PLACEMENT_3D('',#6465,#5196,#5197);
#4780=AXIS2_PLACEMENT_3D('',#6474,#5203,#5204);
#4781=AXIS2_PLACEMENT_3D('',#6480,#5208,#5209);
#4782=AXIS2_PLACEMENT_3D('',#6484,#5212,#5213);
#4783=AXIS2_PLACEMENT_3D('',#6486,#5214,#5215);
#4784=AXIS2_PLACEMENT_3D('',#6489,#5217,#5218);
#4785=AXIS2_PLACEMENT_3D('',#6490,#5219,#5220);
#4786=AXIS2_PLACEMENT_3D('',#6492,#5221,#5222);
#4787=AXIS2_PLACEMENT_3D('',#6495,#5224,#5225);
#4788=AXIS2_PLACEMENT_3D('',#6496,#5226,#5227);
#4789=AXIS2_PLACEMENT_3D('',#6498,#5228,#5229);
#4790=AXIS2_PLACEMENT_3D('',#6501,#5231,#5232);
#4791=AXIS2_PLACEMENT_3D('',#6502,#5233,#5234);
#4792=AXIS2_PLACEMENT_3D('',#6504,#5235,#5236);
#4793=AXIS2_PLACEMENT_3D('',#6507,#5238,#5239);
#4794=AXIS2_PLACEMENT_3D('',#6508,#5240,#5241);
#4795=AXIS2_PLACEMENT_3D('',#6517,#5246,#5247);
#4796=AXIS2_PLACEMENT_3D('',#6526,#5252,#5253);
#4797=AXIS2_PLACEMENT_3D('',#6535,#5258,#5259);
#4798=AXIS2_PLACEMENT_3D('',#6538,#5262,#5263);
#4799=AXIS2_PLACEMENT_3D('',#6544,#5267,#5268);
#4800=AXIS2_PLACEMENT_3D('',#6550,#5272,#5273);
#4801=AXIS2_PLACEMENT_3D('',#6559,#5278,#5279);
#4802=AXIS2_PLACEMENT_3D('',#6568,#5284,#5285);
#4803=AXIS2_PLACEMENT_3D('',#6574,#5289,#5290);
#4804=AXIS2_PLACEMENT_3D('',#6580,#5294,#5295);
#4805=AXIS2_PLACEMENT_3D('',#6586,#5299,#5300);
#4806=AXIS2_PLACEMENT_3D('',#6589,#5303,#5304);
#4807=AXIS2_PLACEMENT_3D('',#6595,#5308,#5309);
#4808=AXIS2_PLACEMENT_3D('',#6598,#5312,#5313);
#4809=AXIS2_PLACEMENT_3D('',#6608,#5319,#5320);
#4810=AXIS2_PLACEMENT_3D('',#6617,#5325,#5326);
#4811=AXIS2_PLACEMENT_3D('',#6626,#5331,#5332);
#4812=AXIS2_PLACEMENT_3D('',#6632,#5336,#5337);
#4813=AXIS2_PLACEMENT_3D('',#6635,#5340,#5341);
#4814=AXIS2_PLACEMENT_3D('',#6639,#5344,#5345);
#4815=AXIS2_PLACEMENT_3D('',#6643,#5348,#5349);
#4816=AXIS2_PLACEMENT_3D('',#6653,#5355,#5356);
#4817=AXIS2_PLACEMENT_3D('',#6662,#5361,#5362);
#4818=AXIS2_PLACEMENT_3D('',#6668,#5366,#5367);
#4819=AXIS2_PLACEMENT_3D('',#6674,#5371,#5372);
#4820=AXIS2_PLACEMENT_3D('',#6684,#5378,#5379);
#4821=AXIS2_PLACEMENT_3D('',#6690,#5383,#5384);
#4822=AXIS2_PLACEMENT_3D('',#6696,#5388,#5389);
#4823=AXIS2_PLACEMENT_3D('',#6699,#5392,#5393);
#4824=AXIS2_PLACEMENT_3D('',#6708,#5398,#5399);
#4825=AXIS2_PLACEMENT_3D('',#6714,#5403,#5404);
#4826=AXIS2_PLACEMENT_3D('',#6718,#5407,#5408);
#4827=AXIS2_PLACEMENT_3D('',#6728,#5414,#5415);
#4828=AXIS2_PLACEMENT_3D('',#6734,#5419,#5420);
#4829=AXIS2_PLACEMENT_3D('',#6738,#5423,#5424);
#4830=AXIS2_PLACEMENT_3D('',#6744,#5428,#5429);
#4831=AXIS2_PLACEMENT_3D('',#6748,#5432,#5433);
#4832=AXIS2_PLACEMENT_3D('',#6750,#5435,#5436);
#4833=AXIS2_PLACEMENT_3D('',#6756,#5440,#5441);
#4834=AXIS2_PLACEMENT_3D('',#6759,#5444,#5445);
#4835=AXIS2_PLACEMENT_3D('',#6762,#5448,#5449);
#4836=AXIS2_PLACEMENT_3D('',#6763,#5450,#5451);
#4837=AXIS2_PLACEMENT_3D('',#6767,#5454,#5455);
#4838=AXIS2_PLACEMENT_3D('',#6769,#5457,#5458);
#4839=AXIS2_PLACEMENT_3D('',#6777,#5463,#5464);
#4840=AXIS2_PLACEMENT_3D('',#6781,#5467,#5468);
#4841=AXIS2_PLACEMENT_3D('',#6787,#5472,#5473);
#4842=AXIS2_PLACEMENT_3D('',#6791,#5477,#5478);
#4843=AXIS2_PLACEMENT_3D('',#6792,#5479,#5480);
#4844=AXIS2_PLACEMENT_3D('',#6801,#5485,#5486);
#4845=AXIS2_PLACEMENT_3D('',#6810,#5491,#5492);
#4846=AXIS2_PLACEMENT_3D('',#6816,#5496,#5497);
#4847=AXIS2_PLACEMENT_3D('',#6822,#5501,#5502);
#4848=AXIS2_PLACEMENT_3D('',#6830,#5507,#5508);
#4849=AXIS2_PLACEMENT_3D('',#6838,#5513,#5514);
#4850=AXIS2_PLACEMENT_3D('',#6846,#5519,#5520);
#4851=AXIS2_PLACEMENT_3D('',#6855,#5525,#5526);
#4852=AXIS2_PLACEMENT_3D('',#6864,#5531,#5532);
#4853=AXIS2_PLACEMENT_3D('',#6870,#5536,#5537);
#4854=AXIS2_PLACEMENT_3D('',#6878,#5542,#5543);
#4855=AXIS2_PLACEMENT_3D('',#6884,#5547,#5548);
#4856=AXIS2_PLACEMENT_3D('',#6888,#5551,#5552);
#4857=AXIS2_PLACEMENT_3D('',#6892,#5555,#5556);
#4858=AXIS2_PLACEMENT_3D('',#6898,#5560,#5561);
#4859=AXIS2_PLACEMENT_3D('',#6905,#5567,#5568);
#4860=AXIS2_PLACEMENT_3D('',#6909,#5571,#5572);
#4861=AXIS2_PLACEMENT_3D('',#6918,#5577,#5578);
#4862=AXIS2_PLACEMENT_3D('',#6924,#5582,#5583);
#4863=AXIS2_PLACEMENT_3D('',#6930,#5587,#5588);
#4864=AXIS2_PLACEMENT_3D('',#6932,#5590,#5591);
#4865=AXIS2_PLACEMENT_3D('',#6934,#5593,#5594);
#4866=AXIS2_PLACEMENT_3D('',#6960,#5610,#5611);
#4867=AXIS2_PLACEMENT_3D('',#6962,#5613,#5614);
#4868=AXIS2_PLACEMENT_3D('',#6966,#5617,#5618);
#4869=AXIS2_PLACEMENT_3D('',#6970,#5621,#5622);
#4870=AXIS2_PLACEMENT_3D('',#6972,#5624,#5625);
#4871=AXIS2_PLACEMENT_3D('',#6973,#5626,#5627);
#4872=AXIS2_PLACEMENT_3D('',#6974,#5628,#5629);
#4873=AXIS2_PLACEMENT_3D('',#6983,#5634,#5635);
#4874=AXIS2_PLACEMENT_3D('',#6993,#5641,#5642);
#4875=AXIS2_PLACEMENT_3D('',#6999,#5646,#5647);
#4876=AXIS2_PLACEMENT_3D('',#7008,#5652,#5653);
#4877=AXIS2_PLACEMENT_3D('',#7012,#5656,#5657);
#4878=AXIS2_PLACEMENT_3D('',#7015,#5660,#5661);
#4879=AXIS2_PLACEMENT_3D('',#7024,#5667,#5668);
#4880=AXIS2_PLACEMENT_3D('',#7029,#5672,#5673);
#4881=AXIS2_PLACEMENT_3D('',#7036,#5678,#5679);
#4882=AXIS2_PLACEMENT_3D('',#7038,#5681,#5682);
#4883=AXIS2_PLACEMENT_3D('',#7043,#5686,#5687);
#4884=AXIS2_PLACEMENT_3D('',#7045,#5689,#5690);
#4885=AXIS2_PLACEMENT_3D('',#7053,#5696,#5697);
#4886=AXIS2_PLACEMENT_3D('',#7054,#5698,#5699);
#4887=AXIS2_PLACEMENT_3D('',#7060,#5703,#5704);
#4888=AXIS2_PLACEMENT_3D('',#7062,#5706,#5707);
#4889=AXIS2_PLACEMENT_3D('',#7066,#5710,#5711);
#4890=AXIS2_PLACEMENT_3D('',#7075,#5716,#5717);
#4891=AXIS2_PLACEMENT_3D('',#7078,#5720,#5721);
#4892=AXIS2_PLACEMENT_3D('',#7082,#5724,#5725);
#4893=AXIS2_PLACEMENT_3D('',#7084,#5727,#5728);
#4894=AXIS2_PLACEMENT_3D('',#7086,#5730,#5731);
#4895=AXIS2_PLACEMENT_3D('',#7088,#5733,#5734);
#4896=AXIS2_PLACEMENT_3D('',#7090,#5736,#5737);
#4897=AXIS2_PLACEMENT_3D('',#7094,#5740,#5741);
#4898=AXIS2_PLACEMENT_3D('',#7096,#5743,#5744);
#4899=AXIS2_PLACEMENT_3D('',#7124,#5759,#5760);
#4900=AXIS2_PLACEMENT_3D('',#7127,#5763,#5764);
#4901=AXIS2_PLACEMENT_3D('',#7129,#5766,#5767);
#4902=AXIS2_PLACEMENT_3D('',#7135,#5771,#5772);
#4903=AXIS2_PLACEMENT_3D('',#7139,#5775,#5776);
#4904=AXIS2_PLACEMENT_3D('',#7143,#5779,#5780);
#4905=AXIS2_PLACEMENT_3D('',#7147,#5783,#5784);
#4906=AXIS2_PLACEMENT_3D('',#7151,#5787,#5788);
#4907=AXIS2_PLACEMENT_3D('',#7155,#5791,#5792);
#4908=AXIS2_PLACEMENT_3D('',#7159,#5795,#5796);
#4909=AXIS2_PLACEMENT_3D('',#7163,#5799,#5800);
#4910=AXIS2_PLACEMENT_3D('',#7167,#5803,#5804);
#4911=AXIS2_PLACEMENT_3D('',#7171,#5807,#5808);
#4912=AXIS2_PLACEMENT_3D('',#7175,#5811,#5812);
#4913=AXIS2_PLACEMENT_3D('',#7179,#5815,#5816);
#4914=AXIS2_PLACEMENT_3D('',#7181,#5818,#5819);
#4915=AXIS2_PLACEMENT_3D('',#7183,#5821,#5822);
#4916=AXIS2_PLACEMENT_3D('',#7185,#5824,#5825);
#4917=AXIS2_PLACEMENT_3D('',#7186,#5826,#5827);
#4918=AXIS2_PLACEMENT_3D('',#7195,#5832,#5833);
#4919=AXIS2_PLACEMENT_3D('',#7204,#5838,#5839);
#4920=AXIS2_PLACEMENT_3D('',#7207,#5842,#5843);
#4921=AXIS2_PLACEMENT_3D('',#7209,#5845,#5846);
#4922=AXIS2_PLACEMENT_3D('',#7211,#5848,#5849);
#4923=AXIS2_PLACEMENT_3D('',#7212,#5850,#5851);
#4924=AXIS2_PLACEMENT_3D('',#7214,#5852,#5853);
#4925=AXIS2_PLACEMENT_3D('',#7217,#5855,#5856);
#4926=AXIS2_PLACEMENT_3D('',#7218,#5857,#5858);
#4927=AXIS2_PLACEMENT_3D('',#7219,#5859,#5860);
#4928=AXIS2_PLACEMENT_3D('',#7228,#5865,#5866);
#4929=AXIS2_PLACEMENT_3D('',#7238,#5872,#5873);
#4930=AXIS2_PLACEMENT_3D('',#7248,#5879,#5880);
#4931=AXIS2_PLACEMENT_3D('',#7266,#5890,#5891);
#4932=AXIS2_PLACEMENT_3D('',#7272,#5895,#5896);
#4933=AXIS2_PLACEMENT_3D('',#7280,#5901,#5902);
#4934=AXIS2_PLACEMENT_3D('',#7282,#5904,#5905);
#4935=AXIS2_PLACEMENT_3D('',#7288,#5909,#5910);
#4936=AXIS2_PLACEMENT_3D('',#7293,#5914,#5915);
#4937=AXIS2_PLACEMENT_3D('',#7303,#5921,#5922);
#4938=AXIS2_PLACEMENT_3D('',#7315,#5929,#5930);
#4939=AXIS2_PLACEMENT_3D('',#7317,#5931,#5932);
#4940=AXIS2_PLACEMENT_3D('',#7318,#5933,#5934);
#4941=AXIS2_PLACEMENT_3D('',#7325,#5938,#5939);
#4942=AXIS2_PLACEMENT_3D('',#7326,#5940,#5941);
#4943=AXIS2_PLACEMENT_3D('',#7328,#5943,#5944);
#4944=AXIS2_PLACEMENT_3D('',#7337,#5949,#5950);
#4945=AXIS2_PLACEMENT_3D('',#7340,#5953,#5954);
#4946=AXIS2_PLACEMENT_3D('',#7345,#5958,#5959);
#4947=AXIS2_PLACEMENT_3D('',#7347,#5961,#5962);
#4948=AXIS2_PLACEMENT_3D('',#7351,#5965,#5966);
#4949=AXIS2_PLACEMENT_3D('',#7353,#5968,#5969);
#4950=AXIS2_PLACEMENT_3D('',#7354,#5970,#5971);
#4951=AXIS2_PLACEMENT_3D('',#7356,#5973,#5974);
#4952=AXIS2_PLACEMENT_3D('',#7358,#5975,#5976);
#4953=AXIS2_PLACEMENT_3D('',#7360,#5978,#5979);
#4954=AXIS2_PLACEMENT_3D('',#7362,#5981,#5982);
#4955=AXIS2_PLACEMENT_3D('',#7363,#5983,#5984);
#4956=AXIS2_PLACEMENT_3D('',#7364,#5985,#5986);
#4957=AXIS2_PLACEMENT_3D('',#7366,#5987,#5988);
#4958=AXIS2_PLACEMENT_3D('',#7369,#5990,#5991);
#4959=AXIS2_PLACEMENT_3D('',#7370,#5992,#5993);
#4960=AXIS2_PLACEMENT_3D('',#7372,#5994,#5995);
#4961=AXIS2_PLACEMENT_3D('',#7373,#5996,#5997);
#4962=AXIS2_PLACEMENT_3D('',#7375,#5998,#5999);
#4963=AXIS2_PLACEMENT_3D('',#7377,#6001,#6002);
#4964=AXIS2_PLACEMENT_3D('',#7378,#6003,#6004);
#4965=AXIS2_PLACEMENT_3D('',#7379,#6005,#6006);
#4966=AXIS2_PLACEMENT_3D('',#7381,#6007,#6008);
#4967=AXIS2_PLACEMENT_3D('',#7384,#6010,#6011);
#4968=AXIS2_PLACEMENT_3D('',#7385,#6012,#6013);
#4969=AXIS2_PLACEMENT_3D('',#7387,#6014,#6015);
#4970=AXIS2_PLACEMENT_3D('',#7388,#6016,#6017);
#4971=AXIS2_PLACEMENT_3D('',#7390,#6018,#6019);
#4972=AXIS2_PLACEMENT_3D('',#7392,#6021,#6022);
#4973=AXIS2_PLACEMENT_3D('',#7393,#6023,#6024);
#4974=AXIS2_PLACEMENT_3D('',#7394,#6025,#6026);
#4975=AXIS2_PLACEMENT_3D('',#7396,#6027,#6028);
#4976=AXIS2_PLACEMENT_3D('',#7399,#6030,#6031);
#4977=AXIS2_PLACEMENT_3D('',#7400,#6032,#6033);
#4978=AXIS2_PLACEMENT_3D('',#7402,#6034,#6035);
#4979=AXIS2_PLACEMENT_3D('',#7405,#6037,#6038);
#4980=AXIS2_PLACEMENT_3D('',#7406,#6039,#6040);
#4981=AXIS2_PLACEMENT_3D('',#7407,#6041,#6042);
#4982=AXIS2_PLACEMENT_3D('',#7408,#6043,#6044);
#4983=AXIS2_PLACEMENT_3D('',#7410,#6045,#6046);
#4984=AXIS2_PLACEMENT_3D('',#7413,#6048,#6049);
#4985=AXIS2_PLACEMENT_3D('',#7414,#6050,#6051);
#4986=AXIS2_PLACEMENT_3D('',#7416,#6052,#6053);
#4987=AXIS2_PLACEMENT_3D('',#7419,#6055,#6056);
#4988=AXIS2_PLACEMENT_3D('',#7420,#6057,#6058);
#4989=AXIS2_PLACEMENT_3D('',#7421,#6059,#6060);
#4990=AXIS2_PLACEMENT_3D('',#7422,#6061,#6062);
#4991=AXIS2_PLACEMENT_3D('',#7424,#6063,#6064);
#4992=AXIS2_PLACEMENT_3D('',#7427,#6066,#6067);
#4993=AXIS2_PLACEMENT_3D('',#7428,#6068,#6069);
#4994=AXIS2_PLACEMENT_3D('',#7430,#6070,#6071);
#4995=AXIS2_PLACEMENT_3D('',#7433,#6073,#6074);
#4996=AXIS2_PLACEMENT_3D('',#7434,#6075,#6076);
#4997=AXIS2_PLACEMENT_3D('',#7435,#6077,#6078);
#4998=AXIS2_PLACEMENT_3D('',#7436,#6079,#6080);
#4999=AXIS2_PLACEMENT_3D('',#7438,#6081,#6082);
#5000=AXIS2_PLACEMENT_3D('',#7441,#6084,#6085);
#5001=AXIS2_PLACEMENT_3D('',#7442,#6086,#6087);
#5002=AXIS2_PLACEMENT_3D('',#7444,#6088,#6089);
#5003=AXIS2_PLACEMENT_3D('',#7447,#6091,#6092);
#5004=AXIS2_PLACEMENT_3D('',#7448,#6093,#6094);
#5005=AXIS2_PLACEMENT_3D('',#7449,#6095,#6096);
#5006=AXIS2_PLACEMENT_3D('',#7450,#6097,#6098);
#5007=AXIS2_PLACEMENT_3D('',#7452,#6099,#6100);
#5008=AXIS2_PLACEMENT_3D('',#7455,#6102,#6103);
#5009=AXIS2_PLACEMENT_3D('',#7456,#6104,#6105);
#5010=AXIS2_PLACEMENT_3D('',#7458,#6106,#6107);
#5011=AXIS2_PLACEMENT_3D('',#7461,#6109,#6110);
#5012=AXIS2_PLACEMENT_3D('',#7462,#6111,#6112);
#5013=AXIS2_PLACEMENT_3D('',#7463,#6113,#6114);
#5014=AXIS2_PLACEMENT_3D('',#7464,#6115,#6116);
#5015=AXIS2_PLACEMENT_3D('',#7466,#6117,#6118);
#5016=AXIS2_PLACEMENT_3D('',#7469,#6120,#6121);
#5017=AXIS2_PLACEMENT_3D('',#7470,#6122,#6123);
#5018=AXIS2_PLACEMENT_3D('',#7472,#6124,#6125);
#5019=AXIS2_PLACEMENT_3D('',#7475,#6127,#6128);
#5020=AXIS2_PLACEMENT_3D('',#7476,#6129,#6130);
#5021=AXIS2_PLACEMENT_3D('',#7477,#6131,#6132);
#5022=AXIS2_PLACEMENT_3D('',#7478,#6133,#6134);
#5023=AXIS2_PLACEMENT_3D('',#7480,#6135,#6136);
#5024=AXIS2_PLACEMENT_3D('',#7483,#6138,#6139);
#5025=AXIS2_PLACEMENT_3D('',#7484,#6140,#6141);
#5026=AXIS2_PLACEMENT_3D('',#7486,#6142,#6143);
#5027=AXIS2_PLACEMENT_3D('',#7489,#6145,#6146);
#5028=AXIS2_PLACEMENT_3D('',#7490,#6147,#6148);
#5029=AXIS2_PLACEMENT_3D('',#7491,#6149,#6150);
#5030=AXIS2_PLACEMENT_3D('',#7492,#6151,#6152);
#5031=AXIS2_PLACEMENT_3D('',#7494,#6153,#6154);
#5032=AXIS2_PLACEMENT_3D('',#7497,#6156,#6157);
#5033=AXIS2_PLACEMENT_3D('',#7498,#6158,#6159);
#5034=AXIS2_PLACEMENT_3D('',#7500,#6160,#6161);
#5035=AXIS2_PLACEMENT_3D('',#7503,#6163,#6164);
#5036=AXIS2_PLACEMENT_3D('',#7504,#6165,#6166);
#5037=AXIS2_PLACEMENT_3D('',#7505,#6167,#6168);
#5038=AXIS2_PLACEMENT_3D('',#7506,#6169,#6170);
#5039=AXIS2_PLACEMENT_3D('',#7508,#6171,#6172);
#5040=AXIS2_PLACEMENT_3D('',#7511,#6174,#6175);
#5041=AXIS2_PLACEMENT_3D('',#7512,#6176,#6177);
#5042=AXIS2_PLACEMENT_3D('',#7514,#6178,#6179);
#5043=AXIS2_PLACEMENT_3D('',#7517,#6181,#6182);
#5044=AXIS2_PLACEMENT_3D('',#7518,#6183,#6184);
#5045=AXIS2_PLACEMENT_3D('',#7519,#6185,#6186);
#5046=AXIS2_PLACEMENT_3D('',#7520,#6187,#6188);
#5047=AXIS2_PLACEMENT_3D('',#7522,#6189,#6190);
#5048=AXIS2_PLACEMENT_3D('',#7525,#6192,#6193);
#5049=AXIS2_PLACEMENT_3D('',#7526,#6194,#6195);
#5050=AXIS2_PLACEMENT_3D('',#7528,#6196,#6197);
#5051=AXIS2_PLACEMENT_3D('',#7531,#6199,#6200);
#5052=AXIS2_PLACEMENT_3D('',#7532,#6201,#6202);
#5053=AXIS2_PLACEMENT_3D('',#7533,#6203,#6204);
#5054=AXIS2_PLACEMENT_3D('',#7534,#6205,#6206);
#5055=AXIS2_PLACEMENT_3D('',#7536,#6207,#6208);
#5056=AXIS2_PLACEMENT_3D('',#7539,#6210,#6211);
#5057=AXIS2_PLACEMENT_3D('',#7540,#6212,#6213);
#5058=AXIS2_PLACEMENT_3D('',#7542,#6214,#6215);
#5059=AXIS2_PLACEMENT_3D('',#7543,#6216,#6217);
#5060=AXIS2_PLACEMENT_3D('',#7545,#6218,#6219);
#5061=AXIS2_PLACEMENT_3D('',#7547,#6221,#6222);
#5062=AXIS2_PLACEMENT_3D('',#7548,#6223,#6224);
#5063=AXIS2_PLACEMENT_3D('',#7549,#6225,#6226);
#5064=AXIS2_PLACEMENT_3D('',#7551,#6227,#6228);
#5065=AXIS2_PLACEMENT_3D('',#7554,#6230,#6231);
#5066=AXIS2_PLACEMENT_3D('',#7555,#6232,#6233);
#5067=AXIS2_PLACEMENT_3D('',#7557,#6234,#6235);
#5068=AXIS2_PLACEMENT_3D('',#7558,#6236,#6237);
#5069=AXIS2_PLACEMENT_3D('',#7560,#6238,#6239);
#5070=AXIS2_PLACEMENT_3D('',#7562,#6241,#6242);
#5071=AXIS2_PLACEMENT_3D('',#7563,#6243,#6244);
#5072=AXIS2_PLACEMENT_3D('',#7564,#6245,#6246);
#5073=AXIS2_PLACEMENT_3D('',#7566,#6247,#6248);
#5074=AXIS2_PLACEMENT_3D('',#7569,#6250,#6251);
#5075=AXIS2_PLACEMENT_3D('',#7570,#6252,#6253);
#5076=AXIS2_PLACEMENT_3D('',#7572,#6254,#6255);
#5077=AXIS2_PLACEMENT_3D('',#7575,#6257,#6258);
#5078=AXIS2_PLACEMENT_3D('',#7576,#6259,#6260);
#5079=AXIS2_PLACEMENT_3D('',#7578,#6261,#6262);
#5080=AXIS2_PLACEMENT_3D('',#7581,#6264,#6265);
#5081=AXIS2_PLACEMENT_3D('',#7582,#6266,#6267);
#5082=AXIS2_PLACEMENT_3D('',#7591,#6272,#6273);
#5083=AXIS2_PLACEMENT_3D('',#7597,#6277,#6278);
#5084=AXIS2_PLACEMENT_3D('',#7603,#6282,#6283);
#5085=AXIS2_PLACEMENT_3D('',#7606,#6286,#6287);
#5086=AXIS2_PLACEMENT_3D('',#7607,#6288,#6289);
#5087=AXIS2_PLACEMENT_3D('',#7608,#6290,#6291);
#5088=AXIS2_PLACEMENT_3D('',#7610,#6292,#6293);
#5089=AXIS2_PLACEMENT_3D('',#7613,#6295,#6296);
#5090=AXIS2_PLACEMENT_3D('',#7614,#6297,#6298);
#5091=AXIS2_PLACEMENT_3D('',#7616,#6299,#6300);
#5092=AXIS2_PLACEMENT_3D('',#7619,#6302,#6303);
#5093=AXIS2_PLACEMENT_3D('',#7620,#6304,#6305);
#5094=AXIS2_PLACEMENT_3D('',#7622,#6306,#6307);
#5095=AXIS2_PLACEMENT_3D('',#7625,#6309,#6310);
#5096=AXIS2_PLACEMENT_3D('',#7626,#6311,#6312);
#5097=AXIS2_PLACEMENT_3D('',#7635,#6317,#6318);
#5098=AXIS2_PLACEMENT_3D('',#7641,#6322,#6323);
#5099=AXIS2_PLACEMENT_3D('',#7647,#6327,#6328);
#5100=AXIS2_PLACEMENT_3D('',#7650,#6331,#6332);
#5101=AXIS2_PLACEMENT_3D('',#7651,#6333,#6334);
#5102=DIRECTION('axis',(0.,0.,1.));
#5103=DIRECTION('refdir',(1.,0.,0.));
#5104=DIRECTION('center_axis',(0.,-1.,0.));
#5105=DIRECTION('ref_axis',(1.,0.,0.));
#5106=DIRECTION('',(1.,0.,0.));
#5107=DIRECTION('',(0.,0.,-1.));
#5108=DIRECTION('',(1.,0.,0.));
#5109=DIRECTION('',(0.,0.,1.));
#5110=DIRECTION('center_axis',(0.,1.,0.));
#5111=DIRECTION('ref_axis',(-1.,0.,0.));
#5112=DIRECTION('',(1.,0.,0.));
#5113=DIRECTION('',(0.,0.,1.));
#5114=DIRECTION('',(1.,0.,0.));
#5115=DIRECTION('',(0.,0.,1.));
#5116=DIRECTION('center_axis',(0.,1.,0.));
#5117=DIRECTION('ref_axis',(-1.,0.,0.));
#5118=DIRECTION('',(-1.,0.,0.));
#5119=DIRECTION('',(0.,0.,1.));
#5120=DIRECTION('',(-1.,0.,0.));
#5121=DIRECTION('',(0.,0.,1.));
#5122=DIRECTION('center_axis',(1.,0.,0.));
#5123=DIRECTION('ref_axis',(0.,1.,0.));
#5124=DIRECTION('',(0.,-1.,0.));
#5125=DIRECTION('',(0.,1.,0.));
#5126=DIRECTION('',(0.,0.,1.));
#5127=DIRECTION('center_axis',(1.,0.,0.));
#5128=DIRECTION('ref_axis',(0.,1.,0.));
#5129=DIRECTION('',(0.,1.,0.));
#5130=DIRECTION('',(0.,0.,1.));
#5131=DIRECTION('',(0.,1.,0.));
#5132=DIRECTION('center_axis',(0.,1.,0.));
#5133=DIRECTION('ref_axis',(-1.,0.,0.));
#5134=DIRECTION('',(-1.,0.,0.));
#5135=DIRECTION('',(0.,0.,-1.));
#5136=DIRECTION('',(-1.,0.,0.));
#5137=DIRECTION('',(0.,0.,1.));
#5138=DIRECTION('center_axis',(0.,0.,1.));
#5139=DIRECTION('ref_axis',(1.,0.,0.));
#5140=DIRECTION('center_axis',(0.,0.,-1.));
#5141=DIRECTION('ref_axis',(1.,0.,0.));
#5142=DIRECTION('',(0.,0.,-1.));
#5143=DIRECTION('center_axis',(0.,0.,-1.));
#5144=DIRECTION('ref_axis',(1.,0.,0.));
#5145=DIRECTION('center_axis',(0.,0.,1.));
#5146=DIRECTION('ref_axis',(1.,0.,0.));
#5147=DIRECTION('center_axis',(0.,0.,-1.));
#5148=DIRECTION('ref_axis',(1.,0.,0.));
#5149=DIRECTION('',(0.,0.,-1.));
#5150=DIRECTION('center_axis',(0.,0.,-1.));
#5151=DIRECTION('ref_axis',(1.,0.,0.));
#5152=DIRECTION('center_axis',(0.,1.,0.));
#5153=DIRECTION('ref_axis',(-1.,0.,0.));
#5154=DIRECTION('',(-1.,0.,0.));
#5155=DIRECTION('',(-1.,0.,0.));
#5156=DIRECTION('',(-1.,0.,0.));
#5157=DIRECTION('',(0.,0.,-1.));
#5158=DIRECTION('',(-1.,0.,0.));
#5159=DIRECTION('',(0.,0.,-1.));
#5160=DIRECTION('',(-1.,0.,0.));
#5161=DIRECTION('',(-1.,0.,0.));
#5162=DIRECTION('',(0.,0.,-1.));
#5163=DIRECTION('',(1.,0.,0.));
#5164=DIRECTION('',(0.,0.,-1.));
#5165=DIRECTION('',(-1.,0.,0.));
#5166=DIRECTION('',(0.,0.,1.));
#5167=DIRECTION('',(-1.,0.,0.));
#5168=DIRECTION('',(0.,0.,1.));
#5169=DIRECTION('',(-1.,0.,0.));
#5170=DIRECTION('',(-1.,0.,0.));
#5171=DIRECTION('',(0.,0.,1.));
#5172=DIRECTION('',(0.,0.,-1.));
#5173=DIRECTION('',(-1.,0.,0.));
#5174=DIRECTION('',(0.,0.,-1.));
#5175=DIRECTION('',(1.,0.,0.));
#5176=DIRECTION('',(1.,0.,8.5401771125012E-17));
#5177=DIRECTION('',(0.,0.,1.));
#5178=DIRECTION('',(-1.,0.,0.));
#5179=DIRECTION('',(0.,0.,-1.));
#5180=DIRECTION('center_axis',(1.,0.,0.));
#5181=DIRECTION('ref_axis',(0.,1.,0.));
#5182=DIRECTION('',(0.,1.,0.));
#5183=DIRECTION('',(0.,1.,0.));
#5184=DIRECTION('',(0.,0.,1.));
#5185=DIRECTION('center_axis',(-1.,0.,0.));
#5186=DIRECTION('ref_axis',(0.,-1.,0.));
#5187=DIRECTION('',(0.,-1.,0.));
#5188=DIRECTION('',(0.,-1.,0.));
#5189=DIRECTION('center_axis',(0.,0.,1.));
#5190=DIRECTION('ref_axis',(1.,0.,0.));
#5191=DIRECTION('',(0.,1.,0.));
#5192=DIRECTION('',(1.,0.,0.));
#5193=DIRECTION('',(0.,1.,0.));
#5194=DIRECTION('',(1.,0.,0.));
#5195=DIRECTION('',(0.,1.,0.));
#5196=DIRECTION('center_axis',(0.,0.,1.));
#5197=DIRECTION('ref_axis',(1.,0.,0.));
#5198=DIRECTION('',(1.,0.,0.));
#5199=DIRECTION('',(0.,-1.,0.));
#5200=DIRECTION('',(-1.,0.,0.));
#5201=DIRECTION('',(0.,-1.,0.));
#5202=DIRECTION('',(0.,-1.,0.));
#5203=DIRECTION('center_axis',(1.,0.,0.));
#5204=DIRECTION('ref_axis',(0.,1.,0.));
#5205=DIRECTION('',(0.,0.,1.));
#5206=DIRECTION('',(0.,1.,0.));
#5207=DIRECTION('',(0.,0.,1.));
#5208=DIRECTION('center_axis',(0.,-1.,0.));
#5209=DIRECTION('ref_axis',(1.,0.,0.));
#5210=DIRECTION('',(0.,0.,1.));
#5211=DIRECTION('',(1.,0.,0.));
#5212=DIRECTION('center_axis',(0.,0.,1.));
#5213=DIRECTION('ref_axis',(1.,0.,0.));
#5214=DIRECTION('center_axis',(0.,0.,1.));
#5215=DIRECTION('ref_axis',(1.,0.,0.));
#5216=DIRECTION('',(0.,0.,1.));
#5217=DIRECTION('center_axis',(0.,0.,-1.));
#5218=DIRECTION('ref_axis',(1.,0.,0.));
#5219=DIRECTION('center_axis',(0.,0.,1.));
#5220=DIRECTION('ref_axis',(1.,0.,0.));
#5221=DIRECTION('center_axis',(0.,0.,1.));
#5222=DIRECTION('ref_axis',(1.,0.,0.));
#5223=DIRECTION('',(0.,0.,1.));
#5224=DIRECTION('center_axis',(0.,0.,-1.));
#5225=DIRECTION('ref_axis',(1.,0.,0.));
#5226=DIRECTION('center_axis',(0.,0.,1.));
#5227=DIRECTION('ref_axis',(1.,0.,0.));
#5228=DIRECTION('center_axis',(0.,0.,1.));
#5229=DIRECTION('ref_axis',(1.,0.,0.));
#5230=DIRECTION('',(0.,0.,1.));
#5231=DIRECTION('center_axis',(0.,0.,-1.));
#5232=DIRECTION('ref_axis',(1.,0.,0.));
#5233=DIRECTION('center_axis',(0.,0.,1.));
#5234=DIRECTION('ref_axis',(1.,0.,0.));
#5235=DIRECTION('center_axis',(0.,0.,1.));
#5236=DIRECTION('ref_axis',(1.,0.,0.));
#5237=DIRECTION('',(0.,0.,1.));
#5238=DIRECTION('center_axis',(0.,0.,-1.));
#5239=DIRECTION('ref_axis',(1.,0.,0.));
#5240=DIRECTION('center_axis',(0.,0.,-1.));
#5241=DIRECTION('ref_axis',(0.,1.,0.));
#5242=DIRECTION('',(0.,1.,0.));
#5243=DIRECTION('',(1.,0.,0.));
#5244=DIRECTION('',(0.,-1.,0.));
#5245=DIRECTION('',(1.,0.,0.));
#5246=DIRECTION('center_axis',(0.,0.,1.));
#5247=DIRECTION('ref_axis',(0.,-1.,0.));
#5248=DIRECTION('',(0.,-1.,0.));
#5249=DIRECTION('',(1.,0.,0.));
#5250=DIRECTION('',(0.,1.,0.));
#5251=DIRECTION('',(1.,0.,0.));
#5252=DIRECTION('center_axis',(0.,0.,1.));
#5253=DIRECTION('ref_axis',(0.,-1.,0.));
#5254=DIRECTION('',(0.,1.,0.));
#5255=DIRECTION('',(1.,0.,0.));
#5256=DIRECTION('',(0.,-1.,0.));
#5257=DIRECTION('',(1.,0.,0.));
#5258=DIRECTION('center_axis',(0.,-1.,0.));
#5259=DIRECTION('ref_axis',(0.,0.,-1.));
#5260=DIRECTION('',(0.,0.,-1.));
#5261=DIRECTION('',(0.,0.,1.));
#5262=DIRECTION('center_axis',(0.,-1.,0.));
#5263=DIRECTION('ref_axis',(0.,0.,-1.));
#5264=DIRECTION('',(0.,0.,1.));
#5265=DIRECTION('',(1.,0.,0.));
#5266=DIRECTION('',(0.,0.,-1.));
#5267=DIRECTION('center_axis',(0.,0.,-1.));
#5268=DIRECTION('ref_axis',(0.,1.,0.));
#5269=DIRECTION('',(0.,-1.,0.));
#5270=DIRECTION('',(1.,0.,0.));
#5271=DIRECTION('',(0.,1.,0.));
#5272=DIRECTION('center_axis',(0.,1.,0.));
#5273=DIRECTION('ref_axis',(0.,0.,1.));
#5274=DIRECTION('',(0.,0.,-1.));
#5275=DIRECTION('',(1.,0.,0.));
#5276=DIRECTION('',(0.,0.,1.));
#5277=DIRECTION('',(1.,0.,0.));
#5278=DIRECTION('center_axis',(0.,1.,0.));
#5279=DIRECTION('ref_axis',(0.,0.,1.));
#5280=DIRECTION('',(0.,0.,1.));
#5281=DIRECTION('',(1.,0.,0.));
#5282=DIRECTION('',(0.,0.,-1.));
#5283=DIRECTION('',(1.,0.,0.));
#5284=DIRECTION('center_axis',(0.,0.,1.));
#5285=DIRECTION('ref_axis',(0.,-1.,0.));
#5286=DIRECTION('',(0.,1.,0.));
#5287=DIRECTION('',(1.,0.,0.));
#5288=DIRECTION('',(0.,-1.,0.));
#5289=DIRECTION('center_axis',(0.,0.,1.));
#5290=DIRECTION('ref_axis',(0.,-1.,0.));
#5291=DIRECTION('',(0.,-1.,0.));
#5292=DIRECTION('',(0.,1.,0.));
#5293=DIRECTION('',(1.,0.,0.));
#5294=DIRECTION('center_axis',(0.,0.,-1.));
#5295=DIRECTION('ref_axis',(0.,1.,0.));
#5296=DIRECTION('',(0.,-1.,0.));
#5297=DIRECTION('',(0.,1.,0.));
#5298=DIRECTION('',(1.,0.,0.));
#5299=DIRECTION('center_axis',(0.,-1.,0.));
#5300=DIRECTION('ref_axis',(0.,0.,-1.));
#5301=DIRECTION('',(0.,0.,1.));
#5302=DIRECTION('',(0.,0.,-1.));
#5303=DIRECTION('center_axis',(0.,-1.,0.));
#5304=DIRECTION('ref_axis',(0.,0.,-1.));
#5305=DIRECTION('',(0.,0.,-1.));
#5306=DIRECTION('',(0.,0.,1.));
#5307=DIRECTION('',(1.,0.,0.));
#5308=DIRECTION('center_axis',(0.,0.,-1.));
#5309=DIRECTION('ref_axis',(0.,1.,0.));
#5310=DIRECTION('',(0.,1.,0.));
#5311=DIRECTION('',(0.,-1.,0.));
#5312=DIRECTION('center_axis',(1.,0.,0.));
#5313=DIRECTION('ref_axis',(0.,-1.,0.));
#5314=DIRECTION('',(0.,0.,-1.));
#5315=DIRECTION('',(0.,1.,0.));
#5316=DIRECTION('',(0.,0.,-1.));
#5317=DIRECTION('',(0.,1.,0.));
#5318=DIRECTION('',(0.,0.,-1.));
#5319=DIRECTION('center_axis',(1.,0.,0.));
#5320=DIRECTION('ref_axis',(0.,0.,-1.));
#5321=DIRECTION('',(0.,0.,1.));
#5322=DIRECTION('',(0.,1.,0.));
#5323=DIRECTION('',(0.,0.,-1.));
#5324=DIRECTION('',(0.,1.,0.));
#5325=DIRECTION('center_axis',(-1.,0.,0.));
#5326=DIRECTION('ref_axis',(0.,0.,1.));
#5327=DIRECTION('',(0.,0.,-1.));
#5328=DIRECTION('',(0.,1.,0.));
#5329=DIRECTION('',(0.,0.,1.));
#5330=DIRECTION('',(0.,1.,0.));
#5331=DIRECTION('center_axis',(-1.,0.,0.));
#5332=DIRECTION('ref_axis',(0.,0.,1.));
#5333=DIRECTION('',(0.,0.,1.));
#5334=DIRECTION('',(0.,1.,0.));
#5335=DIRECTION('',(0.,1.,0.));
#5336=DIRECTION('center_axis',(8.5401771125012E-17,0.,-1.));
#5337=DIRECTION('ref_axis',(-1.,0.,-8.5401771125012E-17));
#5338=DIRECTION('',(1.,0.,8.5401771125012E-17));
#5339=DIRECTION('',(-1.,1.68882744075966E-16,-8.5401771125012E-17));
#5340=DIRECTION('center_axis',(8.5401771125012E-17,0.,-1.));
#5341=DIRECTION('ref_axis',(-1.,0.,-8.5401771125012E-17));
#5342=DIRECTION('',(-1.,0.,-8.5401771125012E-17));
#5343=DIRECTION('',(0.,1.,0.));
#5344=DIRECTION('center_axis',(1.,0.,0.));
#5345=DIRECTION('ref_axis',(0.,0.,-1.));
#5346=DIRECTION('',(0.,0.,-1.));
#5347=DIRECTION('',(0.,1.,0.));
#5348=DIRECTION('center_axis',(0.,-1.,0.));
#5349=DIRECTION('ref_axis',(-1.,0.,0.));
#5350=DIRECTION('',(1.,0.,0.));
#5351=DIRECTION('',(0.,0.,-1.));
#5352=DIRECTION('',(-1.,0.,0.));
#5353=DIRECTION('',(0.,0.,-1.));
#5354=DIRECTION('',(1.,0.,0.));
#5355=DIRECTION('center_axis',(-1.,0.,0.));
#5356=DIRECTION('ref_axis',(0.,1.,0.));
#5357=DIRECTION('',(0.,1.,0.));
#5358=DIRECTION('',(0.,0.,-1.));
#5359=DIRECTION('',(0.,1.,0.));
#5360=DIRECTION('',(0.,0.,-1.));
#5361=DIRECTION('center_axis',(0.,-1.,0.));
#5362=DIRECTION('ref_axis',(-1.,0.,0.));
#5363=DIRECTION('',(-1.,0.,0.));
#5364=DIRECTION('',(0.,0.,-1.));
#5365=DIRECTION('',(-1.,0.,0.));
#5366=DIRECTION('center_axis',(1.,0.,0.));
#5367=DIRECTION('ref_axis',(0.,-1.,0.));
#5368=DIRECTION('',(0.,-1.,0.));
#5369=DIRECTION('',(0.,0.,-1.));
#5370=DIRECTION('',(0.,-1.,0.));
#5371=DIRECTION('center_axis',(0.,0.,-1.));
#5372=DIRECTION('ref_axis',(-1.,0.,0.));
#5373=DIRECTION('',(1.,0.,0.));
#5374=DIRECTION('',(1.,0.,0.));
#5375=DIRECTION('',(0.,-1.,0.));
#5376=DIRECTION('',(-1.,0.,0.));
#5377=DIRECTION('',(1.11022302462516E-15,1.,0.));
#5378=DIRECTION('center_axis',(1.,0.,0.));
#5379=DIRECTION('ref_axis',(0.,-1.,0.));
#5380=DIRECTION('',(0.,-1.,0.));
#5381=DIRECTION('',(0.,0.,-1.));
#5382=DIRECTION('',(0.,-1.,0.));
#5383=DIRECTION('center_axis',(0.,1.,0.));
#5384=DIRECTION('ref_axis',(1.,0.,0.));
#5385=DIRECTION('',(1.,0.,0.));
#5386=DIRECTION('',(0.,0.,-1.));
#5387=DIRECTION('',(1.,0.,0.));
#5388=DIRECTION('center_axis',(-1.,0.,0.));
#5389=DIRECTION('ref_axis',(0.,1.,0.));
#5390=DIRECTION('',(0.,1.,0.));
#5391=DIRECTION('',(0.,1.,0.));
#5392=DIRECTION('center_axis',(0.,0.,-1.));
#5393=DIRECTION('ref_axis',(-1.,0.,0.));
#5394=DIRECTION('',(1.,0.,0.));
#5395=DIRECTION('',(0.,-1.,0.));
#5396=DIRECTION('',(-1.,0.,0.));
#5397=DIRECTION('',(0.,1.,0.));
#5398=DIRECTION('center_axis',(1.,0.,0.));
#5399=DIRECTION('ref_axis',(0.,-1.,0.));
#5400=DIRECTION('',(0.,0.,-1.));
#5401=DIRECTION('',(0.,-1.,0.));
#5402=DIRECTION('',(0.,0.,-1.));
#5403=DIRECTION('center_axis',(0.,1.,0.));
#5404=DIRECTION('ref_axis',(1.,0.,0.));
#5405=DIRECTION('',(0.,0.,-1.));
#5406=DIRECTION('',(1.,0.,0.));
#5407=DIRECTION('center_axis',(0.,0.,1.));
#5408=DIRECTION('ref_axis',(1.,0.,0.));
#5409=DIRECTION('',(1.,-1.68882744075966E-16,0.));
#5410=DIRECTION('',(0.,-1.,0.));
#5411=DIRECTION('',(-1.,0.,0.));
#5412=DIRECTION('',(0.,-1.,0.));
#5413=DIRECTION('',(1.,-1.68882744075966E-16,0.));
#5414=DIRECTION('center_axis',(1.,0.,0.));
#5415=DIRECTION('ref_axis',(0.,-1.,0.));
#5416=DIRECTION('',(0.,0.,-1.));
#5417=DIRECTION('',(0.,-1.,0.));
#5418=DIRECTION('',(0.,0.,-1.));
#5419=DIRECTION('center_axis',(0.,1.,0.));
#5420=DIRECTION('ref_axis',(1.,0.,0.));
#5421=DIRECTION('',(0.,0.,-1.));
#5422=DIRECTION('',(1.,0.,0.));
#5423=DIRECTION('center_axis',(0.,0.,1.));
#5424=DIRECTION('ref_axis',(1.,0.,0.));
#5425=DIRECTION('',(0.,-1.,0.));
#5426=DIRECTION('',(-1.,0.,0.));
#5427=DIRECTION('',(0.,-1.,0.));
#5428=DIRECTION('center_axis',(0.,-1.,0.));
#5429=DIRECTION('ref_axis',(-1.,0.,0.));
#5430=DIRECTION('',(-1.,0.,0.));
#5431=DIRECTION('',(0.,0.,-1.));
#5432=DIRECTION('center_axis',(-1.,0.,0.));
#5433=DIRECTION('ref_axis',(0.,1.,0.));
#5434=DIRECTION('',(0.,1.,0.));
#5435=DIRECTION('center_axis',(0.,1.,0.));
#5436=DIRECTION('ref_axis',(1.,0.,0.));
#5437=DIRECTION('',(0.,0.,-1.));
#5438=DIRECTION('',(1.,0.,0.));
#5439=DIRECTION('',(0.,0.,-1.));
#5440=DIRECTION('center_axis',(-1.,0.,0.));
#5441=DIRECTION('ref_axis',(0.,1.,0.));
#5442=DIRECTION('',(0.,1.,0.));
#5443=DIRECTION('',(0.,-1.,0.));
#5444=DIRECTION('center_axis',(1.,0.,0.));
#5445=DIRECTION('ref_axis',(0.,-1.,0.));
#5446=DIRECTION('',(0.,1.,0.));
#5447=DIRECTION('',(0.,-1.,0.));
#5448=DIRECTION('center_axis',(0.,0.,-1.));
#5449=DIRECTION('ref_axis',(-1.,0.,0.));
#5450=DIRECTION('center_axis',(0.,-1.,0.));
#5451=DIRECTION('ref_axis',(-1.,0.,0.));
#5452=DIRECTION('',(-1.,0.,0.));
#5453=DIRECTION('',(0.,0.,-1.));
#5454=DIRECTION('center_axis',(-1.,1.11022302462516E-15,0.));
#5455=DIRECTION('ref_axis',(1.11022302462516E-15,1.,0.));
#5456=DIRECTION('',(1.11022302462516E-15,1.,0.));
#5457=DIRECTION('center_axis',(-1.,0.,0.));
#5458=DIRECTION('ref_axis',(0.,1.,0.));
#5459=DIRECTION('',(0.,-1.,0.));
#5460=DIRECTION('',(0.,0.,-1.));
#5461=DIRECTION('',(0.,1.,0.));
#5462=DIRECTION('',(0.,0.,-1.));
#5463=DIRECTION('center_axis',(0.,-1.,0.));
#5464=DIRECTION('ref_axis',(-1.,0.,0.));
#5465=DIRECTION('',(-1.,0.,0.));
#5466=DIRECTION('',(0.,0.,-1.));
#5467=DIRECTION('center_axis',(1.,0.,0.));
#5468=DIRECTION('ref_axis',(0.,-1.,0.));
#5469=DIRECTION('',(0.,1.,0.));
#5470=DIRECTION('',(0.,-1.,0.));
#5471=DIRECTION('',(0.,0.,-1.));
#5472=DIRECTION('center_axis',(0.,1.,0.));
#5473=DIRECTION('ref_axis',(1.,0.,0.));
#5474=DIRECTION('',(-1.,0.,0.));
#5475=DIRECTION('',(1.,0.,0.));
#5476=DIRECTION('',(-1.,0.,0.));
#5477=DIRECTION('center_axis',(0.,0.,-1.));
#5478=DIRECTION('ref_axis',(-1.,0.,0.));
#5479=DIRECTION('center_axis',(0.,0.,1.));
#5480=DIRECTION('ref_axis',(1.,0.,0.));
#5481=DIRECTION('',(-1.,-3.94745964311167E-16,0.));
#5482=DIRECTION('',(-1.93082265152201E-17,1.,0.));
#5483=DIRECTION('',(1.,0.,0.));
#5484=DIRECTION('',(0.,1.,0.));
#5485=DIRECTION('center_axis',(0.,0.,1.));
#5486=DIRECTION('ref_axis',(1.,0.,0.));
#5487=DIRECTION('',(1.,0.,0.));
#5488=DIRECTION('',(0.,1.,0.));
#5489=DIRECTION('',(-1.,0.,0.));
#5490=DIRECTION('',(-1.93082265152201E-17,1.,0.));
#5491=DIRECTION('center_axis',(-1.,0.,0.));
#5492=DIRECTION('ref_axis',(0.,0.,1.));
#5493=DIRECTION('',(0.,0.,-1.));
#5494=DIRECTION('',(0.,0.,1.));
#5495=DIRECTION('',(0.,1.,0.));
#5496=DIRECTION('center_axis',(-1.,0.,0.));
#5497=DIRECTION('ref_axis',(0.,0.,1.));
#5498=DIRECTION('',(0.,0.,1.));
#5499=DIRECTION('',(0.,1.,0.));
#5500=DIRECTION('',(0.,0.,-1.));
#5501=DIRECTION('center_axis',(0.,1.,0.));
#5502=DIRECTION('ref_axis',(-1.,0.,0.));
#5503=DIRECTION('',(1.,0.,0.));
#5504=DIRECTION('',(0.,0.,1.));
#5505=DIRECTION('',(-1.,0.,0.));
#5506=DIRECTION('',(0.,0.,1.));
#5507=DIRECTION('center_axis',(-3.94745964311167E-16,1.,0.));
#5508=DIRECTION('ref_axis',(-1.,-3.94745964311167E-16,0.));
#5509=DIRECTION('',(1.,3.94745964311167E-16,0.));
#5510=DIRECTION('',(0.,0.,1.));
#5511=DIRECTION('',(1.,3.94745964311167E-16,0.));
#5512=DIRECTION('',(0.,0.,1.));
#5513=DIRECTION('center_axis',(0.,-1.,0.));
#5514=DIRECTION('ref_axis',(1.,0.,0.));
#5515=DIRECTION('',(0.,0.,1.));
#5516=DIRECTION('',(1.,0.,0.));
#5517=DIRECTION('',(0.,0.,1.));
#5518=DIRECTION('',(-1.,0.,0.));
#5519=DIRECTION('center_axis',(0.,-1.,-6.90805499307366E-15));
#5520=DIRECTION('ref_axis',(0.,6.90805499307366E-15,-1.));
#5521=DIRECTION('',(4.71968105149978E-30,6.90805499307366E-15,-1.));
#5522=DIRECTION('',(-1.,0.,0.));
#5523=DIRECTION('',(3.83474085434358E-30,-6.90805499307366E-15,1.));
#5524=DIRECTION('',(1.,0.,0.));
#5525=DIRECTION('center_axis',(0.,1.,0.));
#5526=DIRECTION('ref_axis',(0.,0.,1.));
#5527=DIRECTION('',(0.,0.,1.));
#5528=DIRECTION('',(1.,0.,0.));
#5529=DIRECTION('',(0.,0.,-1.));
#5530=DIRECTION('',(1.,0.,0.));
#5531=DIRECTION('center_axis',(1.,5.55111512312578E-16,0.));
#5532=DIRECTION('ref_axis',(-5.55111512312578E-16,1.,0.));
#5533=DIRECTION('',(-5.55111512312578E-16,1.,0.));
#5534=DIRECTION('',(0.,0.,1.));
#5535=DIRECTION('',(5.55111512312578E-16,-1.,0.));
#5536=DIRECTION('center_axis',(0.,0.,1.));
#5537=DIRECTION('ref_axis',(1.,0.,0.));
#5538=DIRECTION('',(-6.83214169000096E-16,-1.,0.));
#5539=DIRECTION('',(1.,0.,0.));
#5540=DIRECTION('',(0.,1.,0.));
#5541=DIRECTION('',(-1.,6.34413156928661E-16,0.));
#5542=DIRECTION('center_axis',(0.,0.,1.));
#5543=DIRECTION('ref_axis',(1.,0.,0.));
#5544=DIRECTION('',(-1.,0.,0.));
#5545=DIRECTION('',(0.,-1.,0.));
#5546=DIRECTION('',(0.,1.,0.));
#5547=DIRECTION('center_axis',(-1.,0.,0.));
#5548=DIRECTION('ref_axis',(0.,1.,0.));
#5549=DIRECTION('',(0.,0.,-1.));
#5550=DIRECTION('',(0.,-1.,0.));
#5551=DIRECTION('center_axis',(0.,1.,0.));
#5552=DIRECTION('ref_axis',(1.,0.,0.));
#5553=DIRECTION('',(0.,0.,-1.));
#5554=DIRECTION('',(-1.,0.,0.));
#5555=DIRECTION('center_axis',(0.,0.,1.));
#5556=DIRECTION('ref_axis',(1.,0.,0.));
#5557=DIRECTION('',(-1.,0.,0.));
#5558=DIRECTION('',(0.,-1.,0.));
#5559=DIRECTION('',(1.,0.,0.));
#5560=DIRECTION('center_axis',(0.,-1.,0.));
#5561=DIRECTION('ref_axis',(-1.,0.,0.));
#5562=DIRECTION('',(0.,0.,-1.));
#5563=DIRECTION('',(0.,0.,-1.));
#5564=DIRECTION('',(0.,0.,-1.));
#5565=DIRECTION('',(1.,0.,0.));
#5566=DIRECTION('',(0.,0.,1.));
#5567=DIRECTION('center_axis',(-1.,0.,0.));
#5568=DIRECTION('ref_axis',(0.,1.,0.));
#5569=DIRECTION('',(0.,0.,-1.));
#5570=DIRECTION('',(0.,-1.,0.));
#5571=DIRECTION('center_axis',(1.,0.,0.));
#5572=DIRECTION('ref_axis',(0.,-1.,0.));
#5573=DIRECTION('',(0.,1.,0.));
#5574=DIRECTION('',(0.,0.,-1.));
#5575=DIRECTION('',(0.,-1.,0.));
#5576=DIRECTION('',(0.,0.,-1.));
#5577=DIRECTION('center_axis',(0.,1.,0.));
#5578=DIRECTION('ref_axis',(1.,0.,0.));
#5579=DIRECTION('',(-1.,0.,0.));
#5580=DIRECTION('',(1.,0.,0.));
#5581=DIRECTION('',(0.,0.,-1.));
#5582=DIRECTION('center_axis',(-1.,0.,0.));
#5583=DIRECTION('ref_axis',(0.,1.,0.));
#5584=DIRECTION('',(0.,-1.,0.));
#5585=DIRECTION('',(0.,1.,0.));
#5586=DIRECTION('',(0.,0.,-1.));
#5587=DIRECTION('center_axis',(0.,0.,-1.));
#5588=DIRECTION('ref_axis',(-1.,0.,0.));
#5589=DIRECTION('',(-1.,0.,0.));
#5590=DIRECTION('center_axis',(0.,0.,1.));
#5591=DIRECTION('ref_axis',(1.,0.,0.));
#5592=DIRECTION('',(1.,-1.68882744075966E-16,0.));
#5593=DIRECTION('center_axis',(0.,0.,1.));
#5594=DIRECTION('ref_axis',(1.,0.,0.));
#5595=DIRECTION('',(0.,-1.,0.));
#5596=DIRECTION('',(-1.,0.,0.));
#5597=DIRECTION('',(0.,1.,0.));
#5598=DIRECTION('',(1.,-1.68882744075966E-16,0.));
#5599=DIRECTION('',(1.,-1.68882744075966E-16,0.));
#5600=DIRECTION('',(1.,-1.68882744075966E-16,0.));
#5601=DIRECTION('',(1.,-1.68882744075966E-16,0.));
#5602=DIRECTION('',(0.,1.,0.));
#5603=DIRECTION('',(-1.,0.,0.));
#5604=DIRECTION('',(6.83214169000096E-16,1.,0.));
#5605=DIRECTION('',(1.,-2.69144975666705E-16,0.));
#5606=DIRECTION('',(0.,1.,0.));
#5607=DIRECTION('',(0.,-1.,0.));
#5608=DIRECTION('',(1.,0.,0.));
#5609=DIRECTION('',(0.,1.,0.));
#5610=DIRECTION('center_axis',(1.,0.,0.));
#5611=DIRECTION('ref_axis',(0.,-1.,0.));
#5612=DIRECTION('',(0.,1.,0.));
#5613=DIRECTION('center_axis',(-1.,0.,0.));
#5614=DIRECTION('ref_axis',(0.,1.,0.));
#5615=DIRECTION('',(0.,1.,0.));
#5616=DIRECTION('',(0.,0.,-1.));
#5617=DIRECTION('center_axis',(0.,-1.,0.));
#5618=DIRECTION('ref_axis',(-1.,0.,0.));
#5619=DIRECTION('',(-1.,0.,0.));
#5620=DIRECTION('',(0.,0.,-1.));
#5621=DIRECTION('center_axis',(1.,0.,0.));
#5622=DIRECTION('ref_axis',(0.,-1.,0.));
#5623=DIRECTION('',(0.,-1.,0.));
#5624=DIRECTION('center_axis',(0.,0.,-1.));
#5625=DIRECTION('ref_axis',(-1.,0.,0.));
#5626=DIRECTION('center_axis',(0.,0.,1.));
#5627=DIRECTION('ref_axis',(1.,0.,0.));
#5628=DIRECTION('center_axis',(0.,0.,1.));
#5629=DIRECTION('ref_axis',(1.,0.,0.));
#5630=DIRECTION('',(0.,-1.,0.));
#5631=DIRECTION('',(1.,0.,0.));
#5632=DIRECTION('',(0.,1.,0.));
#5633=DIRECTION('',(-1.,0.,0.));
#5634=DIRECTION('center_axis',(0.,0.,1.));
#5635=DIRECTION('ref_axis',(1.,0.,0.));
#5636=DIRECTION('',(1.,-2.69144975666705E-16,0.));
#5637=DIRECTION('',(0.,1.,0.));
#5638=DIRECTION('',(1.,0.,0.));
#5639=DIRECTION('',(-1.93082265152201E-17,1.,0.));
#5640=DIRECTION('',(0.,-1.,0.));
#5641=DIRECTION('center_axis',(0.,0.,1.));
#5642=DIRECTION('ref_axis',(1.,0.,0.));
#5643=DIRECTION('',(0.,-1.,0.));
#5644=DIRECTION('',(-1.,0.,0.));
#5645=DIRECTION('',(0.,-1.,0.));
#5646=DIRECTION('center_axis',(-3.1720657846433E-16,-1.,0.));
#5647=DIRECTION('ref_axis',(1.,-3.1720657846433E-16,0.));
#5648=DIRECTION('',(-1.,3.1720657846433E-16,0.));
#5649=DIRECTION('',(0.,0.,1.));
#5650=DIRECTION('',(1.,-3.1720657846433E-16,0.));
#5651=DIRECTION('',(0.,0.,1.));
#5652=DIRECTION('center_axis',(6.34413156928661E-16,1.,0.));
#5653=DIRECTION('ref_axis',(-1.,6.34413156928661E-16,0.));
#5654=DIRECTION('',(1.,-6.34413156928661E-16,0.));
#5655=DIRECTION('',(0.,0.,1.));
#5656=DIRECTION('center_axis',(1.,5.55111512312578E-16,0.));
#5657=DIRECTION('ref_axis',(-5.55111512312578E-16,1.,0.));
#5658=DIRECTION('',(5.55111512312578E-16,-1.,0.));
#5659=DIRECTION('',(-5.55111512312578E-16,1.,0.));
#5660=DIRECTION('center_axis',(0.,-1.,0.));
#5661=DIRECTION('ref_axis',(1.,0.,0.));
#5662=DIRECTION('',(0.,0.,-1.));
#5663=DIRECTION('',(-1.,0.,0.));
#5664=DIRECTION('',(0.,0.,-1.));
#5665=DIRECTION('',(0.,0.,1.));
#5666=DIRECTION('',(0.,0.,1.));
#5667=DIRECTION('center_axis',(-1.,6.83214169000096E-16,0.));
#5668=DIRECTION('ref_axis',(-6.83214169000096E-16,-1.,0.));
#5669=DIRECTION('',(-6.83214169000096E-16,-1.,0.));
#5670=DIRECTION('',(0.,0.,1.));
#5671=DIRECTION('',(6.83214169000096E-16,1.,0.));
#5672=DIRECTION('center_axis',(2.69144975666705E-16,1.,0.));
#5673=DIRECTION('ref_axis',(-1.,2.69144975666705E-16,0.));
#5674=DIRECTION('',(-1.,2.69144975666705E-16,0.));
#5675=DIRECTION('',(0.,0.,1.));
#5676=DIRECTION('',(0.,0.,1.));
#5677=DIRECTION('',(0.,0.,1.));
#5678=DIRECTION('center_axis',(0.,0.,1.));
#5679=DIRECTION('ref_axis',(1.,0.,0.));
#5680=DIRECTION('',(0.,1.,0.));
#5681=DIRECTION('center_axis',(-1.,0.,0.));
#5682=DIRECTION('ref_axis',(0.,-1.,0.));
#5683=DIRECTION('',(0.,0.,1.));
#5684=DIRECTION('',(0.,-1.,0.));
#5685=DIRECTION('',(0.,-1.,0.));
#5686=DIRECTION('center_axis',(-1.,0.,0.));
#5687=DIRECTION('ref_axis',(0.,-1.,0.));
#5688=DIRECTION('',(0.,-1.,0.));
#5689=DIRECTION('center_axis',(1.,0.,0.));
#5690=DIRECTION('ref_axis',(0.,1.,0.));
#5691=DIRECTION('',(0.,0.,1.));
#5692=DIRECTION('',(0.,-1.,0.));
#5693=DIRECTION('',(0.,1.,0.));
#5694=DIRECTION('',(0.,-1.,0.));
#5695=DIRECTION('',(0.,0.,1.));
#5696=DIRECTION('center_axis',(0.,0.,1.));
#5697=DIRECTION('ref_axis',(1.,0.,0.));
#5698=DIRECTION('center_axis',(0.,1.,0.));
#5699=DIRECTION('ref_axis',(-1.,0.,0.));
#5700=DIRECTION('',(0.,0.,1.));
#5701=DIRECTION('',(-1.,0.,0.));
#5702=DIRECTION('',(0.,0.,1.));
#5703=DIRECTION('center_axis',(-1.,0.,0.));
#5704=DIRECTION('ref_axis',(0.,-1.,0.));
#5705=DIRECTION('',(0.,-1.,0.));
#5706=DIRECTION('center_axis',(0.,-1.,0.));
#5707=DIRECTION('ref_axis',(1.,0.,0.));
#5708=DIRECTION('',(0.,0.,1.));
#5709=DIRECTION('',(1.,0.,0.));
#5710=DIRECTION('center_axis',(0.,-1.,0.));
#5711=DIRECTION('ref_axis',(1.,0.,0.));
#5712=DIRECTION('',(-1.,0.,0.));
#5713=DIRECTION('',(0.,0.,1.));
#5714=DIRECTION('',(1.,0.,0.));
#5715=DIRECTION('',(0.,0.,1.));
#5716=DIRECTION('center_axis',(-1.,0.,0.));
#5717=DIRECTION('ref_axis',(0.,-1.,0.));
#5718=DIRECTION('',(0.,1.,0.));
#5719=DIRECTION('',(0.,-1.,0.));
#5720=DIRECTION('center_axis',(0.,1.,0.));
#5721=DIRECTION('ref_axis',(-1.,0.,0.));
#5722=DIRECTION('',(-1.,0.,0.));
#5723=DIRECTION('',(0.,0.,1.));
#5724=DIRECTION('center_axis',(-1.,0.,0.));
#5725=DIRECTION('ref_axis',(0.,-1.,0.));
#5726=DIRECTION('',(0.,-1.,0.));
#5727=DIRECTION('center_axis',(0.,0.,1.));
#5728=DIRECTION('ref_axis',(1.,0.,0.));
#5729=DIRECTION('',(0.,1.,0.));
#5730=DIRECTION('center_axis',(0.,0.,1.));
#5731=DIRECTION('ref_axis',(1.,0.,0.));
#5732=DIRECTION('',(-1.93082265152201E-17,1.,0.));
#5733=DIRECTION('center_axis',(1.,1.93082265152201E-17,0.));
#5734=DIRECTION('ref_axis',(-1.93082265152201E-17,1.,0.));
#5735=DIRECTION('',(0.,0.,1.));
#5736=DIRECTION('center_axis',(0.,-1.,0.));
#5737=DIRECTION('ref_axis',(1.,0.,0.));
#5738=DIRECTION('',(0.,0.,1.));
#5739=DIRECTION('',(-1.,0.,0.));
#5740=DIRECTION('center_axis',(1.,0.,0.));
#5741=DIRECTION('ref_axis',(0.,1.,0.));
#5742=DIRECTION('',(0.,-1.,0.));
#5743=DIRECTION('center_axis',(0.,0.,1.));
#5744=DIRECTION('ref_axis',(1.,0.,0.));
#5745=DIRECTION('',(1.,-1.68882744075966E-16,0.));
#5746=DIRECTION('',(-1.19530746115965E-17,1.,0.));
#5747=DIRECTION('',(1.,0.,0.));
#5748=DIRECTION('',(-1.16309078770254E-16,-1.,0.));
#5749=DIRECTION('',(1.,1.73021770071453E-16,0.));
#5750=DIRECTION('',(0.,1.,0.));
#5751=DIRECTION('',(1.,0.,0.));
#5752=DIRECTION('',(0.,1.,0.));
#5753=DIRECTION('',(-1.,0.,0.));
#5754=DIRECTION('',(0.,1.,0.));
#5755=DIRECTION('',(-1.,0.,0.));
#5756=DIRECTION('',(-1.16309078770254E-16,-1.,0.));
#5757=DIRECTION('',(-1.,0.,0.));
#5758=DIRECTION('',(-1.19530746115965E-17,1.,0.));
#5759=DIRECTION('center_axis',(0.,-1.,0.));
#5760=DIRECTION('ref_axis',(1.,0.,0.));
#5761=DIRECTION('',(0.,0.,1.));
#5762=DIRECTION('',(0.,0.,1.));
#5763=DIRECTION('center_axis',(1.,0.,0.));
#5764=DIRECTION('ref_axis',(0.,1.,0.));
#5765=DIRECTION('',(0.,0.,1.));
#5766=DIRECTION('center_axis',(-1.,-1.19530746115965E-17,0.));
#5767=DIRECTION('ref_axis',(1.19530746115965E-17,-1.,0.));
#5768=DIRECTION('',(0.,0.,1.));
#5769=DIRECTION('',(1.19530746115965E-17,-1.,0.));
#5770=DIRECTION('',(0.,0.,1.));
#5771=DIRECTION('center_axis',(0.,1.,0.));
#5772=DIRECTION('ref_axis',(-1.,0.,0.));
#5773=DIRECTION('',(-1.,0.,0.));
#5774=DIRECTION('',(0.,0.,1.));
#5775=DIRECTION('center_axis',(1.,-1.16309078770254E-16,0.));
#5776=DIRECTION('ref_axis',(1.16309078770254E-16,1.,0.));
#5777=DIRECTION('',(1.16309078770254E-16,1.,0.));
#5778=DIRECTION('',(0.,0.,1.));
#5779=DIRECTION('center_axis',(-1.73021770071453E-16,1.,0.));
#5780=DIRECTION('ref_axis',(-1.,-1.73021770071453E-16,0.));
#5781=DIRECTION('',(-1.,-1.73021770071453E-16,0.));
#5782=DIRECTION('',(0.,0.,1.));
#5783=DIRECTION('center_axis',(-1.,0.,0.));
#5784=DIRECTION('ref_axis',(0.,-1.,0.));
#5785=DIRECTION('',(0.,-1.,0.));
#5786=DIRECTION('',(0.,0.,1.));
#5787=DIRECTION('center_axis',(0.,1.,0.));
#5788=DIRECTION('ref_axis',(-1.,0.,0.));
#5789=DIRECTION('',(-1.,0.,0.));
#5790=DIRECTION('',(0.,0.,1.));
#5791=DIRECTION('center_axis',(-1.,0.,0.));
#5792=DIRECTION('ref_axis',(0.,-1.,0.));
#5793=DIRECTION('',(0.,-1.,0.));
#5794=DIRECTION('',(0.,0.,1.));
#5795=DIRECTION('center_axis',(0.,-1.,0.));
#5796=DIRECTION('ref_axis',(1.,0.,0.));
#5797=DIRECTION('',(1.,0.,0.));
#5798=DIRECTION('',(0.,0.,1.));
#5799=DIRECTION('center_axis',(-1.,0.,0.));
#5800=DIRECTION('ref_axis',(0.,-1.,0.));
#5801=DIRECTION('',(0.,-1.,0.));
#5802=DIRECTION('',(0.,0.,1.));
#5803=DIRECTION('center_axis',(0.,-1.,0.));
#5804=DIRECTION('ref_axis',(1.,0.,0.));
#5805=DIRECTION('',(1.,0.,0.));
#5806=DIRECTION('',(0.,0.,1.));
#5807=DIRECTION('center_axis',(1.,-1.16309078770254E-16,0.));
#5808=DIRECTION('ref_axis',(1.16309078770254E-16,1.,0.));
#5809=DIRECTION('',(1.16309078770254E-16,1.,0.));
#5810=DIRECTION('',(0.,0.,1.));
#5811=DIRECTION('center_axis',(0.,-1.,0.));
#5812=DIRECTION('ref_axis',(1.,0.,0.));
#5813=DIRECTION('',(1.,0.,0.));
#5814=DIRECTION('',(0.,0.,1.));
#5815=DIRECTION('center_axis',(-1.,-1.19530746115965E-17,0.));
#5816=DIRECTION('ref_axis',(1.19530746115965E-17,-1.,0.));
#5817=DIRECTION('',(1.19530746115965E-17,-1.,0.));
#5818=DIRECTION('center_axis',(1.,0.,0.));
#5819=DIRECTION('ref_axis',(0.,1.,0.));
#5820=DIRECTION('',(0.,1.,0.));
#5821=DIRECTION('center_axis',(0.,0.,1.));
#5822=DIRECTION('ref_axis',(1.,0.,0.));
#5823=DIRECTION('',(1.,-3.54194012760871E-33,0.));
#5824=DIRECTION('center_axis',(-1.68882744075966E-16,-1.,0.));
#5825=DIRECTION('ref_axis',(1.,-1.68882744075966E-16,0.));
#5826=DIRECTION('center_axis',(0.,0.,1.));
#5827=DIRECTION('ref_axis',(1.,0.,0.));
#5828=DIRECTION('',(0.,1.,0.));
#5829=DIRECTION('',(-1.,6.34413156928661E-16,0.));
#5830=DIRECTION('',(-5.55111512312578E-16,1.,0.));
#5831=DIRECTION('',(1.,-3.1720657846433E-16,0.));
#5832=DIRECTION('center_axis',(0.,0.,1.));
#5833=DIRECTION('ref_axis',(1.,0.,0.));
#5834=DIRECTION('',(5.55111512312578E-16,-1.,0.));
#5835=DIRECTION('',(1.,-6.34413156928661E-16,0.));
#5836=DIRECTION('',(0.,-1.,0.));
#5837=DIRECTION('',(-1.,3.1720657846433E-16,0.));
#5838=DIRECTION('center_axis',(-1.,0.,0.));
#5839=DIRECTION('ref_axis',(0.,-1.,0.));
#5840=DIRECTION('',(0.,0.,-1.));
#5841=DIRECTION('',(0.,0.,1.));
#5842=DIRECTION('center_axis',(6.34413156928661E-16,1.,0.));
#5843=DIRECTION('ref_axis',(-1.,6.34413156928661E-16,0.));
#5844=DIRECTION('',(0.,0.,1.));
#5845=DIRECTION('center_axis',(1.,5.55111512312578E-16,0.));
#5846=DIRECTION('ref_axis',(-5.55111512312578E-16,1.,0.));
#5847=DIRECTION('',(0.,0.,1.));
#5848=DIRECTION('center_axis',(-3.1720657846433E-16,-1.,0.));
#5849=DIRECTION('ref_axis',(1.,-3.1720657846433E-16,0.));
#5850=DIRECTION('center_axis',(-1.,0.,0.));
#5851=DIRECTION('ref_axis',(0.,1.,0.));
#5852=DIRECTION('center_axis',(-1.,0.,0.));
#5853=DIRECTION('ref_axis',(0.,1.,0.));
#5854=DIRECTION('',(1.,0.,0.));
#5855=DIRECTION('center_axis',(1.,0.,0.));
#5856=DIRECTION('ref_axis',(0.,1.,0.));
#5857=DIRECTION('center_axis',(1.,0.,0.));
#5858=DIRECTION('ref_axis',(0.,1.,0.));
#5859=DIRECTION('center_axis',(1.,0.,0.));
#5860=DIRECTION('ref_axis',(0.,1.,0.));
#5861=DIRECTION('',(0.,1.,0.));
#5862=DIRECTION('',(0.,0.,-1.));
#5863=DIRECTION('',(0.,1.,0.));
#5864=DIRECTION('',(0.,0.,-1.));
#5865=DIRECTION('center_axis',(0.,1.,0.));
#5866=DIRECTION('ref_axis',(0.,0.,-1.));
#5867=DIRECTION('',(-1.,0.,0.));
#5868=DIRECTION('',(0.,0.,1.));
#5869=DIRECTION('',(1.,0.,0.));
#5870=DIRECTION('',(1.,0.,0.));
#5871=DIRECTION('',(0.,0.,-1.));
#5872=DIRECTION('center_axis',(0.,-5.93702152205966E-17,-1.));
#5873=DIRECTION('ref_axis',(0.,-1.,5.93702152205966E-17));
#5874=DIRECTION('',(1.,0.,0.));
#5875=DIRECTION('',(0.,1.,-5.93702152205966E-17));
#5876=DIRECTION('',(0.,-1.,5.93702152205966E-17));
#5877=DIRECTION('',(1.,0.,0.));
#5878=DIRECTION('',(0.,-1.,5.93702152205966E-17));
#5879=DIRECTION('center_axis',(-1.,0.,0.));
#5880=DIRECTION('ref_axis',(0.,-1.,0.));
#5881=DIRECTION('',(0.,-1.,0.));
#5882=DIRECTION('',(0.,0.,1.));
#5883=DIRECTION('',(0.,0.,1.));
#5884=DIRECTION('',(0.,-1.,0.));
#5885=DIRECTION('',(0.,0.,1.));
#5886=DIRECTION('',(0.,-1.,0.));
#5887=DIRECTION('',(0.,0.,1.));
#5888=DIRECTION('',(0.,-1.,0.));
#5889=DIRECTION('',(0.,0.,1.));
#5890=DIRECTION('center_axis',(0.,1.,0.));
#5891=DIRECTION('ref_axis',(-1.,0.,0.));
#5892=DIRECTION('',(1.,0.,0.));
#5893=DIRECTION('',(-1.,0.,0.));
#5894=DIRECTION('',(0.,0.,1.));
#5895=DIRECTION('center_axis',(0.,-1.,0.));
#5896=DIRECTION('ref_axis',(1.,0.,0.));
#5897=DIRECTION('',(0.,0.,-1.));
#5898=DIRECTION('',(-1.,0.,0.));
#5899=DIRECTION('',(0.,0.,1.));
#5900=DIRECTION('',(1.,0.,0.));
#5901=DIRECTION('center_axis',(0.,0.,1.));
#5902=DIRECTION('ref_axis',(1.,0.,0.));
#5903=DIRECTION('',(0.,1.,0.));
#5904=DIRECTION('center_axis',(-1.,0.,0.));
#5905=DIRECTION('ref_axis',(0.,0.,1.));
#5906=DIRECTION('',(0.,1.,0.));
#5907=DIRECTION('',(0.,0.,1.));
#5908=DIRECTION('',(0.,1.,0.));
#5909=DIRECTION('center_axis',(0.,-1.,0.));
#5910=DIRECTION('ref_axis',(0.,0.,1.));
#5911=DIRECTION('',(1.,0.,0.));
#5912=DIRECTION('',(0.,0.,-1.));
#5913=DIRECTION('',(-1.,0.,0.));
#5914=DIRECTION('center_axis',(1.,0.,0.));
#5915=DIRECTION('ref_axis',(0.,1.,0.));
#5916=DIRECTION('',(0.,1.,0.));
#5917=DIRECTION('',(0.,0.,1.));
#5918=DIRECTION('',(0.,1.,0.));
#5919=DIRECTION('',(0.,-1.,0.));
#5920=DIRECTION('',(0.,0.,-1.));
#5921=DIRECTION('center_axis',(0.,0.,1.));
#5922=DIRECTION('ref_axis',(1.,0.,0.));
#5923=DIRECTION('',(-1.,0.,0.));
#5924=DIRECTION('',(-1.,0.,0.));
#5925=DIRECTION('',(0.,-1.,0.));
#5926=DIRECTION('',(1.,0.,0.));
#5927=DIRECTION('',(0.,1.,0.));
#5928=DIRECTION('',(1.,-8.57252759403143E-18,0.));
#5929=DIRECTION('center_axis',(0.,0.,-1.));
#5930=DIRECTION('ref_axis',(1.,0.,0.));
#5931=DIRECTION('center_axis',(0.,0.,-1.));
#5932=DIRECTION('ref_axis',(1.,0.,0.));
#5933=DIRECTION('center_axis',(0.,0.,1.));
#5934=DIRECTION('ref_axis',(1.,0.,0.));
#5935=DIRECTION('',(1.,-8.57252759403143E-18,0.));
#5936=DIRECTION('',(0.,1.,0.));
#5937=DIRECTION('',(-1.,0.,0.));
#5938=DIRECTION('center_axis',(0.,0.,-1.));
#5939=DIRECTION('ref_axis',(1.,0.,0.));
#5940=DIRECTION('center_axis',(0.,0.,1.));
#5941=DIRECTION('ref_axis',(0.,-1.,0.));
#5942=DIRECTION('',(0.,-1.,0.));
#5943=DIRECTION('center_axis',(1.,0.,0.));
#5944=DIRECTION('ref_axis',(0.,0.,-1.));
#5945=DIRECTION('',(0.,1.,0.));
#5946=DIRECTION('',(0.,0.,1.));
#5947=DIRECTION('',(0.,-1.,0.));
#5948=DIRECTION('',(0.,0.,-1.));
#5949=DIRECTION('center_axis',(1.,0.,0.));
#5950=DIRECTION('ref_axis',(0.,1.,0.));
#5951=DIRECTION('',(0.,0.,1.));
#5952=DIRECTION('',(0.,0.,1.));
#5953=DIRECTION('center_axis',(0.,1.,0.));
#5954=DIRECTION('ref_axis',(0.,0.,-1.));
#5955=DIRECTION('',(1.,0.,0.));
#5956=DIRECTION('',(1.,0.,0.));
#5957=DIRECTION('',(0.,0.,-1.));
#5958=DIRECTION('center_axis',(0.,0.,1.));
#5959=DIRECTION('ref_axis',(0.,1.,0.));
#5960=DIRECTION('',(1.,0.,0.));
#5961=DIRECTION('center_axis',(0.,-1.,0.));
#5962=DIRECTION('ref_axis',(0.,0.,1.));
#5963=DIRECTION('',(0.,0.,1.));
#5964=DIRECTION('',(-1.,0.,0.));
#5965=DIRECTION('center_axis',(0.,0.,-1.));
#5966=DIRECTION('ref_axis',(0.,-1.,0.));
#5967=DIRECTION('',(0.,-1.,0.));
#5968=DIRECTION('center_axis',(-1.,0.,0.));
#5969=DIRECTION('ref_axis',(0.,0.,1.));
#5970=DIRECTION('center_axis',(0.,0.,1.));
#5971=DIRECTION('ref_axis',(1.,0.,0.));
#5972=DIRECTION('',(0.,0.,-1.));
#5973=DIRECTION('center_axis',(0.,0.,1.));
#5974=DIRECTION('ref_axis',(1.,0.,0.));
#5975=DIRECTION('center_axis',(0.,0.,-1.));
#5976=DIRECTION('ref_axis',(1.,0.,0.));
#5977=DIRECTION('',(0.,0.,-1.));
#5978=DIRECTION('center_axis',(0.,1.,0.));
#5979=DIRECTION('ref_axis',(-1.,0.,0.));
#5980=DIRECTION('',(-1.,0.,0.));
#5981=DIRECTION('center_axis',(-8.57252759403143E-18,-1.,0.));
#5982=DIRECTION('ref_axis',(1.,-8.57252759403143E-18,0.));
#5983=DIRECTION('center_axis',(0.,0.,1.));
#5984=DIRECTION('ref_axis',(1.,0.,0.));
#5985=DIRECTION('center_axis',(0.,0.,1.));
#5986=DIRECTION('ref_axis',(1.,0.,0.));
#5987=DIRECTION('center_axis',(0.,0.,1.));
#5988=DIRECTION('ref_axis',(1.,0.,0.));
#5989=DIRECTION('',(0.,0.,-1.));
#5990=DIRECTION('center_axis',(0.,0.,1.));
#5991=DIRECTION('ref_axis',(1.,0.,0.));
#5992=DIRECTION('center_axis',(0.,0.,1.));
#5993=DIRECTION('ref_axis',(1.,0.,0.));
#5994=DIRECTION('center_axis',(0.,0.,1.));
#5995=DIRECTION('ref_axis',(1.,0.,0.));
#5996=DIRECTION('center_axis',(0.,0.,1.));
#5997=DIRECTION('ref_axis',(1.,0.,0.));
#5998=DIRECTION('center_axis',(0.,0.,1.));
#5999=DIRECTION('ref_axis',(1.,0.,0.));
#6000=DIRECTION('',(0.,0.,-1.));
#6001=DIRECTION('center_axis',(0.,0.,1.));
#6002=DIRECTION('ref_axis',(1.,0.,0.));
#6003=DIRECTION('center_axis',(0.,0.,1.));
#6004=DIRECTION('ref_axis',(1.,0.,0.));
#6005=DIRECTION('center_axis',(0.,0.,1.));
#6006=DIRECTION('ref_axis',(1.,0.,0.));
#6007=DIRECTION('center_axis',(0.,0.,1.));
#6008=DIRECTION('ref_axis',(1.,0.,0.));
#6009=DIRECTION('',(0.,0.,-1.));
#6010=DIRECTION('center_axis',(0.,0.,1.));
#6011=DIRECTION('ref_axis',(1.,0.,0.));
#6012=DIRECTION('center_axis',(0.,0.,1.));
#6013=DIRECTION('ref_axis',(1.,0.,0.));
#6014=DIRECTION('center_axis',(0.,0.,1.));
#6015=DIRECTION('ref_axis',(1.,0.,0.));
#6016=DIRECTION('center_axis',(0.,0.,1.));
#6017=DIRECTION('ref_axis',(1.,0.,0.));
#6018=DIRECTION('center_axis',(0.,0.,1.));
#6019=DIRECTION('ref_axis',(1.,0.,0.));
#6020=DIRECTION('',(0.,0.,-1.));
#6021=DIRECTION('center_axis',(0.,0.,1.));
#6022=DIRECTION('ref_axis',(1.,0.,0.));
#6023=DIRECTION('center_axis',(0.,0.,1.));
#6024=DIRECTION('ref_axis',(1.,0.,0.));
#6025=DIRECTION('center_axis',(0.,0.,1.));
#6026=DIRECTION('ref_axis',(1.,0.,0.));
#6027=DIRECTION('center_axis',(0.,0.,-1.));
#6028=DIRECTION('ref_axis',(1.,0.,0.));
#6029=DIRECTION('',(0.,0.,-1.));
#6030=DIRECTION('center_axis',(0.,0.,-1.));
#6031=DIRECTION('ref_axis',(1.,0.,0.));
#6032=DIRECTION('center_axis',(0.,0.,1.));
#6033=DIRECTION('ref_axis',(1.,0.,0.));
#6034=DIRECTION('center_axis',(0.,0.,1.));
#6035=DIRECTION('ref_axis',(1.,0.,0.));
#6036=DIRECTION('',(0.,0.,-1.));
#6037=DIRECTION('center_axis',(0.,0.,1.));
#6038=DIRECTION('ref_axis',(1.,0.,0.));
#6039=DIRECTION('center_axis',(0.,0.,1.));
#6040=DIRECTION('ref_axis',(1.,0.,0.));
#6041=DIRECTION('center_axis',(0.,0.,1.));
#6042=DIRECTION('ref_axis',(1.,0.,0.));
#6043=DIRECTION('center_axis',(0.,0.,1.));
#6044=DIRECTION('ref_axis',(1.,0.,0.));
#6045=DIRECTION('center_axis',(0.,0.,-1.));
#6046=DIRECTION('ref_axis',(1.,0.,0.));
#6047=DIRECTION('',(0.,0.,-1.));
#6048=DIRECTION('center_axis',(0.,0.,-1.));
#6049=DIRECTION('ref_axis',(1.,0.,0.));
#6050=DIRECTION('center_axis',(0.,0.,1.));
#6051=DIRECTION('ref_axis',(1.,0.,0.));
#6052=DIRECTION('center_axis',(0.,0.,1.));
#6053=DIRECTION('ref_axis',(1.,0.,0.));
#6054=DIRECTION('',(0.,0.,-1.));
#6055=DIRECTION('center_axis',(0.,0.,1.));
#6056=DIRECTION('ref_axis',(1.,0.,0.));
#6057=DIRECTION('center_axis',(0.,0.,1.));
#6058=DIRECTION('ref_axis',(1.,0.,0.));
#6059=DIRECTION('center_axis',(0.,0.,1.));
#6060=DIRECTION('ref_axis',(1.,0.,0.));
#6061=DIRECTION('center_axis',(0.,0.,1.));
#6062=DIRECTION('ref_axis',(1.,0.,0.));
#6063=DIRECTION('center_axis',(0.,0.,-1.));
#6064=DIRECTION('ref_axis',(1.,0.,0.));
#6065=DIRECTION('',(0.,0.,-1.));
#6066=DIRECTION('center_axis',(0.,0.,-1.));
#6067=DIRECTION('ref_axis',(1.,0.,0.));
#6068=DIRECTION('center_axis',(0.,0.,1.));
#6069=DIRECTION('ref_axis',(1.,0.,0.));
#6070=DIRECTION('center_axis',(0.,0.,1.));
#6071=DIRECTION('ref_axis',(1.,0.,0.));
#6072=DIRECTION('',(0.,0.,-1.));
#6073=DIRECTION('center_axis',(0.,0.,1.));
#6074=DIRECTION('ref_axis',(1.,0.,0.));
#6075=DIRECTION('center_axis',(0.,0.,1.));
#6076=DIRECTION('ref_axis',(1.,0.,0.));
#6077=DIRECTION('center_axis',(0.,0.,1.));
#6078=DIRECTION('ref_axis',(1.,0.,0.));
#6079=DIRECTION('center_axis',(0.,0.,1.));
#6080=DIRECTION('ref_axis',(1.,0.,0.));
#6081=DIRECTION('center_axis',(0.,0.,-1.));
#6082=DIRECTION('ref_axis',(1.,0.,0.));
#6083=DIRECTION('',(0.,0.,-1.));
#6084=DIRECTION('center_axis',(0.,0.,-1.));
#6085=DIRECTION('ref_axis',(1.,0.,0.));
#6086=DIRECTION('center_axis',(0.,0.,1.));
#6087=DIRECTION('ref_axis',(1.,0.,0.));
#6088=DIRECTION('center_axis',(0.,0.,1.));
#6089=DIRECTION('ref_axis',(1.,0.,0.));
#6090=DIRECTION('',(0.,0.,-1.));
#6091=DIRECTION('center_axis',(0.,0.,1.));
#6092=DIRECTION('ref_axis',(1.,0.,0.));
#6093=DIRECTION('center_axis',(0.,0.,1.));
#6094=DIRECTION('ref_axis',(1.,0.,0.));
#6095=DIRECTION('center_axis',(0.,0.,1.));
#6096=DIRECTION('ref_axis',(1.,0.,0.));
#6097=DIRECTION('center_axis',(0.,0.,1.));
#6098=DIRECTION('ref_axis',(1.,0.,0.));
#6099=DIRECTION('center_axis',(0.,0.,-1.));
#6100=DIRECTION('ref_axis',(1.,0.,0.));
#6101=DIRECTION('',(0.,0.,-1.));
#6102=DIRECTION('center_axis',(0.,0.,-1.));
#6103=DIRECTION('ref_axis',(1.,0.,0.));
#6104=DIRECTION('center_axis',(0.,0.,1.));
#6105=DIRECTION('ref_axis',(1.,0.,0.));
#6106=DIRECTION('center_axis',(0.,0.,1.));
#6107=DIRECTION('ref_axis',(1.,0.,0.));
#6108=DIRECTION('',(0.,0.,-1.));
#6109=DIRECTION('center_axis',(0.,0.,1.));
#6110=DIRECTION('ref_axis',(1.,0.,0.));
#6111=DIRECTION('center_axis',(0.,0.,1.));
#6112=DIRECTION('ref_axis',(1.,0.,0.));
#6113=DIRECTION('center_axis',(0.,0.,1.));
#6114=DIRECTION('ref_axis',(1.,0.,0.));
#6115=DIRECTION('center_axis',(0.,0.,1.));
#6116=DIRECTION('ref_axis',(1.,0.,0.));
#6117=DIRECTION('center_axis',(0.,0.,-1.));
#6118=DIRECTION('ref_axis',(1.,0.,0.));
#6119=DIRECTION('',(0.,0.,-1.));
#6120=DIRECTION('center_axis',(0.,0.,-1.));
#6121=DIRECTION('ref_axis',(1.,0.,0.));
#6122=DIRECTION('center_axis',(0.,0.,1.));
#6123=DIRECTION('ref_axis',(1.,0.,0.));
#6124=DIRECTION('center_axis',(0.,0.,1.));
#6125=DIRECTION('ref_axis',(1.,0.,0.));
#6126=DIRECTION('',(0.,0.,-1.));
#6127=DIRECTION('center_axis',(0.,0.,1.));
#6128=DIRECTION('ref_axis',(1.,0.,0.));
#6129=DIRECTION('center_axis',(0.,0.,1.));
#6130=DIRECTION('ref_axis',(1.,0.,0.));
#6131=DIRECTION('center_axis',(0.,0.,1.));
#6132=DIRECTION('ref_axis',(1.,0.,0.));
#6133=DIRECTION('center_axis',(0.,0.,1.));
#6134=DIRECTION('ref_axis',(1.,0.,0.));
#6135=DIRECTION('center_axis',(0.,0.,-1.));
#6136=DIRECTION('ref_axis',(1.,0.,0.));
#6137=DIRECTION('',(0.,0.,-1.));
#6138=DIRECTION('center_axis',(0.,0.,-1.));
#6139=DIRECTION('ref_axis',(1.,0.,0.));
#6140=DIRECTION('center_axis',(0.,0.,1.));
#6141=DIRECTION('ref_axis',(1.,0.,0.));
#6142=DIRECTION('center_axis',(0.,0.,1.));
#6143=DIRECTION('ref_axis',(1.,0.,0.));
#6144=DIRECTION('',(0.,0.,-1.));
#6145=DIRECTION('center_axis',(0.,0.,1.));
#6146=DIRECTION('ref_axis',(1.,0.,0.));
#6147=DIRECTION('center_axis',(0.,0.,1.));
#6148=DIRECTION('ref_axis',(1.,0.,0.));
#6149=DIRECTION('center_axis',(0.,0.,1.));
#6150=DIRECTION('ref_axis',(1.,0.,0.));
#6151=DIRECTION('center_axis',(0.,0.,1.));
#6152=DIRECTION('ref_axis',(1.,0.,0.));
#6153=DIRECTION('center_axis',(0.,0.,-1.));
#6154=DIRECTION('ref_axis',(1.,0.,0.));
#6155=DIRECTION('',(0.,0.,-1.));
#6156=DIRECTION('center_axis',(0.,0.,-1.));
#6157=DIRECTION('ref_axis',(1.,0.,0.));
#6158=DIRECTION('center_axis',(0.,0.,1.));
#6159=DIRECTION('ref_axis',(1.,0.,0.));
#6160=DIRECTION('center_axis',(0.,0.,1.));
#6161=DIRECTION('ref_axis',(1.,0.,0.));
#6162=DIRECTION('',(0.,0.,-1.));
#6163=DIRECTION('center_axis',(0.,0.,1.));
#6164=DIRECTION('ref_axis',(1.,0.,0.));
#6165=DIRECTION('center_axis',(0.,0.,1.));
#6166=DIRECTION('ref_axis',(1.,0.,0.));
#6167=DIRECTION('center_axis',(0.,0.,1.));
#6168=DIRECTION('ref_axis',(1.,0.,0.));
#6169=DIRECTION('center_axis',(0.,0.,1.));
#6170=DIRECTION('ref_axis',(1.,0.,0.));
#6171=DIRECTION('center_axis',(0.,0.,-1.));
#6172=DIRECTION('ref_axis',(1.,0.,0.));
#6173=DIRECTION('',(0.,0.,-1.));
#6174=DIRECTION('center_axis',(0.,0.,-1.));
#6175=DIRECTION('ref_axis',(1.,0.,0.));
#6176=DIRECTION('center_axis',(0.,0.,1.));
#6177=DIRECTION('ref_axis',(1.,0.,0.));
#6178=DIRECTION('center_axis',(0.,0.,1.));
#6179=DIRECTION('ref_axis',(1.,0.,0.));
#6180=DIRECTION('',(0.,0.,-1.));
#6181=DIRECTION('center_axis',(0.,0.,1.));
#6182=DIRECTION('ref_axis',(1.,0.,0.));
#6183=DIRECTION('center_axis',(0.,0.,1.));
#6184=DIRECTION('ref_axis',(1.,0.,0.));
#6185=DIRECTION('center_axis',(0.,0.,1.));
#6186=DIRECTION('ref_axis',(1.,0.,0.));
#6187=DIRECTION('center_axis',(0.,0.,1.));
#6188=DIRECTION('ref_axis',(1.,0.,0.));
#6189=DIRECTION('center_axis',(0.,0.,-1.));
#6190=DIRECTION('ref_axis',(1.,0.,0.));
#6191=DIRECTION('',(0.,0.,-1.));
#6192=DIRECTION('center_axis',(0.,0.,-1.));
#6193=DIRECTION('ref_axis',(1.,0.,0.));
#6194=DIRECTION('center_axis',(0.,0.,1.));
#6195=DIRECTION('ref_axis',(1.,0.,0.));
#6196=DIRECTION('center_axis',(0.,0.,1.));
#6197=DIRECTION('ref_axis',(1.,0.,0.));
#6198=DIRECTION('',(0.,0.,-1.));
#6199=DIRECTION('center_axis',(0.,0.,1.));
#6200=DIRECTION('ref_axis',(1.,0.,0.));
#6201=DIRECTION('center_axis',(0.,0.,1.));
#6202=DIRECTION('ref_axis',(1.,0.,0.));
#6203=DIRECTION('center_axis',(0.,0.,1.));
#6204=DIRECTION('ref_axis',(1.,0.,0.));
#6205=DIRECTION('center_axis',(0.,0.,1.));
#6206=DIRECTION('ref_axis',(1.,0.,0.));
#6207=DIRECTION('center_axis',(0.,0.,1.));
#6208=DIRECTION('ref_axis',(1.,0.,0.));
#6209=DIRECTION('',(0.,0.,-1.));
#6210=DIRECTION('center_axis',(0.,0.,1.));
#6211=DIRECTION('ref_axis',(1.,0.,0.));
#6212=DIRECTION('center_axis',(0.,0.,1.));
#6213=DIRECTION('ref_axis',(1.,0.,0.));
#6214=DIRECTION('center_axis',(0.,0.,1.));
#6215=DIRECTION('ref_axis',(1.,0.,0.));
#6216=DIRECTION('center_axis',(0.,0.,1.));
#6217=DIRECTION('ref_axis',(1.,0.,0.));
#6218=DIRECTION('center_axis',(0.,0.,1.));
#6219=DIRECTION('ref_axis',(1.,0.,0.));
#6220=DIRECTION('',(0.,0.,-1.));
#6221=DIRECTION('center_axis',(0.,0.,1.));
#6222=DIRECTION('ref_axis',(1.,0.,0.));
#6223=DIRECTION('center_axis',(0.,0.,1.));
#6224=DIRECTION('ref_axis',(1.,0.,0.));
#6225=DIRECTION('center_axis',(0.,0.,1.));
#6226=DIRECTION('ref_axis',(1.,0.,0.));
#6227=DIRECTION('center_axis',(0.,0.,1.));
#6228=DIRECTION('ref_axis',(1.,0.,0.));
#6229=DIRECTION('',(0.,0.,-1.));
#6230=DIRECTION('center_axis',(0.,0.,1.));
#6231=DIRECTION('ref_axis',(1.,0.,0.));
#6232=DIRECTION('center_axis',(0.,0.,1.));
#6233=DIRECTION('ref_axis',(1.,0.,0.));
#6234=DIRECTION('center_axis',(0.,0.,1.));
#6235=DIRECTION('ref_axis',(1.,0.,0.));
#6236=DIRECTION('center_axis',(0.,0.,1.));
#6237=DIRECTION('ref_axis',(1.,0.,0.));
#6238=DIRECTION('center_axis',(0.,0.,1.));
#6239=DIRECTION('ref_axis',(1.,0.,0.));
#6240=DIRECTION('',(0.,0.,-1.));
#6241=DIRECTION('center_axis',(0.,0.,1.));
#6242=DIRECTION('ref_axis',(1.,0.,0.));
#6243=DIRECTION('center_axis',(0.,0.,1.));
#6244=DIRECTION('ref_axis',(1.,0.,0.));
#6245=DIRECTION('center_axis',(0.,1.,0.));
#6246=DIRECTION('ref_axis',(1.,0.,0.));
#6247=DIRECTION('center_axis',(0.,1.,0.));
#6248=DIRECTION('ref_axis',(1.,0.,0.));
#6249=DIRECTION('',(0.,1.,0.));
#6250=DIRECTION('center_axis',(0.,-1.,0.));
#6251=DIRECTION('ref_axis',(1.,0.,0.));
#6252=DIRECTION('center_axis',(0.,0.,1.));
#6253=DIRECTION('ref_axis',(1.,0.,0.));
#6254=DIRECTION('center_axis',(0.,0.,-1.));
#6255=DIRECTION('ref_axis',(1.,0.,0.));
#6256=DIRECTION('',(0.,0.,-1.));
#6257=DIRECTION('center_axis',(0.,0.,-1.));
#6258=DIRECTION('ref_axis',(1.,0.,0.));
#6259=DIRECTION('center_axis',(0.,0.,1.));
#6260=DIRECTION('ref_axis',(1.,0.,0.));
#6261=DIRECTION('center_axis',(0.,0.,-1.));
#6262=DIRECTION('ref_axis',(1.,0.,0.));
#6263=DIRECTION('',(0.,0.,-1.));
#6264=DIRECTION('center_axis',(0.,0.,-1.));
#6265=DIRECTION('ref_axis',(1.,0.,0.));
#6266=DIRECTION('center_axis',(0.,-1.,0.));
#6267=DIRECTION('ref_axis',(1.,0.,0.));
#6268=DIRECTION('',(1.,0.,0.));
#6269=DIRECTION('',(0.,0.,1.));
#6270=DIRECTION('',(1.,0.,0.));
#6271=DIRECTION('',(0.,0.,1.));
#6272=DIRECTION('center_axis',(-1.,0.,0.));
#6273=DIRECTION('ref_axis',(0.,-1.,0.));
#6274=DIRECTION('',(0.,-1.,0.));
#6275=DIRECTION('',(0.,-1.,0.));
#6276=DIRECTION('',(0.,0.,1.));
#6277=DIRECTION('center_axis',(0.,1.,0.));
#6278=DIRECTION('ref_axis',(-1.,0.,0.));
#6279=DIRECTION('',(-1.,0.,0.));
#6280=DIRECTION('',(-1.,0.,0.));
#6281=DIRECTION('',(0.,0.,1.));
#6282=DIRECTION('center_axis',(1.,0.,0.));
#6283=DIRECTION('ref_axis',(0.,1.,0.));
#6284=DIRECTION('',(0.,1.,0.));
#6285=DIRECTION('',(0.,1.,0.));
#6286=DIRECTION('center_axis',(0.,0.,1.));
#6287=DIRECTION('ref_axis',(1.,0.,0.));
#6288=DIRECTION('center_axis',(0.,0.,1.));
#6289=DIRECTION('ref_axis',(1.,0.,0.));
#6290=DIRECTION('center_axis',(0.,1.,0.));
#6291=DIRECTION('ref_axis',(1.,0.,0.));
#6292=DIRECTION('center_axis',(0.,1.,0.));
#6293=DIRECTION('ref_axis',(1.,0.,0.));
#6294=DIRECTION('',(0.,1.,0.));
#6295=DIRECTION('center_axis',(0.,-1.,0.));
#6296=DIRECTION('ref_axis',(1.,0.,0.));
#6297=DIRECTION('center_axis',(0.,0.,1.));
#6298=DIRECTION('ref_axis',(1.,0.,0.));
#6299=DIRECTION('center_axis',(0.,0.,-1.));
#6300=DIRECTION('ref_axis',(1.,0.,0.));
#6301=DIRECTION('',(0.,0.,-1.));
#6302=DIRECTION('center_axis',(0.,0.,-1.));
#6303=DIRECTION('ref_axis',(1.,0.,0.));
#6304=DIRECTION('center_axis',(0.,0.,1.));
#6305=DIRECTION('ref_axis',(1.,0.,0.));
#6306=DIRECTION('center_axis',(0.,0.,-1.));
#6307=DIRECTION('ref_axis',(1.,0.,0.));
#6308=DIRECTION('',(0.,0.,-1.));
#6309=DIRECTION('center_axis',(0.,0.,-1.));
#6310=DIRECTION('ref_axis',(1.,0.,0.));
#6311=DIRECTION('center_axis',(0.,-1.,0.));
#6312=DIRECTION('ref_axis',(1.,0.,0.));
#6313=DIRECTION('',(1.,0.,0.));
#6314=DIRECTION('',(0.,0.,1.));
#6315=DIRECTION('',(1.,0.,0.));
#6316=DIRECTION('',(0.,0.,1.));
#6317=DIRECTION('center_axis',(-1.,0.,0.));
#6318=DIRECTION('ref_axis',(0.,-1.,0.));
#6319=DIRECTION('',(0.,-1.,0.));
#6320=DIRECTION('',(0.,-1.,0.));
#6321=DIRECTION('',(0.,0.,1.));
#6322=DIRECTION('center_axis',(0.,1.,0.));
#6323=DIRECTION('ref_axis',(-1.,0.,0.));
#6324=DIRECTION('',(-1.,0.,0.));
#6325=DIRECTION('',(-1.,0.,0.));
#6326=DIRECTION('',(0.,0.,1.));
#6327=DIRECTION('center_axis',(1.,0.,0.));
#6328=DIRECTION('ref_axis',(0.,1.,0.));
#6329=DIRECTION('',(0.,1.,0.));
#6330=DIRECTION('',(0.,1.,0.));
#6331=DIRECTION('center_axis',(0.,0.,1.));
#6332=DIRECTION('ref_axis',(1.,0.,0.));
#6333=DIRECTION('center_axis',(0.,0.,1.));
#6334=DIRECTION('ref_axis',(1.,0.,0.));
#6335=CARTESIAN_POINT('',(0.,0.,0.));
#6336=CARTESIAN_POINT('Origin',(103.,67.5,2.));
#6337=CARTESIAN_POINT('',(103.,67.5,2.));
#6338=CARTESIAN_POINT('',(118.,67.5,2.));
#6339=CARTESIAN_POINT('',(103.,67.5,2.));
#6340=CARTESIAN_POINT('',(118.,67.5,12.));
#6341=CARTESIAN_POINT('',(118.,67.5,2.));
#6342=CARTESIAN_POINT('',(103.,67.5,12.));
#6343=CARTESIAN_POINT('',(103.,67.5,12.));
#6344=CARTESIAN_POINT('',(103.,67.5,1.));
#6345=CARTESIAN_POINT('Origin',(103.,92.5,0.));
#6346=CARTESIAN_POINT('',(87.,92.5,2.));
#6347=CARTESIAN_POINT('',(103.,92.5,2.));
#6348=CARTESIAN_POINT('',(102.75,92.5,2.));
#6349=CARTESIAN_POINT('',(103.,92.5,0.));
#6350=CARTESIAN_POINT('',(103.,92.5,0.));
#6351=CARTESIAN_POINT('',(87.,92.5,0.));
#6352=CARTESIAN_POINT('',(87.,92.5,0.));
#6353=CARTESIAN_POINT('',(87.,92.5,0.));
#6354=CARTESIAN_POINT('Origin',(103.,92.5,0.));
#6355=CARTESIAN_POINT('',(103.,92.5,12.));
#6356=CARTESIAN_POINT('',(87.,92.5,12.));
#6357=CARTESIAN_POINT('',(102.75,92.5,12.));
#6358=CARTESIAN_POINT('',(87.,92.5,15.));
#6359=CARTESIAN_POINT('',(87.,92.5,0.));
#6360=CARTESIAN_POINT('',(103.,92.5,15.));
#6361=CARTESIAN_POINT('',(87.,92.5,15.));
#6362=CARTESIAN_POINT('',(103.,92.5,0.));
#6363=CARTESIAN_POINT('Origin',(87.,92.5,0.));
#6364=CARTESIAN_POINT('',(87.,115.,2.));
#6365=CARTESIAN_POINT('',(87.,91.875,2.));
#6366=CARTESIAN_POINT('',(87.,115.,0.));
#6367=CARTESIAN_POINT('',(87.,-3.08148791101958E-31,0.));
#6368=CARTESIAN_POINT('',(87.,115.,0.));
#6369=CARTESIAN_POINT('Origin',(87.,92.5,0.));
#6370=CARTESIAN_POINT('',(87.,115.,12.));
#6371=CARTESIAN_POINT('',(87.,91.875,12.));
#6372=CARTESIAN_POINT('',(87.,115.,15.));
#6373=CARTESIAN_POINT('',(87.,115.,0.));
#6374=CARTESIAN_POINT('',(87.,-3.08148791101958E-31,15.));
#6375=CARTESIAN_POINT('Origin',(118.,47.5,2.));
#6376=CARTESIAN_POINT('',(118.,47.5,2.));
#6377=CARTESIAN_POINT('',(103.,47.5,2.));
#6378=CARTESIAN_POINT('',(118.,47.5,2.));
#6379=CARTESIAN_POINT('',(103.,47.5,12.));
#6380=CARTESIAN_POINT('',(103.,47.5,1.));
#6381=CARTESIAN_POINT('',(118.,47.5,12.));
#6382=CARTESIAN_POINT('',(118.,47.5,12.));
#6383=CARTESIAN_POINT('',(118.,47.5,2.));
#6384=CARTESIAN_POINT('Origin',(128.,10.,2.));
#6385=CARTESIAN_POINT('',(123.,10.,12.));
#6386=CARTESIAN_POINT('Origin',(128.,10.,12.));
#6387=CARTESIAN_POINT('',(123.,10.,2.));
#6388=CARTESIAN_POINT('',(123.,10.,2.));
#6389=CARTESIAN_POINT('Origin',(128.,10.,2.));
#6390=CARTESIAN_POINT('Origin',(128.,105.,2.));
#6391=CARTESIAN_POINT('',(123.,105.,12.));
#6392=CARTESIAN_POINT('Origin',(128.,105.,12.));
#6393=CARTESIAN_POINT('',(123.,105.,2.));
#6394=CARTESIAN_POINT('',(123.,105.,2.));
#6395=CARTESIAN_POINT('Origin',(128.,105.,2.));
#6396=CARTESIAN_POINT('Origin',(138.,115.,2.));
#6397=CARTESIAN_POINT('',(138.,115.,2.));
#6398=CARTESIAN_POINT('',(138.,115.,2.));
#6399=CARTESIAN_POINT('',(78.,115.,0.));
#6400=CARTESIAN_POINT('',(87.,115.,0.));
#6401=CARTESIAN_POINT('',(73.,115.,0.));
#6402=CARTESIAN_POINT('',(87.,115.,0.));
#6403=CARTESIAN_POINT('',(73.,115.,-9.));
#6404=CARTESIAN_POINT('',(73.,115.,0.));
#6405=CARTESIAN_POINT('',(58.,115.,-9.));
#6406=CARTESIAN_POINT('',(58.,115.,-9.));
#6407=CARTESIAN_POINT('',(58.,115.,0.));
#6408=CARTESIAN_POINT('',(58.,115.,0.));
#6409=CARTESIAN_POINT('',(53.,115.,0.));
#6410=CARTESIAN_POINT('',(87.,115.,0.));
#6411=CARTESIAN_POINT('',(-21.,115.,0.));
#6412=CARTESIAN_POINT('',(87.,115.,0.));
#6413=CARTESIAN_POINT('',(-21.,115.,-16.));
#6414=CARTESIAN_POINT('',(-21.,115.,0.));
#6415=CARTESIAN_POINT('',(-44.,115.,-16.));
#6416=CARTESIAN_POINT('',(-44.,115.,-16.));
#6417=CARTESIAN_POINT('',(-44.,115.,0.));
#6418=CARTESIAN_POINT('',(-44.,115.,0.));
#6419=CARTESIAN_POINT('',(-65.,115.,0.));
#6420=CARTESIAN_POINT('',(87.,115.,0.));
#6421=CARTESIAN_POINT('',(-65.,115.,5.));
#6422=CARTESIAN_POINT('',(-65.,115.,0.));
#6423=CARTESIAN_POINT('',(0.,115.,5.));
#6424=CARTESIAN_POINT('',(0.,115.,5.));
#6425=CARTESIAN_POINT('',(0.,115.,15.));
#6426=CARTESIAN_POINT('',(0.,115.,0.));
#6427=CARTESIAN_POINT('',(87.,115.,15.));
#6428=CARTESIAN_POINT('',(138.,115.,12.));
#6429=CARTESIAN_POINT('',(138.,115.,12.));
#6430=CARTESIAN_POINT('',(138.,115.,2.));
#6431=CARTESIAN_POINT('',(-26.,115.,0.));
#6432=CARTESIAN_POINT('',(-26.,115.,-11.));
#6433=CARTESIAN_POINT('',(-26.,115.,0.));
#6434=CARTESIAN_POINT('',(-39.,115.,0.));
#6435=CARTESIAN_POINT('',(87.,115.,0.));
#6436=CARTESIAN_POINT('',(-39.,115.,-11.));
#6437=CARTESIAN_POINT('',(-39.,115.,0.));
#6438=CARTESIAN_POINT('',(-39.,115.,-11.));
#6439=CARTESIAN_POINT('',(59.,115.,-5.));
#6440=CARTESIAN_POINT('',(72.,115.,-5.));
#6441=CARTESIAN_POINT('',(36.,115.,-5.));
#6442=CARTESIAN_POINT('',(72.,115.,0.));
#6443=CARTESIAN_POINT('',(72.,115.,0.));
#6444=CARTESIAN_POINT('',(59.,115.,0.));
#6445=CARTESIAN_POINT('',(29.5,115.,0.));
#6446=CARTESIAN_POINT('',(59.,115.,-2.5));
#6447=CARTESIAN_POINT('Origin',(138.,0.,2.));
#6448=CARTESIAN_POINT('',(138.,0.,2.));
#6449=CARTESIAN_POINT('',(138.,0.,2.));
#6450=CARTESIAN_POINT('',(138.,0.,12.));
#6451=CARTESIAN_POINT('',(138.,0.,12.));
#6452=CARTESIAN_POINT('',(138.,0.,2.));
#6453=CARTESIAN_POINT('Origin',(118.,115.,2.));
#6454=CARTESIAN_POINT('',(118.,115.,2.));
#6455=CARTESIAN_POINT('',(118.,115.,12.));
#6456=CARTESIAN_POINT('Origin',(128.,57.5,12.));
#6457=CARTESIAN_POINT('',(103.,22.5,12.));
#6458=CARTESIAN_POINT('',(103.,23.125,12.));
#6459=CARTESIAN_POINT('',(87.,22.5,12.));
#6460=CARTESIAN_POINT('',(94.75,22.5,12.));
#6461=CARTESIAN_POINT('',(87.,0.,12.));
#6462=CARTESIAN_POINT('',(87.,11.875,12.));
#6463=CARTESIAN_POINT('',(87.,-3.08148791101958E-31,12.));
#6464=CARTESIAN_POINT('',(103.,56.875,12.));
#6465=CARTESIAN_POINT('Origin',(128.,57.5,2.));
#6466=CARTESIAN_POINT('',(87.,-3.08148791101958E-31,2.));
#6467=CARTESIAN_POINT('',(87.,-3.08148791101958E-31,2.));
#6468=CARTESIAN_POINT('',(87.,22.5,2.));
#6469=CARTESIAN_POINT('',(87.,11.875,2.));
#6470=CARTESIAN_POINT('',(103.,22.5,2.));
#6471=CARTESIAN_POINT('',(94.75,22.5,2.));
#6472=CARTESIAN_POINT('',(103.,23.125,2.));
#6473=CARTESIAN_POINT('',(103.,56.875,2.));
#6474=CARTESIAN_POINT('Origin',(87.,-3.08148791101958E-31,0.));
#6475=CARTESIAN_POINT('',(87.,22.5,15.));
#6476=CARTESIAN_POINT('',(87.,22.5,0.));
#6477=CARTESIAN_POINT('',(87.,0.,15.));
#6478=CARTESIAN_POINT('',(87.,-3.08148791101958E-31,15.));
#6479=CARTESIAN_POINT('',(87.,-3.08148791101958E-31,0.));
#6480=CARTESIAN_POINT('Origin',(87.,22.5,0.));
#6481=CARTESIAN_POINT('',(103.,22.5,15.));
#6482=CARTESIAN_POINT('',(103.,22.5,0.));
#6483=CARTESIAN_POINT('',(103.,22.5,15.));
#6484=CARTESIAN_POINT('Origin',(-14.,14.,0.));
#6485=CARTESIAN_POINT('',(-16.0000000298023,14.,0.));
#6486=CARTESIAN_POINT('Origin',(-14.,14.,0.));
#6487=CARTESIAN_POINT('',(-16.0000000298023,14.,5.));
#6488=CARTESIAN_POINT('',(-16.0000000298023,14.,0.));
#6489=CARTESIAN_POINT('Origin',(-14.,14.,5.));
#6490=CARTESIAN_POINT('Origin',(-51.,101.,0.));
#6491=CARTESIAN_POINT('',(-53.,101.,0.));
#6492=CARTESIAN_POINT('Origin',(-51.,101.,0.));
#6493=CARTESIAN_POINT('',(-53.,101.,5.));
#6494=CARTESIAN_POINT('',(-53.,101.,0.));
#6495=CARTESIAN_POINT('Origin',(-51.,101.,5.));
#6496=CARTESIAN_POINT('Origin',(-51.0000007599592,14.,0.));
#6497=CARTESIAN_POINT('',(-53.0000007599592,14.,0.));
#6498=CARTESIAN_POINT('Origin',(-51.0000007599592,14.,0.));
#6499=CARTESIAN_POINT('',(-53.0000007599592,14.,5.));
#6500=CARTESIAN_POINT('',(-53.0000007599592,14.,0.));
#6501=CARTESIAN_POINT('Origin',(-51.0000007599592,14.,5.));
#6502=CARTESIAN_POINT('Origin',(-14.,101.,0.));
#6503=CARTESIAN_POINT('',(-16.,101.,0.));
#6504=CARTESIAN_POINT('Origin',(-14.,101.,0.));
#6505=CARTESIAN_POINT('',(-16.,101.,5.));
#6506=CARTESIAN_POINT('',(-16.,101.,0.));
#6507=CARTESIAN_POINT('Origin',(-14.,101.,5.));
#6508=CARTESIAN_POINT('Origin',(-44.,14.,-9.));
#6509=CARTESIAN_POINT('',(-26.,14.,-9.));
#6510=CARTESIAN_POINT('',(-26.,18.,-9.));
#6511=CARTESIAN_POINT('',(-26.,7.00000000000001,-9.));
#6512=CARTESIAN_POINT('',(-21.,14.,-9.));
#6513=CARTESIAN_POINT('',(-44.,14.,-9.));
#6514=CARTESIAN_POINT('',(-21.,18.,-9.));
#6515=CARTESIAN_POINT('',(-21.,18.5,-9.));
#6516=CARTESIAN_POINT('',(-44.,18.,-9.));
#6517=CARTESIAN_POINT('Origin',(-44.,18.,-2.));
#6518=CARTESIAN_POINT('',(-26.,18.,-2.));
#6519=CARTESIAN_POINT('',(-26.,14.,-2.));
#6520=CARTESIAN_POINT('',(-26.,9.00000000000001,-2.));
#6521=CARTESIAN_POINT('',(-21.,18.,-2.));
#6522=CARTESIAN_POINT('',(-44.,18.,-2.));
#6523=CARTESIAN_POINT('',(-21.,14.,-2.));
#6524=CARTESIAN_POINT('',(-21.,20.5,-2.));
#6525=CARTESIAN_POINT('',(-44.,14.,-2.));
#6526=CARTESIAN_POINT('Origin',(-44.,18.,-2.));
#6527=CARTESIAN_POINT('',(-39.,14.,-2.));
#6528=CARTESIAN_POINT('',(-39.,18.,-2.));
#6529=CARTESIAN_POINT('',(-39.,18.,-2.));
#6530=CARTESIAN_POINT('',(-44.,14.,-2.));
#6531=CARTESIAN_POINT('',(-44.,14.,-2.));
#6532=CARTESIAN_POINT('',(-44.,18.,-2.));
#6533=CARTESIAN_POINT('',(-44.,9.00000000000001,-2.));
#6534=CARTESIAN_POINT('',(-44.,18.,-2.));
#6535=CARTESIAN_POINT('Origin',(-44.,14.,-2.));
#6536=CARTESIAN_POINT('',(-26.,14.,-1.));
#6537=CARTESIAN_POINT('',(-21.,14.,-1.));
#6538=CARTESIAN_POINT('Origin',(-44.,14.,-2.));
#6539=CARTESIAN_POINT('',(-39.,14.,-9.));
#6540=CARTESIAN_POINT('',(-39.,14.,-1.));
#6541=CARTESIAN_POINT('',(-44.,14.,-9.));
#6542=CARTESIAN_POINT('',(-44.,14.,-9.));
#6543=CARTESIAN_POINT('',(-44.,14.,-1.));
#6544=CARTESIAN_POINT('Origin',(-44.,14.,-9.));
#6545=CARTESIAN_POINT('',(-39.,18.,-9.));
#6546=CARTESIAN_POINT('',(-39.,16.,-9.));
#6547=CARTESIAN_POINT('',(-44.,18.,-9.));
#6548=CARTESIAN_POINT('',(-44.,18.,-9.));
#6549=CARTESIAN_POINT('',(-44.,7.00000000000001,-9.));
#6550=CARTESIAN_POINT('Origin',(-44.,102.000001519918,-9.00000013411045));
#6551=CARTESIAN_POINT('',(-39.,102.000001519918,-2.00000002980232));
#6552=CARTESIAN_POINT('',(-39.,102.000001519918,-9.00000013411045));
#6553=CARTESIAN_POINT('',(-39.,102.000001519918,-4.50000006705523));
#6554=CARTESIAN_POINT('',(-44.,102.000001519918,-2.00000002980232));
#6555=CARTESIAN_POINT('',(-44.,102.000001519918,-2.00000002980232));
#6556=CARTESIAN_POINT('',(-44.,102.000001519918,-9.00000013411045));
#6557=CARTESIAN_POINT('',(-44.,102.000001519918,-4.50000006705523));
#6558=CARTESIAN_POINT('',(-44.,102.000001519918,-9.00000013411045));
#6559=CARTESIAN_POINT('Origin',(-44.,102.000001519918,-9.00000013411045));
#6560=CARTESIAN_POINT('',(-26.,102.000001519918,-9.00000013411045));
#6561=CARTESIAN_POINT('',(-26.,102.000001519918,-2.00000002980232));
#6562=CARTESIAN_POINT('',(-26.,102.000001519918,-4.50000006705523));
#6563=CARTESIAN_POINT('',(-21.,102.000001519918,-9.00000013411045));
#6564=CARTESIAN_POINT('',(-44.,102.000001519918,-9.00000013411045));
#6565=CARTESIAN_POINT('',(-21.,102.000001519918,-2.00000002980232));
#6566=CARTESIAN_POINT('',(-21.,102.000001519918,-4.50000006705523));
#6567=CARTESIAN_POINT('',(-44.,102.000001519918,-2.00000002980232));
#6568=CARTESIAN_POINT('Origin',(-44.,102.000001519918,-2.00000002980232));
#6569=CARTESIAN_POINT('',(-39.,98.0000014603138,-2.00000002980232));
#6570=CARTESIAN_POINT('',(-39.,108.500000759959,-2.00000002980232));
#6571=CARTESIAN_POINT('',(-44.,98.0000014603138,-2.00000002980232));
#6572=CARTESIAN_POINT('',(-44.,98.0000014603138,-2.00000002980232));
#6573=CARTESIAN_POINT('',(-44.,97.0000007599592,-2.00000002980232));
#6574=CARTESIAN_POINT('Origin',(-44.,102.000001519918,-2.00000002980232));
#6575=CARTESIAN_POINT('',(-26.,98.0000014603138,-2.00000002980232));
#6576=CARTESIAN_POINT('',(-26.,99.5000007599592,-2.00000002980232));
#6577=CARTESIAN_POINT('',(-21.,98.0000014603138,-2.00000002980232));
#6578=CARTESIAN_POINT('',(-21.,108.500000759959,-2.00000002980232));
#6579=CARTESIAN_POINT('',(-44.,98.0000014603138,-2.00000002980232));
#6580=CARTESIAN_POINT('Origin',(-44.,98.000001385808,-9.00000013411045));
#6581=CARTESIAN_POINT('',(-39.,98.000001385808,-9.00000013411045));
#6582=CARTESIAN_POINT('',(-39.,106.500000692904,-9.00000013411045));
#6583=CARTESIAN_POINT('',(-44.,98.000001385808,-9.00000013411045));
#6584=CARTESIAN_POINT('',(-44.,95.000000692904,-9.00000013411045));
#6585=CARTESIAN_POINT('',(-44.,98.000001385808,-9.00000013411045));
#6586=CARTESIAN_POINT('Origin',(-44.,98.000001385808,-2.00000002980232));
#6587=CARTESIAN_POINT('',(-39.,98.000001385808,-1.00000001490116));
#6588=CARTESIAN_POINT('',(-44.,98.000001385808,-1.00000001490116));
#6589=CARTESIAN_POINT('Origin',(-44.,98.000001385808,-2.00000002980232));
#6590=CARTESIAN_POINT('',(-26.,98.000001385808,-9.00000013411045));
#6591=CARTESIAN_POINT('',(-26.,98.000001385808,-1.00000001490116));
#6592=CARTESIAN_POINT('',(-21.,98.000001385808,-9.00000013411045));
#6593=CARTESIAN_POINT('',(-21.,98.000001385808,-1.00000001490116));
#6594=CARTESIAN_POINT('',(-44.,98.000001385808,-9.00000013411045));
#6595=CARTESIAN_POINT('Origin',(-44.,98.000001385808,-9.00000013411045));
#6596=CARTESIAN_POINT('',(-26.,97.500000692904,-9.00000013411045));
#6597=CARTESIAN_POINT('',(-21.,106.500000692904,-9.00000013411045));
#6598=CARTESIAN_POINT('Origin',(-39.,18.,0.));
#6599=CARTESIAN_POINT('',(-39.,18.,0.));
#6600=CARTESIAN_POINT('',(-39.,18.,0.));
#6601=CARTESIAN_POINT('',(-39.,8.88178419700125E-15,0.));
#6602=CARTESIAN_POINT('',(-39.,37.75,0.));
#6603=CARTESIAN_POINT('',(-39.,8.88178419700125E-15,-11.));
#6604=CARTESIAN_POINT('',(-39.,8.88178419700125E-15,0.));
#6605=CARTESIAN_POINT('',(-39.,18.,-11.));
#6606=CARTESIAN_POINT('',(-39.,13.5,-11.));
#6607=CARTESIAN_POINT('',(-39.,18.,0.));
#6608=CARTESIAN_POINT('Origin',(72.,0.,0.));
#6609=CARTESIAN_POINT('',(72.,15.,-5.));
#6610=CARTESIAN_POINT('',(72.,15.,0.));
#6611=CARTESIAN_POINT('',(72.,15.,0.));
#6612=CARTESIAN_POINT('',(72.,0.,-5.));
#6613=CARTESIAN_POINT('',(72.,0.,-5.));
#6614=CARTESIAN_POINT('',(72.,0.,0.));
#6615=CARTESIAN_POINT('',(72.,-1.56112838805036E-14,0.));
#6616=CARTESIAN_POINT('',(72.,0.,0.));
#6617=CARTESIAN_POINT('Origin',(59.,0.,-5.));
#6618=CARTESIAN_POINT('',(59.,15.,0.));
#6619=CARTESIAN_POINT('',(59.,15.,-5.));
#6620=CARTESIAN_POINT('',(59.,15.,-2.5));
#6621=CARTESIAN_POINT('',(59.,0.,0.));
#6622=CARTESIAN_POINT('',(59.,0.,0.));
#6623=CARTESIAN_POINT('',(59.,0.,-5.));
#6624=CARTESIAN_POINT('',(59.,-1.34158082075161E-14,-2.5));
#6625=CARTESIAN_POINT('',(59.,0.,-5.));
#6626=CARTESIAN_POINT('Origin',(59.,0.,-5.));
#6627=CARTESIAN_POINT('',(59.,100.,-5.));
#6628=CARTESIAN_POINT('',(59.,100.,0.));
#6629=CARTESIAN_POINT('',(59.,100.,-2.5));
#6630=CARTESIAN_POINT('',(59.,0.,-5.));
#6631=CARTESIAN_POINT('',(59.,0.,0.));
#6632=CARTESIAN_POINT('Origin',(72.,0.,-5.));
#6633=CARTESIAN_POINT('',(62.5,15.,-5.));
#6634=CARTESIAN_POINT('',(3.50000000000001,-4.04281591129996E-15,-5.00000000000001));
#6635=CARTESIAN_POINT('Origin',(72.,0.,-5.));
#6636=CARTESIAN_POINT('',(72.,100.,-5.));
#6637=CARTESIAN_POINT('',(75.,100.,-5.));
#6638=CARTESIAN_POINT('',(72.,0.,-5.));
#6639=CARTESIAN_POINT('Origin',(72.,0.,0.));
#6640=CARTESIAN_POINT('',(72.,100.,0.));
#6641=CARTESIAN_POINT('',(72.,100.,0.));
#6642=CARTESIAN_POINT('',(72.,0.,0.));
#6643=CARTESIAN_POINT('Origin',(78.,100.,0.));
#6644=CARTESIAN_POINT('',(53.,100.,0.));
#6645=CARTESIAN_POINT('',(47.25,100.,0.));
#6646=CARTESIAN_POINT('',(53.,100.,-14.));
#6647=CARTESIAN_POINT('',(53.,100.,0.));
#6648=CARTESIAN_POINT('',(78.,100.,-14.));
#6649=CARTESIAN_POINT('',(78.,100.,-14.));
#6650=CARTESIAN_POINT('',(78.,100.,0.));
#6651=CARTESIAN_POINT('',(78.,100.,0.));
#6652=CARTESIAN_POINT('',(47.25,100.,0.));
#6653=CARTESIAN_POINT('Origin',(58.,-32.,0.));
#6654=CARTESIAN_POINT('',(58.,-32.,0.));
#6655=CARTESIAN_POINT('',(58.,0.,0.));
#6656=CARTESIAN_POINT('',(58.,-21.5,0.));
#6657=CARTESIAN_POINT('',(58.,-32.,-9.));
#6658=CARTESIAN_POINT('',(58.,-32.,0.));
#6659=CARTESIAN_POINT('',(58.,0.,-9.));
#6660=CARTESIAN_POINT('',(58.,-32.,-9.));
#6661=CARTESIAN_POINT('',(58.,0.,0.));
#6662=CARTESIAN_POINT('Origin',(73.,-32.,0.));
#6663=CARTESIAN_POINT('',(73.,-32.,0.));
#6664=CARTESIAN_POINT('',(69.25,-32.,0.));
#6665=CARTESIAN_POINT('',(73.,-32.,-9.));
#6666=CARTESIAN_POINT('',(73.,-32.,0.));
#6667=CARTESIAN_POINT('',(73.,-32.,-9.));
#6668=CARTESIAN_POINT('Origin',(73.,0.,0.));
#6669=CARTESIAN_POINT('',(73.,0.,0.));
#6670=CARTESIAN_POINT('',(73.,-5.5,0.));
#6671=CARTESIAN_POINT('',(73.,0.,-9.));
#6672=CARTESIAN_POINT('',(73.,0.,0.));
#6673=CARTESIAN_POINT('',(73.,0.,-9.));
#6674=CARTESIAN_POINT('Origin',(65.5,-16.,-9.));
#6675=CARTESIAN_POINT('',(58.,0.,-9.));
#6676=CARTESIAN_POINT('',(59.5,-30.,-9.));
#6677=CARTESIAN_POINT('',(71.5,-30.,-9.));
#6678=CARTESIAN_POINT('',(62.5,-30.,-9.));
#6679=CARTESIAN_POINT('',(59.5,-22.,-9.));
#6680=CARTESIAN_POINT('',(59.5,-19.,-9.));
#6681=CARTESIAN_POINT('',(71.5,-22.,-9.));
#6682=CARTESIAN_POINT('',(68.5,-22.,-9.));
#6683=CARTESIAN_POINT('',(71.5,-23.,-9.));
#6684=CARTESIAN_POINT('Origin',(73.,147.,0.));
#6685=CARTESIAN_POINT('',(73.,147.,0.));
#6686=CARTESIAN_POINT('',(73.,136.5,0.));
#6687=CARTESIAN_POINT('',(73.,147.,-9.));
#6688=CARTESIAN_POINT('',(73.,147.,0.));
#6689=CARTESIAN_POINT('',(73.,115.,-9.));
#6690=CARTESIAN_POINT('Origin',(58.,147.,0.));
#6691=CARTESIAN_POINT('',(58.,147.,0.));
#6692=CARTESIAN_POINT('',(61.75,147.,0.));
#6693=CARTESIAN_POINT('',(58.,147.,-9.));
#6694=CARTESIAN_POINT('',(58.,147.,0.));
#6695=CARTESIAN_POINT('',(73.,147.,-9.));
#6696=CARTESIAN_POINT('Origin',(58.,115.,0.));
#6697=CARTESIAN_POINT('',(58.,120.5,0.));
#6698=CARTESIAN_POINT('',(58.,147.,-9.));
#6699=CARTESIAN_POINT('Origin',(65.5,131.,-9.));
#6700=CARTESIAN_POINT('',(59.5,137.,-9.));
#6701=CARTESIAN_POINT('',(71.5,137.,-9.));
#6702=CARTESIAN_POINT('',(62.5,137.,-9.));
#6703=CARTESIAN_POINT('',(59.5,145.,-9.));
#6704=CARTESIAN_POINT('',(59.5,138.,-9.));
#6705=CARTESIAN_POINT('',(71.5,145.,-9.));
#6706=CARTESIAN_POINT('',(68.5,145.,-9.));
#6707=CARTESIAN_POINT('',(71.5,134.,-9.));
#6708=CARTESIAN_POINT('Origin',(59.5,-22.,0.));
#6709=CARTESIAN_POINT('',(59.5,-30.,-14.));
#6710=CARTESIAN_POINT('',(59.5,-30.,0.));
#6711=CARTESIAN_POINT('',(59.5,-22.,-14.));
#6712=CARTESIAN_POINT('',(59.5,-30.,-14.));
#6713=CARTESIAN_POINT('',(59.5,-22.,0.));
#6714=CARTESIAN_POINT('Origin',(59.5,-30.,0.));
#6715=CARTESIAN_POINT('',(71.5,-30.,-14.));
#6716=CARTESIAN_POINT('',(71.5,-30.,0.));
#6717=CARTESIAN_POINT('',(71.5,-30.,-14.));
#6718=CARTESIAN_POINT('Origin',(65.5,-11.,0.));
#6719=CARTESIAN_POINT('',(53.,-1.24025117430603E-14,0.));
#6720=CARTESIAN_POINT('',(-65.,7.52565205790369E-15,0.));
#6721=CARTESIAN_POINT('',(53.,-37.,0.));
#6722=CARTESIAN_POINT('',(53.,15.,0.));
#6723=CARTESIAN_POINT('',(78.,-37.,0.));
#6724=CARTESIAN_POINT('',(78.,-37.,0.));
#6725=CARTESIAN_POINT('',(78.,-1.66245803449594E-14,0.));
#6726=CARTESIAN_POINT('',(78.,-1.54074395550979E-31,0.));
#6727=CARTESIAN_POINT('',(-65.,7.52565205790369E-15,0.));
#6728=CARTESIAN_POINT('Origin',(59.5,145.,0.));
#6729=CARTESIAN_POINT('',(59.5,137.,-14.));
#6730=CARTESIAN_POINT('',(59.5,137.,0.));
#6731=CARTESIAN_POINT('',(59.5,145.,-14.));
#6732=CARTESIAN_POINT('',(59.5,137.,-14.));
#6733=CARTESIAN_POINT('',(59.5,145.,0.));
#6734=CARTESIAN_POINT('Origin',(59.5,137.,0.));
#6735=CARTESIAN_POINT('',(71.5,137.,-14.));
#6736=CARTESIAN_POINT('',(71.5,137.,0.));
#6737=CARTESIAN_POINT('',(71.5,137.,-14.));
#6738=CARTESIAN_POINT('Origin',(65.5,126.,0.));
#6739=CARTESIAN_POINT('',(78.,152.,0.));
#6740=CARTESIAN_POINT('',(78.,110.,0.));
#6741=CARTESIAN_POINT('',(53.,152.,0.));
#6742=CARTESIAN_POINT('',(78.,152.,0.));
#6743=CARTESIAN_POINT('',(53.,152.,0.));
#6744=CARTESIAN_POINT('Origin',(71.5,145.,0.));
#6745=CARTESIAN_POINT('',(71.5,145.,-14.));
#6746=CARTESIAN_POINT('',(59.5,145.,-14.));
#6747=CARTESIAN_POINT('',(71.5,145.,0.));
#6748=CARTESIAN_POINT('Origin',(71.5,137.,0.));
#6749=CARTESIAN_POINT('',(71.5,145.,-14.));
#6750=CARTESIAN_POINT('Origin',(53.,152.,0.));
#6751=CARTESIAN_POINT('',(78.,152.,-14.));
#6752=CARTESIAN_POINT('',(78.,152.,0.));
#6753=CARTESIAN_POINT('',(53.,152.,-14.));
#6754=CARTESIAN_POINT('',(78.,152.,-14.));
#6755=CARTESIAN_POINT('',(53.,152.,0.));
#6756=CARTESIAN_POINT('Origin',(53.,100.,0.));
#6757=CARTESIAN_POINT('',(53.,152.,-14.));
#6758=CARTESIAN_POINT('',(53.,78.75,0.));
#6759=CARTESIAN_POINT('Origin',(78.,152.,0.));
#6760=CARTESIAN_POINT('',(78.,104.75,0.));
#6761=CARTESIAN_POINT('',(78.,110.,-14.));
#6762=CARTESIAN_POINT('Origin',(65.5,126.,-14.));
#6763=CARTESIAN_POINT('Origin',(71.5,-22.,0.));
#6764=CARTESIAN_POINT('',(71.5,-22.,-14.));
#6765=CARTESIAN_POINT('',(59.5,-22.,-14.));
#6766=CARTESIAN_POINT('',(71.5,-22.,0.));
#6767=CARTESIAN_POINT('Origin',(71.5,-30.,0.));
#6768=CARTESIAN_POINT('',(71.5,-22.,-14.));
#6769=CARTESIAN_POINT('Origin',(53.,-37.,0.));
#6770=CARTESIAN_POINT('',(53.,15.,0.));
#6771=CARTESIAN_POINT('',(53.,10.25,0.));
#6772=CARTESIAN_POINT('',(53.,15.,-14.));
#6773=CARTESIAN_POINT('',(53.,15.,0.));
#6774=CARTESIAN_POINT('',(53.,-37.,-14.));
#6775=CARTESIAN_POINT('',(53.,15.,-14.));
#6776=CARTESIAN_POINT('',(53.,-37.,0.));
#6777=CARTESIAN_POINT('Origin',(78.,-37.,0.));
#6778=CARTESIAN_POINT('',(78.,-37.,-14.));
#6779=CARTESIAN_POINT('',(78.,-37.,-14.));
#6780=CARTESIAN_POINT('',(78.,-37.,0.));
#6781=CARTESIAN_POINT('Origin',(78.,15.,0.));
#6782=CARTESIAN_POINT('',(78.,15.,0.));
#6783=CARTESIAN_POINT('',(78.,36.25,0.));
#6784=CARTESIAN_POINT('',(78.,15.,-14.));
#6785=CARTESIAN_POINT('',(78.,-1.54074395550979E-31,-14.));
#6786=CARTESIAN_POINT('',(78.,15.,0.));
#6787=CARTESIAN_POINT('Origin',(53.,15.,0.));
#6788=CARTESIAN_POINT('',(34.75,15.,0.));
#6789=CARTESIAN_POINT('',(78.,15.,-14.));
#6790=CARTESIAN_POINT('',(34.75,15.,0.));
#6791=CARTESIAN_POINT('Origin',(65.5,-11.,-14.));
#6792=CARTESIAN_POINT('Origin',(-37.,26.5,17.));
#6793=CARTESIAN_POINT('',(-15.,31.5,17.));
#6794=CARTESIAN_POINT('',(-37.,31.5,17.));
#6795=CARTESIAN_POINT('',(-26.,31.5,17.));
#6796=CARTESIAN_POINT('',(-15.,26.5,17.));
#6797=CARTESIAN_POINT('',(-15.,26.5,17.));
#6798=CARTESIAN_POINT('',(-37.,26.5,17.));
#6799=CARTESIAN_POINT('',(-51.,26.5,17.));
#6800=CARTESIAN_POINT('',(-37.,26.5,17.));
#6801=CARTESIAN_POINT('Origin',(-37.,26.5,17.));
#6802=CARTESIAN_POINT('',(-37.,83.5,17.));
#6803=CARTESIAN_POINT('',(-15.,83.5,17.));
#6804=CARTESIAN_POINT('',(-48.5,83.5,17.));
#6805=CARTESIAN_POINT('',(-37.,88.5,17.));
#6806=CARTESIAN_POINT('',(-37.,26.5,17.));
#6807=CARTESIAN_POINT('',(-15.,88.5,17.));
#6808=CARTESIAN_POINT('',(-26.,88.5,17.));
#6809=CARTESIAN_POINT('',(-15.,26.5,17.));
#6810=CARTESIAN_POINT('Origin',(-37.,26.5,5.));
#6811=CARTESIAN_POINT('',(-37.,31.5,5.));
#6812=CARTESIAN_POINT('',(-37.,31.5,2.5));
#6813=CARTESIAN_POINT('',(-37.,26.5,5.));
#6814=CARTESIAN_POINT('',(-37.,26.5,2.5));
#6815=CARTESIAN_POINT('',(-37.,26.5,5.));
#6816=CARTESIAN_POINT('Origin',(-37.,26.5,5.));
#6817=CARTESIAN_POINT('',(-37.,83.5,5.));
#6818=CARTESIAN_POINT('',(-37.,83.5,2.5));
#6819=CARTESIAN_POINT('',(-37.,88.5,5.));
#6820=CARTESIAN_POINT('',(-37.,26.5,5.));
#6821=CARTESIAN_POINT('',(-37.,88.5,2.5));
#6822=CARTESIAN_POINT('Origin',(-15.,88.5,0.));
#6823=CARTESIAN_POINT('',(-65.,88.5,5.));
#6824=CARTESIAN_POINT('',(0.750000000000002,88.5,5.));
#6825=CARTESIAN_POINT('',(-65.,88.5,40.));
#6826=CARTESIAN_POINT('',(-65.,88.5,0.));
#6827=CARTESIAN_POINT('',(-15.,88.5,40.));
#6828=CARTESIAN_POINT('',(-2.99999999999999,88.5,40.));
#6829=CARTESIAN_POINT('',(-15.,88.5,0.));
#6830=CARTESIAN_POINT('Origin',(-15.,31.5,0.));
#6831=CARTESIAN_POINT('',(-60.,31.5,5.));
#6832=CARTESIAN_POINT('',(0.750000000000008,31.5,5.));
#6833=CARTESIAN_POINT('',(-60.,31.5,35.));
#6834=CARTESIAN_POINT('',(-60.,31.5,0.));
#6835=CARTESIAN_POINT('',(-15.,31.5,35.));
#6836=CARTESIAN_POINT('',(-26.25,31.5,35.));
#6837=CARTESIAN_POINT('',(-15.,31.5,0.));
#6838=CARTESIAN_POINT('Origin',(-65.,26.5,0.));
#6839=CARTESIAN_POINT('',(-15.,26.5,40.));
#6840=CARTESIAN_POINT('',(-15.,26.5,0.));
#6841=CARTESIAN_POINT('',(-65.,26.5,40.));
#6842=CARTESIAN_POINT('',(-65.,26.5,40.));
#6843=CARTESIAN_POINT('',(-65.,26.5,5.));
#6844=CARTESIAN_POINT('',(-65.,26.5,0.));
#6845=CARTESIAN_POINT('',(-24.25,26.5,5.));
#6846=CARTESIAN_POINT('Origin',(-84.0000000000001,51.4999999999999,63.));
#6847=CARTESIAN_POINT('',(-84.0000000000001,51.4999999999999,63.));
#6848=CARTESIAN_POINT('',(-84.0000000000001,51.5,54.0000008046627));
#6849=CARTESIAN_POINT('',(-84.,51.5000000000001,31.4999999999999));
#6850=CARTESIAN_POINT('',(-79.0000000000001,51.4999999999999,63.));
#6851=CARTESIAN_POINT('',(-79.25,51.4999999999999,63.));
#6852=CARTESIAN_POINT('',(-79.0000000000001,51.5,54.0000008046627));
#6853=CARTESIAN_POINT('',(-79.,51.5000000000001,31.5));
#6854=CARTESIAN_POINT('',(-84.0000000000001,51.5,54.0000008046627));
#6855=CARTESIAN_POINT('Origin',(-84.0000000000001,63.4999999999999,54.));
#6856=CARTESIAN_POINT('',(-84.0000000000001,63.4999999999999,54.));
#6857=CARTESIAN_POINT('',(-84.0000000000001,63.4999999999999,63.));
#6858=CARTESIAN_POINT('',(-84.,63.4999999999999,27.));
#6859=CARTESIAN_POINT('',(-79.0000000000001,63.4999999999999,54.));
#6860=CARTESIAN_POINT('',(-84.0000000000001,63.4999999999999,54.));
#6861=CARTESIAN_POINT('',(-79.0000000000001,63.4999999999999,63.));
#6862=CARTESIAN_POINT('',(-79.,63.4999999999999,27.));
#6863=CARTESIAN_POINT('',(-79.25,63.4999999999999,63.));
#6864=CARTESIAN_POINT('Origin',(-79.,49.5,0.));
#6865=CARTESIAN_POINT('',(-79.,49.5,63.));
#6866=CARTESIAN_POINT('',(-79.,49.5,63.));
#6867=CARTESIAN_POINT('',(-79.,49.5,54.));
#6868=CARTESIAN_POINT('',(-79.,49.5,0.));
#6869=CARTESIAN_POINT('',(-79.,49.5,54.));
#6870=CARTESIAN_POINT('Origin',(-74.5,57.5,63.));
#6871=CARTESIAN_POINT('',(-84.,44.5,63.));
#6872=CARTESIAN_POINT('',(-84.,44.5,63.));
#6873=CARTESIAN_POINT('',(-51.,44.5,63.));
#6874=CARTESIAN_POINT('',(-51.,44.5,63.));
#6875=CARTESIAN_POINT('',(-51.,49.5,63.));
#6876=CARTESIAN_POINT('',(-51.,70.5,63.));
#6877=CARTESIAN_POINT('',(-51.,49.5,63.));
#6878=CARTESIAN_POINT('Origin',(-32.5,106.,-11.));
#6879=CARTESIAN_POINT('',(-26.,97.,-11.));
#6880=CARTESIAN_POINT('',(-39.,97.,-11.));
#6881=CARTESIAN_POINT('',(-35.75,97.,-11.));
#6882=CARTESIAN_POINT('',(-26.,101.5,-11.));
#6883=CARTESIAN_POINT('',(-39.,110.5,-11.));
#6884=CARTESIAN_POINT('Origin',(-26.,97.,0.));
#6885=CARTESIAN_POINT('',(-26.,97.,0.));
#6886=CARTESIAN_POINT('',(-26.,97.,0.));
#6887=CARTESIAN_POINT('',(-26.,77.25,0.));
#6888=CARTESIAN_POINT('Origin',(-39.,97.,0.));
#6889=CARTESIAN_POINT('',(-39.,97.,0.));
#6890=CARTESIAN_POINT('',(-39.,97.,0.));
#6891=CARTESIAN_POINT('',(-11.25,97.,0.));
#6892=CARTESIAN_POINT('Origin',(-32.5,9.00000000000001,-11.));
#6893=CARTESIAN_POINT('',(-26.,8.88178419700125E-15,-11.));
#6894=CARTESIAN_POINT('',(-26.,8.88178419700125E-15,-11.));
#6895=CARTESIAN_POINT('',(-26.,18.,-11.));
#6896=CARTESIAN_POINT('',(-26.,4.50000000000001,-11.));
#6897=CARTESIAN_POINT('',(-29.25,18.,-11.));
#6898=CARTESIAN_POINT('Origin',(-26.,18.,0.));
#6899=CARTESIAN_POINT('',(-26.,18.,0.));
#6900=CARTESIAN_POINT('',(-21.,18.,-4.5));
#6901=CARTESIAN_POINT('',(-26.,18.,0.));
#6902=CARTESIAN_POINT('',(-26.,18.,0.));
#6903=CARTESIAN_POINT('',(-4.75,18.,0.));
#6904=CARTESIAN_POINT('',(-44.,18.,-4.5));
#6905=CARTESIAN_POINT('Origin',(-26.,8.88178419700125E-15,0.));
#6906=CARTESIAN_POINT('',(-26.,8.88178419700125E-15,0.));
#6907=CARTESIAN_POINT('',(-26.,8.88178419700125E-15,0.));
#6908=CARTESIAN_POINT('',(-26.,28.75,0.));
#6909=CARTESIAN_POINT('Origin',(-21.,23.,0.));
#6910=CARTESIAN_POINT('',(-21.,9.00734378009893E-15,0.));
#6911=CARTESIAN_POINT('',(-21.,23.,0.));
#6912=CARTESIAN_POINT('',(-21.,40.25,0.));
#6913=CARTESIAN_POINT('',(-21.,9.00734378009893E-15,-16.));
#6914=CARTESIAN_POINT('',(-21.,9.00734378009893E-15,0.));
#6915=CARTESIAN_POINT('',(-21.,23.,-16.));
#6916=CARTESIAN_POINT('',(-21.,23.,-16.));
#6917=CARTESIAN_POINT('',(-21.,23.,0.));
#6918=CARTESIAN_POINT('Origin',(-44.,23.,0.));
#6919=CARTESIAN_POINT('',(-44.,23.,0.));
#6920=CARTESIAN_POINT('',(-13.75,23.,0.));
#6921=CARTESIAN_POINT('',(-44.,23.,-16.));
#6922=CARTESIAN_POINT('',(-44.,23.,-16.));
#6923=CARTESIAN_POINT('',(-44.,23.,0.));
#6924=CARTESIAN_POINT('Origin',(-44.,9.00734378009893E-15,0.));
#6925=CARTESIAN_POINT('',(-44.,9.00734378009893E-15,0.));
#6926=CARTESIAN_POINT('',(-44.,28.75,0.));
#6927=CARTESIAN_POINT('',(-44.,9.00734378009893E-15,-16.));
#6928=CARTESIAN_POINT('',(-44.,9.00734378009893E-15,-16.));
#6929=CARTESIAN_POINT('',(-44.,9.00734378009893E-15,0.));
#6930=CARTESIAN_POINT('Origin',(-32.5,11.5,-16.));
#6931=CARTESIAN_POINT('',(-21.,9.00734378009893E-15,-16.));
#6932=CARTESIAN_POINT('Origin',(16.5,57.5,0.));
#6933=CARTESIAN_POINT('',(-65.,7.52565205790369E-15,0.));
#6934=CARTESIAN_POINT('Origin',(16.5,57.5,0.));
#6935=CARTESIAN_POINT('',(103.,22.5,0.));
#6936=CARTESIAN_POINT('',(103.,115.,0.));
#6937=CARTESIAN_POINT('',(87.,22.5,0.));
#6938=CARTESIAN_POINT('',(103.,22.5,0.));
#6939=CARTESIAN_POINT('',(87.,-3.08148791101958E-31,0.));
#6940=CARTESIAN_POINT('',(87.,-3.08148791101958E-31,0.));
#6941=CARTESIAN_POINT('',(-65.,7.52565205790369E-15,0.));
#6942=CARTESIAN_POINT('',(-3.,-2.94507807480618E-15,0.));
#6943=CARTESIAN_POINT('',(-65.,7.52565205790369E-15,0.));
#6944=CARTESIAN_POINT('',(-65.,7.52565205790369E-15,0.));
#6945=CARTESIAN_POINT('',(-65.,7.52565205790369E-15,0.));
#6946=CARTESIAN_POINT('',(-65.,44.5,0.));
#6947=CARTESIAN_POINT('',(-65.,88.5,0.));
#6948=CARTESIAN_POINT('',(-84.,44.5,0.));
#6949=CARTESIAN_POINT('',(-51.,44.5,0.));
#6950=CARTESIAN_POINT('',(-84.,70.5,0.));
#6951=CARTESIAN_POINT('',(-84.,44.5,0.));
#6952=CARTESIAN_POINT('',(-65.,70.5,0.));
#6953=CARTESIAN_POINT('',(-84.,70.5,0.));
#6954=CARTESIAN_POINT('',(-65.,88.5,0.));
#6955=CARTESIAN_POINT('',(-44.,92.,0.));
#6956=CARTESIAN_POINT('',(-44.,74.75,0.));
#6957=CARTESIAN_POINT('',(-21.,92.,0.));
#6958=CARTESIAN_POINT('',(-2.25,92.,0.));
#6959=CARTESIAN_POINT('',(-21.,86.25,0.));
#6960=CARTESIAN_POINT('Origin',(-39.,115.,0.));
#6961=CARTESIAN_POINT('',(-39.,86.25,0.));
#6962=CARTESIAN_POINT('Origin',(-44.,92.,0.));
#6963=CARTESIAN_POINT('',(-44.,92.,-16.));
#6964=CARTESIAN_POINT('',(-44.,92.,-16.));
#6965=CARTESIAN_POINT('',(-44.,92.,0.));
#6966=CARTESIAN_POINT('Origin',(-21.,92.,0.));
#6967=CARTESIAN_POINT('',(-21.,92.,-16.));
#6968=CARTESIAN_POINT('',(-21.,92.,-16.));
#6969=CARTESIAN_POINT('',(-21.,92.,0.));
#6970=CARTESIAN_POINT('Origin',(-21.,115.,0.));
#6971=CARTESIAN_POINT('',(-21.,115.,-16.));
#6972=CARTESIAN_POINT('Origin',(-32.5,103.5,-16.));
#6973=CARTESIAN_POINT('Origin',(16.5,57.5,0.));
#6974=CARTESIAN_POINT('Origin',(-40.,57.5,40.));
#6975=CARTESIAN_POINT('',(-51.,67.,40.));
#6976=CARTESIAN_POINT('',(-51.,48.,40.));
#6977=CARTESIAN_POINT('',(-51.,61.5,40.));
#6978=CARTESIAN_POINT('',(-20.,48.,40.));
#6979=CARTESIAN_POINT('',(-30.,48.,40.));
#6980=CARTESIAN_POINT('',(-20.,67.,40.));
#6981=CARTESIAN_POINT('',(-20.,62.25,40.));
#6982=CARTESIAN_POINT('',(-45.5,67.,40.));
#6983=CARTESIAN_POINT('Origin',(-40.,57.5,40.));
#6984=CARTESIAN_POINT('',(-65.,70.5,40.));
#6985=CARTESIAN_POINT('',(-51.,70.5,40.));
#6986=CARTESIAN_POINT('',(-45.5,70.5,40.));
#6987=CARTESIAN_POINT('',(-51.,72.,40.));
#6988=CARTESIAN_POINT('',(-51.,64.75,40.));
#6989=CARTESIAN_POINT('',(-15.,72.,40.));
#6990=CARTESIAN_POINT('',(-27.5,72.,40.));
#6991=CARTESIAN_POINT('',(-15.,115.,40.));
#6992=CARTESIAN_POINT('',(-65.,88.5,40.));
#6993=CARTESIAN_POINT('Origin',(-37.5,57.5,35.));
#6994=CARTESIAN_POINT('',(-60.,83.5,35.));
#6995=CARTESIAN_POINT('',(-60.,44.5,35.));
#6996=CARTESIAN_POINT('',(-15.,83.5,35.));
#6997=CARTESIAN_POINT('',(-48.75,83.5,35.));
#6998=CARTESIAN_POINT('',(-15.,83.5,35.));
#6999=CARTESIAN_POINT('Origin',(-79.,65.5,0.));
#7000=CARTESIAN_POINT('',(-51.,65.5,54.));
#7001=CARTESIAN_POINT('',(-79.,65.5,54.));
#7002=CARTESIAN_POINT('',(-79.,65.5,54.));
#7003=CARTESIAN_POINT('',(-51.,65.5,63.));
#7004=CARTESIAN_POINT('',(-51.,65.5,35.));
#7005=CARTESIAN_POINT('',(-79.,65.5,63.));
#7006=CARTESIAN_POINT('',(-79.,65.5,63.));
#7007=CARTESIAN_POINT('',(-79.,65.5,0.));
#7008=CARTESIAN_POINT('Origin',(-65.,49.5,0.));
#7009=CARTESIAN_POINT('',(-51.,49.5,54.));
#7010=CARTESIAN_POINT('',(-51.,49.5,54.));
#7011=CARTESIAN_POINT('',(-51.,49.5,35.));
#7012=CARTESIAN_POINT('Origin',(-79.,49.5,0.));
#7013=CARTESIAN_POINT('',(-79.,49.5,54.));
#7014=CARTESIAN_POINT('',(-79.,49.5,63.));
#7015=CARTESIAN_POINT('Origin',(-84.,44.5,0.));
#7016=CARTESIAN_POINT('',(-65.,44.5,40.));
#7017=CARTESIAN_POINT('',(-65.,44.5,0.));
#7018=CARTESIAN_POINT('',(-51.,44.5,40.));
#7019=CARTESIAN_POINT('',(-52.5,44.5,40.));
#7020=CARTESIAN_POINT('',(-51.,44.5,53.));
#7021=CARTESIAN_POINT('',(-51.,44.5,35.));
#7022=CARTESIAN_POINT('',(-51.,44.5,35.));
#7023=CARTESIAN_POINT('',(-84.,44.5,0.));
#7024=CARTESIAN_POINT('Origin',(-84.,70.5,0.));
#7025=CARTESIAN_POINT('',(-84.,70.5,63.));
#7026=CARTESIAN_POINT('',(-84.,44.5,63.));
#7027=CARTESIAN_POINT('',(-84.,70.5,0.));
#7028=CARTESIAN_POINT('',(-84.,61.,54.));
#7029=CARTESIAN_POINT('Origin',(-65.,70.5,0.));
#7030=CARTESIAN_POINT('',(-51.,70.5,63.));
#7031=CARTESIAN_POINT('',(-84.,70.5,63.));
#7032=CARTESIAN_POINT('',(-51.,70.5,53.));
#7033=CARTESIAN_POINT('',(-51.,70.5,35.));
#7034=CARTESIAN_POINT('',(-51.,70.5,35.));
#7035=CARTESIAN_POINT('',(-65.,70.5,0.));
#7036=CARTESIAN_POINT('Origin',(-74.5,57.5,63.));
#7037=CARTESIAN_POINT('',(-51.,70.5,63.));
#7038=CARTESIAN_POINT('Origin',(-65.,115.,0.));
#7039=CARTESIAN_POINT('',(-65.,0.,5.));
#7040=CARTESIAN_POINT('',(-65.,7.52565205790369E-15,0.));
#7041=CARTESIAN_POINT('',(-65.,88.5,5.));
#7042=CARTESIAN_POINT('',(-65.,88.5,40.));
#7043=CARTESIAN_POINT('Origin',(-65.,115.,0.));
#7044=CARTESIAN_POINT('',(-65.,88.5,5.));
#7045=CARTESIAN_POINT('Origin',(-51.,49.5,35.));
#7046=CARTESIAN_POINT('',(-51.,67.,53.));
#7047=CARTESIAN_POINT('',(-51.,67.,35.));
#7048=CARTESIAN_POINT('',(-51.,43.,53.));
#7049=CARTESIAN_POINT('',(-51.,70.5,54.));
#7050=CARTESIAN_POINT('',(-51.,48.,53.));
#7051=CARTESIAN_POINT('',(-51.,70.5,53.));
#7052=CARTESIAN_POINT('',(-51.,48.,35.));
#7053=CARTESIAN_POINT('Origin',(-65.,57.5,54.));
#7054=CARTESIAN_POINT('Origin',(-15.,72.,35.));
#7055=CARTESIAN_POINT('',(-51.,72.,53.));
#7056=CARTESIAN_POINT('',(-51.,72.,35.));
#7057=CARTESIAN_POINT('',(-15.,72.,53.));
#7058=CARTESIAN_POINT('',(-51.,72.,53.));
#7059=CARTESIAN_POINT('',(-15.,72.,35.));
#7060=CARTESIAN_POINT('Origin',(-51.,72.,35.));
#7061=CARTESIAN_POINT('',(-51.,43.,53.));
#7062=CARTESIAN_POINT('Origin',(-51.,67.,35.));
#7063=CARTESIAN_POINT('',(-20.,67.,53.));
#7064=CARTESIAN_POINT('',(-20.,67.,35.));
#7065=CARTESIAN_POINT('',(-46.,67.,53.));
#7066=CARTESIAN_POINT('Origin',(-51.,43.,35.));
#7067=CARTESIAN_POINT('',(-15.,43.,40.));
#7068=CARTESIAN_POINT('',(-51.,43.,40.));
#7069=CARTESIAN_POINT('',(-45.5,43.,40.));
#7070=CARTESIAN_POINT('',(-15.,43.,53.));
#7071=CARTESIAN_POINT('',(-15.,43.,35.));
#7072=CARTESIAN_POINT('',(-51.,43.,53.));
#7073=CARTESIAN_POINT('',(-15.,43.,53.));
#7074=CARTESIAN_POINT('',(-51.,43.,35.));
#7075=CARTESIAN_POINT('Origin',(-51.,48.,35.));
#7076=CARTESIAN_POINT('',(-51.,52.75,40.));
#7077=CARTESIAN_POINT('',(-51.,70.5,53.));
#7078=CARTESIAN_POINT('Origin',(-20.,48.,35.));
#7079=CARTESIAN_POINT('',(-20.,48.,53.));
#7080=CARTESIAN_POINT('',(-20.,48.,53.));
#7081=CARTESIAN_POINT('',(-20.,48.,35.));
#7082=CARTESIAN_POINT('Origin',(-20.,67.,35.));
#7083=CARTESIAN_POINT('',(-20.,67.,53.));
#7084=CARTESIAN_POINT('Origin',(-33.,57.5,53.));
#7085=CARTESIAN_POINT('',(-15.,72.,53.));
#7086=CARTESIAN_POINT('Origin',(-40.,57.5,40.));
#7087=CARTESIAN_POINT('',(-15.,115.,40.));
#7088=CARTESIAN_POINT('Origin',(-15.,26.5,0.));
#7089=CARTESIAN_POINT('',(-15.,83.5,0.));
#7090=CARTESIAN_POINT('Origin',(-60.,83.5,0.));
#7091=CARTESIAN_POINT('',(-60.,83.5,5.));
#7092=CARTESIAN_POINT('',(-60.,83.5,0.));
#7093=CARTESIAN_POINT('',(-21.75,83.5,5.));
#7094=CARTESIAN_POINT('Origin',(-60.,31.5,0.));
#7095=CARTESIAN_POINT('',(-60.,44.5,5.));
#7096=CARTESIAN_POINT('Origin',(16.5,57.5,5.));
#7097=CARTESIAN_POINT('',(1.11022302462516E-15,0.,5.));
#7098=CARTESIAN_POINT('',(-65.,7.52565205790369E-15,5.));
#7099=CARTESIAN_POINT('',(0.,31.5,5.));
#7100=CARTESIAN_POINT('',(1.3746035803336E-15,-9.18485145894596E-16,5.));
#7101=CARTESIAN_POINT('',(5.,31.5,5.));
#7102=CARTESIAN_POINT('',(-15.,31.5,5.));
#7103=CARTESIAN_POINT('',(5.,4.99999999999999,5.));
#7104=CARTESIAN_POINT('',(5.,4.99999999999999,5.));
#7105=CARTESIAN_POINT('',(82.,5.,5.));
#7106=CARTESIAN_POINT('',(82.,5.,5.));
#7107=CARTESIAN_POINT('',(82.,27.5,5.));
#7108=CARTESIAN_POINT('',(82.,27.5,5.));
#7109=CARTESIAN_POINT('',(98.,27.5,5.));
#7110=CARTESIAN_POINT('',(98.,27.5,5.));
#7111=CARTESIAN_POINT('',(98.,87.5,5.));
#7112=CARTESIAN_POINT('',(98.,87.5,5.));
#7113=CARTESIAN_POINT('',(82.,87.5,5.));
#7114=CARTESIAN_POINT('',(82.,87.5,5.));
#7115=CARTESIAN_POINT('',(82.,110.,5.));
#7116=CARTESIAN_POINT('',(82.,110.,5.));
#7117=CARTESIAN_POINT('',(5.00000000000001,110.,5.));
#7118=CARTESIAN_POINT('',(5.00000000000001,110.,5.));
#7119=CARTESIAN_POINT('',(5.00000000000001,83.5,5.));
#7120=CARTESIAN_POINT('',(5.,4.99999999999999,5.));
#7121=CARTESIAN_POINT('',(0.,83.5,5.));
#7122=CARTESIAN_POINT('',(5.00000000000001,83.5,5.));
#7123=CARTESIAN_POINT('',(1.3746035803336E-15,-9.18485145894596E-16,5.));
#7124=CARTESIAN_POINT('Origin',(87.,22.5,0.));
#7125=CARTESIAN_POINT('',(87.,22.5,0.));
#7126=CARTESIAN_POINT('',(103.,22.5,0.));
#7127=CARTESIAN_POINT('Origin',(87.,-3.08148791101958E-31,0.));
#7128=CARTESIAN_POINT('',(87.,-3.08148791101958E-31,0.));
#7129=CARTESIAN_POINT('Origin',(9.98081730068309E-16,31.5,0.));
#7130=CARTESIAN_POINT('',(0.,0.,15.));
#7131=CARTESIAN_POINT('',(1.3746035803336E-15,-9.18485145894596E-16,0.));
#7132=CARTESIAN_POINT('',(0.,31.5,15.));
#7133=CARTESIAN_POINT('',(1.3746035803336E-15,-9.18485145894596E-16,15.));
#7134=CARTESIAN_POINT('',(0.,31.5,0.));
#7135=CARTESIAN_POINT('Origin',(5.,31.5,0.));
#7136=CARTESIAN_POINT('',(5.,31.5,15.));
#7137=CARTESIAN_POINT('',(-15.,31.5,15.));
#7138=CARTESIAN_POINT('',(5.,31.5,0.));
#7139=CARTESIAN_POINT('Origin',(5.,4.99999999999999,0.));
#7140=CARTESIAN_POINT('',(5.,4.99999999999998,15.));
#7141=CARTESIAN_POINT('',(5.,4.99999999999999,15.));
#7142=CARTESIAN_POINT('',(5.,4.99999999999999,0.));
#7143=CARTESIAN_POINT('Origin',(82.,5.,0.));
#7144=CARTESIAN_POINT('',(82.,5.,15.));
#7145=CARTESIAN_POINT('',(82.,5.,15.));
#7146=CARTESIAN_POINT('',(82.,5.,0.));
#7147=CARTESIAN_POINT('Origin',(82.,27.5,0.));
#7148=CARTESIAN_POINT('',(82.,27.5,15.));
#7149=CARTESIAN_POINT('',(82.,27.5,15.));
#7150=CARTESIAN_POINT('',(82.,27.5,0.));
#7151=CARTESIAN_POINT('Origin',(98.,27.5,0.));
#7152=CARTESIAN_POINT('',(98.,27.5,15.));
#7153=CARTESIAN_POINT('',(98.,27.5,15.));
#7154=CARTESIAN_POINT('',(98.,27.5,0.));
#7155=CARTESIAN_POINT('Origin',(98.,87.5,0.));
#7156=CARTESIAN_POINT('',(98.,87.5,15.));
#7157=CARTESIAN_POINT('',(98.,87.5,15.));
#7158=CARTESIAN_POINT('',(98.,87.5,0.));
#7159=CARTESIAN_POINT('Origin',(82.,87.5,0.));
#7160=CARTESIAN_POINT('',(82.,87.5,15.));
#7161=CARTESIAN_POINT('',(82.,87.5,15.));
#7162=CARTESIAN_POINT('',(82.,87.5,0.));
#7163=CARTESIAN_POINT('Origin',(82.,110.,0.));
#7164=CARTESIAN_POINT('',(82.,110.,15.));
#7165=CARTESIAN_POINT('',(82.,110.,15.));
#7166=CARTESIAN_POINT('',(82.,110.,0.));
#7167=CARTESIAN_POINT('Origin',(5.00000000000001,110.,0.));
#7168=CARTESIAN_POINT('',(5.,110.,15.));
#7169=CARTESIAN_POINT('',(5.00000000000001,110.,15.));
#7170=CARTESIAN_POINT('',(5.00000000000001,110.,0.));
#7171=CARTESIAN_POINT('Origin',(5.00000000000001,83.5,0.));
#7172=CARTESIAN_POINT('',(5.,83.5,15.));
#7173=CARTESIAN_POINT('',(5.,4.99999999999999,15.));
#7174=CARTESIAN_POINT('',(5.00000000000001,83.5,0.));
#7175=CARTESIAN_POINT('Origin',(0.,83.5,0.));
#7176=CARTESIAN_POINT('',(0.,83.5,15.));
#7177=CARTESIAN_POINT('',(5.00000000000001,83.5,15.));
#7178=CARTESIAN_POINT('',(0.,83.5,0.));
#7179=CARTESIAN_POINT('Origin',(0.,115.,0.));
#7180=CARTESIAN_POINT('',(1.3746035803336E-15,-9.18485145894596E-16,15.));
#7181=CARTESIAN_POINT('Origin',(103.,22.5,0.));
#7182=CARTESIAN_POINT('',(103.,115.,15.));
#7183=CARTESIAN_POINT('Origin',(51.5,57.5,15.));
#7184=CARTESIAN_POINT('',(0.,0.,15.));
#7185=CARTESIAN_POINT('Origin',(-65.,7.52565205790369E-15,0.));
#7186=CARTESIAN_POINT('Origin',(-65.,57.5,35.));
#7187=CARTESIAN_POINT('',(-65.,49.5,35.));
#7188=CARTESIAN_POINT('',(-65.,65.5,35.));
#7189=CARTESIAN_POINT('',(-65.,86.25,35.));
#7190=CARTESIAN_POINT('',(-79.,49.5,35.));
#7191=CARTESIAN_POINT('',(-51.,49.5,35.));
#7192=CARTESIAN_POINT('',(-79.,65.5,35.));
#7193=CARTESIAN_POINT('',(-79.,49.5,35.));
#7194=CARTESIAN_POINT('',(-79.,65.5,35.));
#7195=CARTESIAN_POINT('Origin',(-72.,57.5,33.));
#7196=CARTESIAN_POINT('',(-79.,65.5,33.));
#7197=CARTESIAN_POINT('',(-79.,49.5,33.));
#7198=CARTESIAN_POINT('',(-79.,49.5,33.));
#7199=CARTESIAN_POINT('',(-65.,49.5,33.));
#7200=CARTESIAN_POINT('',(-51.,49.5,33.));
#7201=CARTESIAN_POINT('',(-65.,65.5,33.));
#7202=CARTESIAN_POINT('',(-65.,86.25,33.));
#7203=CARTESIAN_POINT('',(-79.,65.5,33.));
#7204=CARTESIAN_POINT('Origin',(-65.,115.,0.));
#7205=CARTESIAN_POINT('',(-65.,65.5,0.));
#7206=CARTESIAN_POINT('',(-65.,49.5,0.));
#7207=CARTESIAN_POINT('Origin',(-65.,49.5,0.));
#7208=CARTESIAN_POINT('',(-79.,49.5,0.));
#7209=CARTESIAN_POINT('Origin',(-79.,49.5,0.));
#7210=CARTESIAN_POINT('',(-79.,65.5,0.));
#7211=CARTESIAN_POINT('Origin',(-79.,65.5,0.));
#7212=CARTESIAN_POINT('Origin',(158.,77.5,10.));
#7213=CARTESIAN_POINT('',(148.,75.,10.));
#7214=CARTESIAN_POINT('Origin',(148.,77.5,10.));
#7215=CARTESIAN_POINT('',(158.,75.,10.));
#7216=CARTESIAN_POINT('',(158.,75.,10.));
#7217=CARTESIAN_POINT('Origin',(158.,77.5,10.));
#7218=CARTESIAN_POINT('Origin',(148.,77.5,10.));
#7219=CARTESIAN_POINT('Origin',(173.,-8.52360829443572E-15,0.));
#7220=CARTESIAN_POINT('',(173.,48.15,5.));
#7221=CARTESIAN_POINT('',(173.,66.85,5.));
#7222=CARTESIAN_POINT('',(173.,-8.52360829443572E-15,5.));
#7223=CARTESIAN_POINT('',(173.,48.15,-5.));
#7224=CARTESIAN_POINT('',(173.,48.15,-2.5));
#7225=CARTESIAN_POINT('',(173.,66.85,-5.));
#7226=CARTESIAN_POINT('',(173.,33.425,-5.));
#7227=CARTESIAN_POINT('',(173.,66.85,2.5));
#7228=CARTESIAN_POINT('Origin',(173.,48.15,8.5));
#7229=CARTESIAN_POINT('',(176.,48.15,8.5));
#7230=CARTESIAN_POINT('',(168.,48.15,8.5));
#7231=CARTESIAN_POINT('',(173.,48.15,8.5));
#7232=CARTESIAN_POINT('',(176.,48.15,-5.));
#7233=CARTESIAN_POINT('',(176.,48.15,-5.));
#7234=CARTESIAN_POINT('',(173.,48.15,-5.));
#7235=CARTESIAN_POINT('',(168.,48.15,5.));
#7236=CARTESIAN_POINT('',(169.25,48.15,5.));
#7237=CARTESIAN_POINT('',(168.,48.15,-5.));
#7238=CARTESIAN_POINT('Origin',(173.,66.85,8.5));
#7239=CARTESIAN_POINT('',(158.,66.85,8.5));
#7240=CARTESIAN_POINT('',(176.,66.85,8.5));
#7241=CARTESIAN_POINT('',(173.,66.85,8.5));
#7242=CARTESIAN_POINT('',(176.,48.15,8.5));
#7243=CARTESIAN_POINT('',(168.,65.,8.5));
#7244=CARTESIAN_POINT('',(168.,48.15,8.5));
#7245=CARTESIAN_POINT('',(158.,65.,8.5));
#7246=CARTESIAN_POINT('',(165.5,65.,8.5));
#7247=CARTESIAN_POINT('',(158.,81.575,8.5));
#7248=CARTESIAN_POINT('Origin',(158.,115.,0.));
#7249=CARTESIAN_POINT('',(158.,66.85,5.));
#7250=CARTESIAN_POINT('',(158.,0.,5.));
#7251=CARTESIAN_POINT('',(158.,115.,5.));
#7252=CARTESIAN_POINT('',(158.,66.85,4.25));
#7253=CARTESIAN_POINT('',(158.,65.,15.));
#7254=CARTESIAN_POINT('',(158.,65.,0.));
#7255=CARTESIAN_POINT('',(158.,90.,15.));
#7256=CARTESIAN_POINT('',(158.,90.,15.));
#7257=CARTESIAN_POINT('',(158.,90.,5.));
#7258=CARTESIAN_POINT('',(158.,90.,0.));
#7259=CARTESIAN_POINT('',(158.,115.,5.));
#7260=CARTESIAN_POINT('',(158.,115.,5.));
#7261=CARTESIAN_POINT('',(158.,115.,0.));
#7262=CARTESIAN_POINT('',(158.,115.,0.));
#7263=CARTESIAN_POINT('',(158.,0.,0.));
#7264=CARTESIAN_POINT('',(158.,115.,0.));
#7265=CARTESIAN_POINT('',(158.,0.,0.));
#7266=CARTESIAN_POINT('Origin',(173.,90.,0.));
#7267=CARTESIAN_POINT('',(173.,90.,5.));
#7268=CARTESIAN_POINT('',(169.25,90.,5.));
#7269=CARTESIAN_POINT('',(173.,90.,15.));
#7270=CARTESIAN_POINT('',(173.,90.,15.));
#7271=CARTESIAN_POINT('',(173.,90.,0.));
#7272=CARTESIAN_POINT('Origin',(158.,65.,0.));
#7273=CARTESIAN_POINT('',(168.,65.,10.5));
#7274=CARTESIAN_POINT('',(168.,65.,3.875));
#7275=CARTESIAN_POINT('',(173.,65.,10.5));
#7276=CARTESIAN_POINT('',(165.5,65.,10.5));
#7277=CARTESIAN_POINT('',(173.,65.,15.));
#7278=CARTESIAN_POINT('',(173.,65.,0.));
#7279=CARTESIAN_POINT('',(158.,65.,15.));
#7280=CARTESIAN_POINT('Origin',(165.5,77.5,15.));
#7281=CARTESIAN_POINT('',(173.,65.,15.));
#7282=CARTESIAN_POINT('Origin',(168.,57.5,7.75));
#7283=CARTESIAN_POINT('',(168.,46.15,5.));
#7284=CARTESIAN_POINT('',(168.,57.5,5.));
#7285=CARTESIAN_POINT('',(168.,46.15,10.5));
#7286=CARTESIAN_POINT('',(168.,46.15,-7.));
#7287=CARTESIAN_POINT('',(168.,46.15,10.5));
#7288=CARTESIAN_POINT('Origin',(173.,66.85,5.));
#7289=CARTESIAN_POINT('',(176.,66.85,-5.));
#7290=CARTESIAN_POINT('',(173.,66.85,-5.));
#7291=CARTESIAN_POINT('',(176.,66.85,8.5));
#7292=CARTESIAN_POINT('',(173.,66.85,5.));
#7293=CARTESIAN_POINT('Origin',(173.,-8.52360829443572E-15,0.));
#7294=CARTESIAN_POINT('',(173.,68.85,0.));
#7295=CARTESIAN_POINT('',(173.,115.,0.));
#7296=CARTESIAN_POINT('',(173.,-8.52360829443572E-15,0.));
#7297=CARTESIAN_POINT('',(173.,115.,5.));
#7298=CARTESIAN_POINT('',(173.,115.,0.));
#7299=CARTESIAN_POINT('',(173.,-8.52360829443572E-15,5.));
#7300=CARTESIAN_POINT('',(173.,68.85,10.5));
#7301=CARTESIAN_POINT('',(173.,55.575,10.5));
#7302=CARTESIAN_POINT('',(173.,68.85,-3.5));
#7303=CARTESIAN_POINT('Origin',(165.5,57.5,0.));
#7304=CARTESIAN_POINT('',(173.,115.,0.));
#7305=CARTESIAN_POINT('',(168.,68.85,0.));
#7306=CARTESIAN_POINT('',(169.25,68.85,0.));
#7307=CARTESIAN_POINT('',(168.,46.15,0.));
#7308=CARTESIAN_POINT('',(168.,57.5,0.));
#7309=CARTESIAN_POINT('',(173.,46.15,0.));
#7310=CARTESIAN_POINT('',(169.25,46.15,0.));
#7311=CARTESIAN_POINT('',(173.,-8.52360829443572E-15,0.));
#7312=CARTESIAN_POINT('',(173.,-8.52360829443572E-15,0.));
#7313=CARTESIAN_POINT('',(158.,-8.39502038052525E-15,0.));
#7314=CARTESIAN_POINT('',(161.75,9.99999999999999,0.));
#7315=CARTESIAN_POINT('Origin',(165.5,9.99999999999999,0.));
#7316=CARTESIAN_POINT('',(161.75,105.,0.));
#7317=CARTESIAN_POINT('Origin',(165.5,105.,0.));
#7318=CARTESIAN_POINT('Origin',(165.5,57.5,5.));
#7319=CARTESIAN_POINT('',(173.,0.,5.));
#7320=CARTESIAN_POINT('',(158.,-8.39502038052525E-15,5.));
#7321=CARTESIAN_POINT('',(173.,46.15,5.));
#7322=CARTESIAN_POINT('',(173.,-8.52360829443572E-15,5.));
#7323=CARTESIAN_POINT('',(169.25,46.15,5.));
#7324=CARTESIAN_POINT('',(161.75,10.,5.));
#7325=CARTESIAN_POINT('Origin',(165.5,9.99999999999999,5.));
#7326=CARTESIAN_POINT('Origin',(173.,66.85,-5.));
#7327=CARTESIAN_POINT('',(176.,66.85,-5.));
#7328=CARTESIAN_POINT('Origin',(176.,57.5,1.75));
#7329=CARTESIAN_POINT('',(176.,46.15,-7.));
#7330=CARTESIAN_POINT('',(176.,68.85,-7.));
#7331=CARTESIAN_POINT('',(176.,68.85,-7.));
#7332=CARTESIAN_POINT('',(176.,68.85,10.5));
#7333=CARTESIAN_POINT('',(176.,68.85,10.5));
#7334=CARTESIAN_POINT('',(176.,46.15,10.5));
#7335=CARTESIAN_POINT('',(176.,46.15,10.5));
#7336=CARTESIAN_POINT('',(176.,46.15,-7.));
#7337=CARTESIAN_POINT('Origin',(173.,-8.52360829443572E-15,0.));
#7338=CARTESIAN_POINT('',(173.,46.15,5.25));
#7339=CARTESIAN_POINT('',(173.,-8.52360829443572E-15,0.));
#7340=CARTESIAN_POINT('Origin',(173.,68.85,10.5));
#7341=CARTESIAN_POINT('',(173.,68.85,10.5));
#7342=CARTESIAN_POINT('',(168.,68.85,-7.));
#7343=CARTESIAN_POINT('',(173.,68.85,-7.));
#7344=CARTESIAN_POINT('',(168.,68.85,10.5));
#7345=CARTESIAN_POINT('Origin',(173.,46.15,10.5));
#7346=CARTESIAN_POINT('',(173.,46.15,10.5));
#7347=CARTESIAN_POINT('Origin',(173.,46.15,5.));
#7348=CARTESIAN_POINT('',(168.,46.15,-7.));
#7349=CARTESIAN_POINT('',(168.,46.15,-7.));
#7350=CARTESIAN_POINT('',(173.,46.15,-7.));
#7351=CARTESIAN_POINT('Origin',(173.,68.85,-7.));
#7352=CARTESIAN_POINT('',(168.,68.85,-7.));
#7353=CARTESIAN_POINT('Origin',(168.,57.5,-3.5));
#7354=CARTESIAN_POINT('Origin',(165.5,9.99999999999999,0.));
#7355=CARTESIAN_POINT('',(161.75,9.99999999999999,0.));
#7356=CARTESIAN_POINT('Origin',(165.5,105.,0.));
#7357=CARTESIAN_POINT('',(161.75,105.,5.));
#7358=CARTESIAN_POINT('Origin',(165.5,105.,5.));
#7359=CARTESIAN_POINT('',(161.75,105.,0.));
#7360=CARTESIAN_POINT('Origin',(173.,115.,0.));
#7361=CARTESIAN_POINT('',(173.,115.,5.));
#7362=CARTESIAN_POINT('Origin',(158.,-8.39502038052525E-15,0.));
#7363=CARTESIAN_POINT('Origin',(165.5,57.5,5.));
#7364=CARTESIAN_POINT('Origin',(188.,9.99999999999999,0.));
#7365=CARTESIAN_POINT('',(181.75,9.99999999999999,3.));
#7366=CARTESIAN_POINT('Origin',(188.,9.99999999999999,3.));
#7367=CARTESIAN_POINT('',(181.75,9.99999999999999,0.));
#7368=CARTESIAN_POINT('',(181.75,9.99999999999999,0.));
#7369=CARTESIAN_POINT('Origin',(188.,9.99999999999999,0.));
#7370=CARTESIAN_POINT('Origin',(188.,9.99999999999999,3.));
#7371=CARTESIAN_POINT('',(183.3,9.99999999999999,3.));
#7372=CARTESIAN_POINT('Origin',(188.,9.99999999999999,3.));
#7373=CARTESIAN_POINT('Origin',(188.,9.99999999999999,0.));
#7374=CARTESIAN_POINT('',(183.3,9.99999999999999,45.));
#7375=CARTESIAN_POINT('Origin',(188.,9.99999999999999,45.));
#7376=CARTESIAN_POINT('',(183.3,9.99999999999999,0.));
#7377=CARTESIAN_POINT('Origin',(188.,9.99999999999999,45.));
#7378=CARTESIAN_POINT('Origin',(188.,9.99999999999999,0.));
#7379=CARTESIAN_POINT('Origin',(203.,9.99999999999999,0.));
#7380=CARTESIAN_POINT('',(196.75,9.99999999999999,3.));
#7381=CARTESIAN_POINT('Origin',(203.,9.99999999999999,3.));
#7382=CARTESIAN_POINT('',(196.75,9.99999999999999,0.));
#7383=CARTESIAN_POINT('',(196.75,9.99999999999999,0.));
#7384=CARTESIAN_POINT('Origin',(203.,9.99999999999999,0.));
#7385=CARTESIAN_POINT('Origin',(203.,9.99999999999999,3.));
#7386=CARTESIAN_POINT('',(198.3,9.99999999999999,3.));
#7387=CARTESIAN_POINT('Origin',(203.,9.99999999999999,3.));
#7388=CARTESIAN_POINT('Origin',(203.,9.99999999999999,0.));
#7389=CARTESIAN_POINT('',(198.3,9.99999999999999,45.));
#7390=CARTESIAN_POINT('Origin',(203.,9.99999999999999,45.));
#7391=CARTESIAN_POINT('',(198.3,9.99999999999999,0.));
#7392=CARTESIAN_POINT('Origin',(203.,9.99999999999999,45.));
#7393=CARTESIAN_POINT('Origin',(203.,9.99999999999999,0.));
#7394=CARTESIAN_POINT('Origin',(233.,60.,0.));
#7395=CARTESIAN_POINT('',(229.5,60.,3.));
#7396=CARTESIAN_POINT('Origin',(233.,60.,3.));
#7397=CARTESIAN_POINT('',(229.5,60.,0.));
#7398=CARTESIAN_POINT('',(229.5,60.,0.));
#7399=CARTESIAN_POINT('Origin',(233.,60.,0.));
#7400=CARTESIAN_POINT('Origin',(233.,60.,0.));
#7401=CARTESIAN_POINT('',(228.,60.,3.));
#7402=CARTESIAN_POINT('Origin',(233.,60.,3.));
#7403=CARTESIAN_POINT('',(228.,60.,0.));
#7404=CARTESIAN_POINT('',(228.,60.,0.));
#7405=CARTESIAN_POINT('Origin',(233.,60.,0.));
#7406=CARTESIAN_POINT('Origin',(233.,60.,3.));
#7407=CARTESIAN_POINT('Origin',(233.,60.,0.));
#7408=CARTESIAN_POINT('Origin',(233.,35.,0.));
#7409=CARTESIAN_POINT('',(229.5,35.,3.));
#7410=CARTESIAN_POINT('Origin',(233.,35.,3.));
#7411=CARTESIAN_POINT('',(229.5,35.,0.));
#7412=CARTESIAN_POINT('',(229.5,35.,0.));
#7413=CARTESIAN_POINT('Origin',(233.,35.,0.));
#7414=CARTESIAN_POINT('Origin',(233.,35.,0.));
#7415=CARTESIAN_POINT('',(228.,35.,3.));
#7416=CARTESIAN_POINT('Origin',(233.,35.,3.));
#7417=CARTESIAN_POINT('',(228.,35.,0.));
#7418=CARTESIAN_POINT('',(228.,35.,0.));
#7419=CARTESIAN_POINT('Origin',(233.,35.,0.));
#7420=CARTESIAN_POINT('Origin',(233.,35.,3.));
#7421=CARTESIAN_POINT('Origin',(233.,35.,0.));
#7422=CARTESIAN_POINT('Origin',(188.,35.,0.));
#7423=CARTESIAN_POINT('',(183.25,35.,3.));
#7424=CARTESIAN_POINT('Origin',(188.,35.,3.));
#7425=CARTESIAN_POINT('',(183.25,35.,0.));
#7426=CARTESIAN_POINT('',(183.25,35.,0.));
#7427=CARTESIAN_POINT('Origin',(188.,35.,0.));
#7428=CARTESIAN_POINT('Origin',(188.,35.,0.));
#7429=CARTESIAN_POINT('',(181.75,35.,3.));
#7430=CARTESIAN_POINT('Origin',(188.,35.,3.));
#7431=CARTESIAN_POINT('',(181.75,35.,0.));
#7432=CARTESIAN_POINT('',(181.75,35.,0.));
#7433=CARTESIAN_POINT('Origin',(188.,35.,0.));
#7434=CARTESIAN_POINT('Origin',(188.,35.,3.));
#7435=CARTESIAN_POINT('Origin',(188.,35.,0.));
#7436=CARTESIAN_POINT('Origin',(188.,60.,0.));
#7437=CARTESIAN_POINT('',(183.25,60.,3.));
#7438=CARTESIAN_POINT('Origin',(188.,60.,3.));
#7439=CARTESIAN_POINT('',(183.25,60.,0.));
#7440=CARTESIAN_POINT('',(183.25,60.,0.));
#7441=CARTESIAN_POINT('Origin',(188.,60.,0.));
#7442=CARTESIAN_POINT('Origin',(188.,60.,0.));
#7443=CARTESIAN_POINT('',(181.75,60.,3.));
#7444=CARTESIAN_POINT('Origin',(188.,60.,3.));
#7445=CARTESIAN_POINT('',(181.75,60.,0.));
#7446=CARTESIAN_POINT('',(181.75,60.,0.));
#7447=CARTESIAN_POINT('Origin',(188.,60.,0.));
#7448=CARTESIAN_POINT('Origin',(188.,60.,3.));
#7449=CARTESIAN_POINT('Origin',(188.,60.,0.));
#7450=CARTESIAN_POINT('Origin',(218.,80.,0.));
#7451=CARTESIAN_POINT('',(214.5,80.,3.));
#7452=CARTESIAN_POINT('Origin',(218.,80.,3.));
#7453=CARTESIAN_POINT('',(214.5,80.,0.));
#7454=CARTESIAN_POINT('',(214.5,80.,0.));
#7455=CARTESIAN_POINT('Origin',(218.,80.,0.));
#7456=CARTESIAN_POINT('Origin',(218.,80.,0.));
#7457=CARTESIAN_POINT('',(212.999997073412,80.,3.));
#7458=CARTESIAN_POINT('Origin',(218.,80.,3.));
#7459=CARTESIAN_POINT('',(212.999997073412,80.,0.));
#7460=CARTESIAN_POINT('',(212.999997073412,80.,0.));
#7461=CARTESIAN_POINT('Origin',(218.,80.,0.));
#7462=CARTESIAN_POINT('Origin',(218.,80.,3.));
#7463=CARTESIAN_POINT('Origin',(218.,80.,0.));
#7464=CARTESIAN_POINT('Origin',(218.,60.,0.));
#7465=CARTESIAN_POINT('',(214.5,60.,3.));
#7466=CARTESIAN_POINT('Origin',(218.,60.,3.));
#7467=CARTESIAN_POINT('',(214.5,60.,0.));
#7468=CARTESIAN_POINT('',(214.5,60.,0.));
#7469=CARTESIAN_POINT('Origin',(218.,60.,0.));
#7470=CARTESIAN_POINT('Origin',(218.,60.,0.));
#7471=CARTESIAN_POINT('',(212.999997073412,60.,3.));
#7472=CARTESIAN_POINT('Origin',(218.,60.,3.));
#7473=CARTESIAN_POINT('',(212.999997073412,60.,0.));
#7474=CARTESIAN_POINT('',(212.999997073412,60.,0.));
#7475=CARTESIAN_POINT('Origin',(218.,60.,0.));
#7476=CARTESIAN_POINT('Origin',(218.,60.,3.));
#7477=CARTESIAN_POINT('Origin',(218.,60.,0.));
#7478=CARTESIAN_POINT('Origin',(218.,35.,0.));
#7479=CARTESIAN_POINT('',(214.5,35.,3.));
#7480=CARTESIAN_POINT('Origin',(218.,35.,3.));
#7481=CARTESIAN_POINT('',(214.5,35.,0.));
#7482=CARTESIAN_POINT('',(214.5,35.,0.));
#7483=CARTESIAN_POINT('Origin',(218.,35.,0.));
#7484=CARTESIAN_POINT('Origin',(218.,35.,0.));
#7485=CARTESIAN_POINT('',(212.999997073412,35.,3.));
#7486=CARTESIAN_POINT('Origin',(218.,35.,3.));
#7487=CARTESIAN_POINT('',(212.999997073412,35.,0.));
#7488=CARTESIAN_POINT('',(212.999997073412,35.,0.));
#7489=CARTESIAN_POINT('Origin',(218.,35.,0.));
#7490=CARTESIAN_POINT('Origin',(218.,35.,3.));
#7491=CARTESIAN_POINT('Origin',(218.,35.,0.));
#7492=CARTESIAN_POINT('Origin',(203.,35.,0.));
#7493=CARTESIAN_POINT('',(198.25,35.,3.));
#7494=CARTESIAN_POINT('Origin',(203.,35.,3.));
#7495=CARTESIAN_POINT('',(198.25,35.,0.));
#7496=CARTESIAN_POINT('',(198.25,35.,0.));
#7497=CARTESIAN_POINT('Origin',(203.,35.,0.));
#7498=CARTESIAN_POINT('Origin',(203.,35.,0.));
#7499=CARTESIAN_POINT('',(196.75,35.,3.));
#7500=CARTESIAN_POINT('Origin',(203.,35.,3.));
#7501=CARTESIAN_POINT('',(196.75,35.,0.));
#7502=CARTESIAN_POINT('',(196.75,35.,0.));
#7503=CARTESIAN_POINT('Origin',(203.,35.,0.));
#7504=CARTESIAN_POINT('Origin',(203.,35.,3.));
#7505=CARTESIAN_POINT('Origin',(203.,35.,0.));
#7506=CARTESIAN_POINT('Origin',(203.,60.,0.));
#7507=CARTESIAN_POINT('',(198.25,60.,3.));
#7508=CARTESIAN_POINT('Origin',(203.,60.,3.));
#7509=CARTESIAN_POINT('',(198.25,60.,0.));
#7510=CARTESIAN_POINT('',(198.25,60.,0.));
#7511=CARTESIAN_POINT('Origin',(203.,60.,0.));
#7512=CARTESIAN_POINT('Origin',(203.,60.,0.));
#7513=CARTESIAN_POINT('',(196.75,60.,3.));
#7514=CARTESIAN_POINT('Origin',(203.,60.,3.));
#7515=CARTESIAN_POINT('',(196.75,60.,0.));
#7516=CARTESIAN_POINT('',(196.75,60.,0.));
#7517=CARTESIAN_POINT('Origin',(203.,60.,0.));
#7518=CARTESIAN_POINT('Origin',(203.,60.,3.));
#7519=CARTESIAN_POINT('Origin',(203.,60.,0.));
#7520=CARTESIAN_POINT('Origin',(218.,100.,0.));
#7521=CARTESIAN_POINT('',(214.5,100.,3.));
#7522=CARTESIAN_POINT('Origin',(218.,100.,3.));
#7523=CARTESIAN_POINT('',(214.5,100.,0.));
#7524=CARTESIAN_POINT('',(214.5,100.,0.));
#7525=CARTESIAN_POINT('Origin',(218.,100.,0.));
#7526=CARTESIAN_POINT('Origin',(218.,100.,0.));
#7527=CARTESIAN_POINT('',(212.999997073412,100.,3.));
#7528=CARTESIAN_POINT('Origin',(218.,100.,3.));
#7529=CARTESIAN_POINT('',(212.999997073412,100.,0.));
#7530=CARTESIAN_POINT('',(212.999997073412,100.,0.));
#7531=CARTESIAN_POINT('Origin',(218.,100.,0.));
#7532=CARTESIAN_POINT('Origin',(218.,100.,3.));
#7533=CARTESIAN_POINT('Origin',(218.,100.,0.));
#7534=CARTESIAN_POINT('Origin',(218.,9.99999999999999,0.));
#7535=CARTESIAN_POINT('',(212.999997416138,9.99999999999999,3.));
#7536=CARTESIAN_POINT('Origin',(218.,9.99999999999999,3.));
#7537=CARTESIAN_POINT('',(212.999997416138,9.99999999999999,0.));
#7538=CARTESIAN_POINT('',(212.999997416138,9.99999999999999,0.));
#7539=CARTESIAN_POINT('Origin',(218.,9.99999999999999,0.));
#7540=CARTESIAN_POINT('Origin',(218.,9.99999999999999,3.));
#7541=CARTESIAN_POINT('',(214.55,9.99999999999999,3.));
#7542=CARTESIAN_POINT('Origin',(218.,9.99999999999999,3.));
#7543=CARTESIAN_POINT('Origin',(218.,9.99999999999999,0.));
#7544=CARTESIAN_POINT('',(214.55,9.99999999999999,35.));
#7545=CARTESIAN_POINT('Origin',(218.,9.99999999999999,35.));
#7546=CARTESIAN_POINT('',(214.55,9.99999999999999,0.));
#7547=CARTESIAN_POINT('Origin',(218.,9.99999999999999,35.));
#7548=CARTESIAN_POINT('Origin',(218.,9.99999999999999,0.));
#7549=CARTESIAN_POINT('Origin',(218.,-5.00000000000001,0.));
#7550=CARTESIAN_POINT('',(212.999997282028,-5.00000000000001,3.));
#7551=CARTESIAN_POINT('Origin',(218.,-5.00000000000001,3.));
#7552=CARTESIAN_POINT('',(212.999997282028,-5.00000000000001,0.));
#7553=CARTESIAN_POINT('',(212.999997282028,-5.00000000000001,0.));
#7554=CARTESIAN_POINT('Origin',(218.,-5.00000000000001,0.));
#7555=CARTESIAN_POINT('Origin',(218.,-5.00000000000001,3.));
#7556=CARTESIAN_POINT('',(214.55,-5.00000000000001,3.));
#7557=CARTESIAN_POINT('Origin',(218.,-5.00000000000001,3.));
#7558=CARTESIAN_POINT('Origin',(218.,-5.00000000000001,0.));
#7559=CARTESIAN_POINT('',(214.55,-5.00000000000001,35.));
#7560=CARTESIAN_POINT('Origin',(218.,-5.00000000000001,35.));
#7561=CARTESIAN_POINT('',(214.55,-5.00000000000001,0.));
#7562=CARTESIAN_POINT('Origin',(218.,-5.00000000000001,35.));
#7563=CARTESIAN_POINT('Origin',(218.,-5.00000000000001,0.));
#7564=CARTESIAN_POINT('Origin',(145.5,-50.,7.5));
#7565=CARTESIAN_POINT('',(141.,-25.,7.5));
#7566=CARTESIAN_POINT('Origin',(145.5,-25.,7.5));
#7567=CARTESIAN_POINT('',(141.,-10.,7.5));
#7568=CARTESIAN_POINT('',(141.,-50.,7.5));
#7569=CARTESIAN_POINT('Origin',(145.5,-10.,7.5));
#7570=CARTESIAN_POINT('Origin',(165.5,-17.5,0.));
#7571=CARTESIAN_POINT('',(161.75,-17.5,15.));
#7572=CARTESIAN_POINT('Origin',(165.5,-17.5,15.));
#7573=CARTESIAN_POINT('',(161.75,-17.5,0.));
#7574=CARTESIAN_POINT('',(161.75,-17.5,0.));
#7575=CARTESIAN_POINT('Origin',(165.5,-17.5,0.));
#7576=CARTESIAN_POINT('Origin',(128.,-17.5,0.));
#7577=CARTESIAN_POINT('',(123.,-17.5,15.));
#7578=CARTESIAN_POINT('Origin',(128.,-17.5,15.));
#7579=CARTESIAN_POINT('',(123.,-17.5,0.));
#7580=CARTESIAN_POINT('',(123.,-17.5,0.));
#7581=CARTESIAN_POINT('Origin',(128.,-17.5,0.));
#7582=CARTESIAN_POINT('Origin',(118.,-25.,0.));
#7583=CARTESIAN_POINT('',(118.,-25.,0.));
#7584=CARTESIAN_POINT('',(173.,-25.,0.));
#7585=CARTESIAN_POINT('',(118.,-25.,0.));
#7586=CARTESIAN_POINT('',(173.,-25.,15.));
#7587=CARTESIAN_POINT('',(173.,-25.,0.));
#7588=CARTESIAN_POINT('',(118.,-25.,15.));
#7589=CARTESIAN_POINT('',(118.,-25.,15.));
#7590=CARTESIAN_POINT('',(118.,-25.,0.));
#7591=CARTESIAN_POINT('Origin',(118.,-10.,0.));
#7592=CARTESIAN_POINT('',(118.,-10.,0.));
#7593=CARTESIAN_POINT('',(118.,-10.,0.));
#7594=CARTESIAN_POINT('',(118.,-10.,15.));
#7595=CARTESIAN_POINT('',(118.,-10.,15.));
#7596=CARTESIAN_POINT('',(118.,-10.,0.));
#7597=CARTESIAN_POINT('Origin',(173.,-10.,0.));
#7598=CARTESIAN_POINT('',(173.,-10.,0.));
#7599=CARTESIAN_POINT('',(173.,-10.,0.));
#7600=CARTESIAN_POINT('',(173.,-10.,15.));
#7601=CARTESIAN_POINT('',(173.,-10.,15.));
#7602=CARTESIAN_POINT('',(173.,-10.,0.));
#7603=CARTESIAN_POINT('Origin',(173.,-25.,0.));
#7604=CARTESIAN_POINT('',(173.,-25.,0.));
#7605=CARTESIAN_POINT('',(173.,-25.,15.));
#7606=CARTESIAN_POINT('Origin',(145.5,-17.5,15.));
#7607=CARTESIAN_POINT('Origin',(145.5,-17.5,0.));
#7608=CARTESIAN_POINT('Origin',(145.5,-50.,7.5));
#7609=CARTESIAN_POINT('',(141.,-50.,7.5));
#7610=CARTESIAN_POINT('Origin',(145.5,-50.,7.5));
#7611=CARTESIAN_POINT('',(141.,-35.,7.5));
#7612=CARTESIAN_POINT('',(141.,-50.,7.5));
#7613=CARTESIAN_POINT('Origin',(145.5,-35.,7.5));
#7614=CARTESIAN_POINT('Origin',(165.5,-42.5,0.));
#7615=CARTESIAN_POINT('',(161.75,-42.5,15.));
#7616=CARTESIAN_POINT('Origin',(165.5,-42.5,15.));
#7617=CARTESIAN_POINT('',(161.75,-42.5,0.));
#7618=CARTESIAN_POINT('',(161.75,-42.5,0.));
#7619=CARTESIAN_POINT('Origin',(165.5,-42.5,0.));
#7620=CARTESIAN_POINT('Origin',(128.,-42.5,0.));
#7621=CARTESIAN_POINT('',(123.,-42.5,15.));
#7622=CARTESIAN_POINT('Origin',(128.,-42.5,15.));
#7623=CARTESIAN_POINT('',(123.,-42.5,0.));
#7624=CARTESIAN_POINT('',(123.,-42.5,0.));
#7625=CARTESIAN_POINT('Origin',(128.,-42.5,0.));
#7626=CARTESIAN_POINT('Origin',(118.,-50.,0.));
#7627=CARTESIAN_POINT('',(118.,-50.,0.));
#7628=CARTESIAN_POINT('',(173.,-50.,0.));
#7629=CARTESIAN_POINT('',(118.,-50.,0.));
#7630=CARTESIAN_POINT('',(173.,-50.,15.));
#7631=CARTESIAN_POINT('',(173.,-50.,0.));
#7632=CARTESIAN_POINT('',(118.,-50.,15.));
#7633=CARTESIAN_POINT('',(118.,-50.,15.));
#7634=CARTESIAN_POINT('',(118.,-50.,0.));
#7635=CARTESIAN_POINT('Origin',(118.,-35.,0.));
#7636=CARTESIAN_POINT('',(118.,-35.,0.));
#7637=CARTESIAN_POINT('',(118.,-35.,0.));
#7638=CARTESIAN_POINT('',(118.,-35.,15.));
#7639=CARTESIAN_POINT('',(118.,-35.,15.));
#7640=CARTESIAN_POINT('',(118.,-35.,0.));
#7641=CARTESIAN_POINT('Origin',(173.,-35.,0.));
#7642=CARTESIAN_POINT('',(173.,-35.,0.));
#7643=CARTESIAN_POINT('',(173.,-35.,0.));
#7644=CARTESIAN_POINT('',(173.,-35.,15.));
#7645=CARTESIAN_POINT('',(173.,-35.,15.));
#7646=CARTESIAN_POINT('',(173.,-35.,0.));
#7647=CARTESIAN_POINT('Origin',(173.,-50.,0.));
#7648=CARTESIAN_POINT('',(173.,-50.,0.));
#7649=CARTESIAN_POINT('',(173.,-50.,15.));
#7650=CARTESIAN_POINT('Origin',(145.5,-42.5,15.));
#7651=CARTESIAN_POINT('Origin',(145.5,-42.5,0.));
#7652=UNCERTAINTY_MEASURE_WITH_UNIT(LENGTH_MEASURE(0.01),#7656,
'DISTANCE_ACCURACY_VALUE',
'Maximum model space distance between geometric entities at asserted c
onnectivities');
#7653=UNCERTAINTY_MEASURE_WITH_UNIT(LENGTH_MEASURE(0.01),#7656,
'DISTANCE_ACCURACY_VALUE',
'Maximum model space distance between geometric entities at asserted c
onnectivities');
#7654=(
GEOMETRIC_REPRESENTATION_CONTEXT(3)
GLOBAL_UNCERTAINTY_ASSIGNED_CONTEXT((#7652))
GLOBAL_UNIT_ASSIGNED_CONTEXT((#7656,#7658,#7659))
REPRESENTATION_CONTEXT('','3D')
);
#7655=(
GEOMETRIC_REPRESENTATION_CONTEXT(3)
GLOBAL_UNCERTAINTY_ASSIGNED_CONTEXT((#7653))
GLOBAL_UNIT_ASSIGNED_CONTEXT((#7656,#7658,#7659))
REPRESENTATION_CONTEXT('','3D')
);
#7656=(
LENGTH_UNIT()
NAMED_UNIT(*)
SI_UNIT(.MILLI.,.METRE.)
);
#7657=(
LENGTH_UNIT()
NAMED_UNIT(*)
SI_UNIT($,.METRE.)
);
#7658=(
NAMED_UNIT(*)
PLANE_ANGLE_UNIT()
SI_UNIT($,.RADIAN.)
);
#7659=(
NAMED_UNIT(*)
SI_UNIT($,.STERADIAN.)
SOLID_ANGLE_UNIT()
);
#7660=SHAPE_DEFINITION_REPRESENTATION(#7661,#7662);
#7661=PRODUCT_DEFINITION_SHAPE('',$,#7664);
#7662=SHAPE_REPRESENTATION('',(#4762),#7654);
#7663=PRODUCT_DEFINITION_CONTEXT('part definition',#7668,'design');
#7664=PRODUCT_DEFINITION('2026-07-22-18-26-07-880','Car_Chassis_V7 v8',
#7665,#7663);
#7665=PRODUCT_DEFINITION_FORMATION('',$,#7670);
#7666=PRODUCT_RELATED_PRODUCT_CATEGORY('Car_Chassis_V7 v8',
'Car_Chassis_V7 v8',(#7670));
#7667=APPLICATION_PROTOCOL_DEFINITION('international standard',
'automotive_design',2009,#7668);
#7668=APPLICATION_CONTEXT(
'Core Data for Automotive Mechanical Design Process');
#7669=PRODUCT_CONTEXT('part definition',#7668,'mechanical');
#7670=PRODUCT('2026-07-22-18-26-07-880','Car_Chassis_V7 v8',$,(#7669));
#7671=PRESENTATION_STYLE_ASSIGNMENT((#7672));
#7672=SURFACE_STYLE_USAGE(.BOTH.,#7673);
#7673=SURFACE_SIDE_STYLE('',(#7674));
#7674=SURFACE_STYLE_FILL_AREA(#7675);
#7675=FILL_AREA_STYLE('Steel - Satin',(#7676));
#7676=FILL_AREA_STYLE_COLOUR('Steel - Satin',#7677);
#7677=COLOUR_RGB('Steel - Satin',0.627450980392157,0.627450980392157,0.627450980392157);
ENDSEC;
END-ISO-10303-21;
