ISO-10303-21;
HEADER;
/* Generated by software containing ST-Developer
 * from STEP Tools, Inc. (www.steptools.com) 
 */

FILE_DESCRIPTION(
/* description */ (''),
/* implementation_level */ '2;1');

FILE_NAME(
/* name */ '3bc563c2-4afd-4fd7-b3b2-41feefda4184.stp',
/* time_stamp */ '2026-08-18T20:54:50Z',
/* author */ (''),
/* organization */ (''),
/* preprocessor_version */ 'ST-DEVELOPER v20.1',
/* originating_system */ 'Autodesk Translation Framework v15.8.0.0',
/* authorisation */ '');

FILE_SCHEMA (('AUTOMOTIVE_DESIGN { 1 0 10303 214 3 1 1 }'));
ENDSEC;

DATA;
#10=MECHANICAL_DESIGN_GEOMETRIC_PRESENTATION_REPRESENTATION('',(#13,#14,
#15,#16,#17,#18,#19,#20),#4697);
#11=SHAPE_REPRESENTATION_RELATIONSHIP('SRR','None',#4704,#12);
#12=ADVANCED_BREP_SHAPE_REPRESENTATION('',(#21,#22,#23,#24,#25,#26,#27,
#28),#4696);
#13=STYLED_ITEM('',(#4713),#21);
#14=STYLED_ITEM('',(#4713),#22);
#15=STYLED_ITEM('',(#4713),#23);
#16=STYLED_ITEM('',(#4713),#24);
#17=STYLED_ITEM('',(#4713),#25);
#18=STYLED_ITEM('',(#4713),#26);
#19=STYLED_ITEM('',(#4713),#27);
#20=STYLED_ITEM('',(#4713),#28);
#21=MANIFOLD_SOLID_BREP('Body1',#2945);
#22=MANIFOLD_SOLID_BREP('Body10',#2946);
#23=MANIFOLD_SOLID_BREP('Body11',#2947);
#24=MANIFOLD_SOLID_BREP('Body12',#2948);
#25=MANIFOLD_SOLID_BREP('Body13',#2949);
#26=MANIFOLD_SOLID_BREP('Body14',#2950);
#27=MANIFOLD_SOLID_BREP('Body15',#2951);
#28=MANIFOLD_SOLID_BREP('Body17',#2952);
#29=CYLINDRICAL_SURFACE('',#3012,5.1);
#30=CYLINDRICAL_SURFACE('',#3080,1.5);
#31=CYLINDRICAL_SURFACE('',#3085,1.5);
#32=CYLINDRICAL_SURFACE('',#3090,1.5);
#33=CYLINDRICAL_SURFACE('',#3095,1.5);
#34=CYLINDRICAL_SURFACE('',#3107,2.5);
#35=CYLINDRICAL_SURFACE('',#3114,2.5);
#36=CONICAL_SURFACE('',#3006,16.,0.785398163397448);
#37=FACE_BOUND('',#231,.T.);
#38=FACE_BOUND('',#232,.T.);
#39=FACE_BOUND('',#233,.T.);
#40=FACE_BOUND('',#234,.T.);
#41=FACE_BOUND('',#235,.T.);
#42=FACE_BOUND('',#236,.T.);
#43=FACE_BOUND('',#255,.T.);
#44=FACE_BOUND('',#282,.T.);
#45=FACE_BOUND('',#310,.T.);
#46=FACE_BOUND('',#311,.T.);
#47=FACE_BOUND('',#312,.T.);
#48=FACE_BOUND('',#313,.T.);
#49=FACE_BOUND('',#314,.T.);
#50=FACE_BOUND('',#315,.T.);
#51=FACE_BOUND('',#321,.T.);
#52=FACE_BOUND('',#348,.T.);
#53=FACE_BOUND('',#367,.T.);
#54=FACE_BOUND('',#368,.T.);
#55=CIRCLE('',#2970,18.5);
#56=CIRCLE('',#3002,18.5);
#57=CIRCLE('',#3003,18.5);
#58=CIRCLE('',#3007,13.5);
#59=CIRCLE('',#3013,5.1);
#60=CIRCLE('',#3014,5.1);
#61=CIRCLE('',#3015,5.1);
#62=CIRCLE('',#3081,1.5);
#63=CIRCLE('',#3082,1.5);
#64=CIRCLE('',#3086,1.5);
#65=CIRCLE('',#3087,1.5);
#66=CIRCLE('',#3091,1.5);
#67=CIRCLE('',#3092,1.5);
#68=CIRCLE('',#3096,1.5);
#69=CIRCLE('',#3097,1.5);
#70=CIRCLE('',#3105,2.5);
#71=CIRCLE('',#3106,2.5);
#72=CIRCLE('',#3108,2.5);
#73=CIRCLE('',#3115,2.5);
#74=FACE_OUTER_BOUND('',#227,.T.);
#75=FACE_OUTER_BOUND('',#228,.T.);
#76=FACE_OUTER_BOUND('',#229,.T.);
#77=FACE_OUTER_BOUND('',#230,.T.);
#78=FACE_OUTER_BOUND('',#237,.T.);
#79=FACE_OUTER_BOUND('',#238,.T.);
#80=FACE_OUTER_BOUND('',#239,.T.);
#81=FACE_OUTER_BOUND('',#240,.T.);
#82=FACE_OUTER_BOUND('',#241,.T.);
#83=FACE_OUTER_BOUND('',#242,.T.);
#84=FACE_OUTER_BOUND('',#243,.T.);
#85=FACE_OUTER_BOUND('',#244,.T.);
#86=FACE_OUTER_BOUND('',#245,.T.);
#87=FACE_OUTER_BOUND('',#246,.T.);
#88=FACE_OUTER_BOUND('',#247,.T.);
#89=FACE_OUTER_BOUND('',#248,.T.);
#90=FACE_OUTER_BOUND('',#249,.T.);
#91=FACE_OUTER_BOUND('',#250,.T.);
#92=FACE_OUTER_BOUND('',#251,.T.);
#93=FACE_OUTER_BOUND('',#252,.T.);
#94=FACE_OUTER_BOUND('',#253,.T.);
#95=FACE_OUTER_BOUND('',#254,.T.);
#96=FACE_OUTER_BOUND('',#256,.T.);
#97=FACE_OUTER_BOUND('',#257,.T.);
#98=FACE_OUTER_BOUND('',#258,.T.);
#99=FACE_OUTER_BOUND('',#259,.T.);
#100=FACE_OUTER_BOUND('',#260,.T.);
#101=FACE_OUTER_BOUND('',#261,.T.);
#102=FACE_OUTER_BOUND('',#262,.T.);
#103=FACE_OUTER_BOUND('',#263,.T.);
#104=FACE_OUTER_BOUND('',#264,.T.);
#105=FACE_OUTER_BOUND('',#265,.T.);
#106=FACE_OUTER_BOUND('',#266,.T.);
#107=FACE_OUTER_BOUND('',#267,.T.);
#108=FACE_OUTER_BOUND('',#268,.T.);
#109=FACE_OUTER_BOUND('',#269,.T.);
#110=FACE_OUTER_BOUND('',#270,.T.);
#111=FACE_OUTER_BOUND('',#271,.T.);
#112=FACE_OUTER_BOUND('',#272,.T.);
#113=FACE_OUTER_BOUND('',#273,.T.);
#114=FACE_OUTER_BOUND('',#274,.T.);
#115=FACE_OUTER_BOUND('',#275,.T.);
#116=FACE_OUTER_BOUND('',#276,.T.);
#117=FACE_OUTER_BOUND('',#277,.T.);
#118=FACE_OUTER_BOUND('',#278,.T.);
#119=FACE_OUTER_BOUND('',#279,.T.);
#120=FACE_OUTER_BOUND('',#280,.T.);
#121=FACE_OUTER_BOUND('',#281,.T.);
#122=FACE_OUTER_BOUND('',#283,.T.);
#123=FACE_OUTER_BOUND('',#284,.T.);
#124=FACE_OUTER_BOUND('',#285,.T.);
#125=FACE_OUTER_BOUND('',#286,.T.);
#126=FACE_OUTER_BOUND('',#287,.T.);
#127=FACE_OUTER_BOUND('',#288,.T.);
#128=FACE_OUTER_BOUND('',#289,.T.);
#129=FACE_OUTER_BOUND('',#290,.T.);
#130=FACE_OUTER_BOUND('',#291,.T.);
#131=FACE_OUTER_BOUND('',#292,.T.);
#132=FACE_OUTER_BOUND('',#293,.T.);
#133=FACE_OUTER_BOUND('',#294,.T.);
#134=FACE_OUTER_BOUND('',#295,.T.);
#135=FACE_OUTER_BOUND('',#296,.T.);
#136=FACE_OUTER_BOUND('',#297,.T.);
#137=FACE_OUTER_BOUND('',#298,.T.);
#138=FACE_OUTER_BOUND('',#299,.T.);
#139=FACE_OUTER_BOUND('',#300,.T.);
#140=FACE_OUTER_BOUND('',#301,.T.);
#141=FACE_OUTER_BOUND('',#302,.T.);
#142=FACE_OUTER_BOUND('',#303,.T.);
#143=FACE_OUTER_BOUND('',#304,.T.);
#144=FACE_OUTER_BOUND('',#305,.T.);
#145=FACE_OUTER_BOUND('',#306,.T.);
#146=FACE_OUTER_BOUND('',#307,.T.);
#147=FACE_OUTER_BOUND('',#308,.T.);
#148=FACE_OUTER_BOUND('',#309,.T.);
#149=FACE_OUTER_BOUND('',#316,.T.);
#150=FACE_OUTER_BOUND('',#317,.T.);
#151=FACE_OUTER_BOUND('',#318,.T.);
#152=FACE_OUTER_BOUND('',#319,.T.);
#153=FACE_OUTER_BOUND('',#320,.T.);
#154=FACE_OUTER_BOUND('',#322,.T.);
#155=FACE_OUTER_BOUND('',#323,.T.);
#156=FACE_OUTER_BOUND('',#324,.T.);
#157=FACE_OUTER_BOUND('',#325,.T.);
#158=FACE_OUTER_BOUND('',#326,.T.);
#159=FACE_OUTER_BOUND('',#327,.T.);
#160=FACE_OUTER_BOUND('',#328,.T.);
#161=FACE_OUTER_BOUND('',#329,.T.);
#162=FACE_OUTER_BOUND('',#330,.T.);
#163=FACE_OUTER_BOUND('',#331,.T.);
#164=FACE_OUTER_BOUND('',#332,.T.);
#165=FACE_OUTER_BOUND('',#333,.T.);
#166=FACE_OUTER_BOUND('',#334,.T.);
#167=FACE_OUTER_BOUND('',#335,.T.);
#168=FACE_OUTER_BOUND('',#336,.T.);
#169=FACE_OUTER_BOUND('',#337,.T.);
#170=FACE_OUTER_BOUND('',#338,.T.);
#171=FACE_OUTER_BOUND('',#339,.T.);
#172=FACE_OUTER_BOUND('',#340,.T.);
#173=FACE_OUTER_BOUND('',#341,.T.);
#174=FACE_OUTER_BOUND('',#342,.T.);
#175=FACE_OUTER_BOUND('',#343,.T.);
#176=FACE_OUTER_BOUND('',#344,.T.);
#177=FACE_OUTER_BOUND('',#345,.T.);
#178=FACE_OUTER_BOUND('',#346,.T.);
#179=FACE_OUTER_BOUND('',#347,.T.);
#180=FACE_OUTER_BOUND('',#349,.T.);
#181=FACE_OUTER_BOUND('',#350,.T.);
#182=FACE_OUTER_BOUND('',#351,.T.);
#183=FACE_OUTER_BOUND('',#352,.T.);
#184=FACE_OUTER_BOUND('',#353,.T.);
#185=FACE_OUTER_BOUND('',#354,.T.);
#186=FACE_OUTER_BOUND('',#355,.T.);
#187=FACE_OUTER_BOUND('',#356,.T.);
#188=FACE_OUTER_BOUND('',#357,.T.);
#189=FACE_OUTER_BOUND('',#358,.T.);
#190=FACE_OUTER_BOUND('',#359,.T.);
#191=FACE_OUTER_BOUND('',#360,.T.);
#192=FACE_OUTER_BOUND('',#361,.T.);
#193=FACE_OUTER_BOUND('',#362,.T.);
#194=FACE_OUTER_BOUND('',#363,.T.);
#195=FACE_OUTER_BOUND('',#364,.T.);
#196=FACE_OUTER_BOUND('',#365,.T.);
#197=FACE_OUTER_BOUND('',#366,.T.);
#198=FACE_OUTER_BOUND('',#369,.T.);
#199=FACE_OUTER_BOUND('',#370,.T.);
#200=FACE_OUTER_BOUND('',#371,.T.);
#201=FACE_OUTER_BOUND('',#372,.T.);
#202=FACE_OUTER_BOUND('',#373,.T.);
#203=FACE_OUTER_BOUND('',#374,.T.);
#204=FACE_OUTER_BOUND('',#375,.T.);
#205=FACE_OUTER_BOUND('',#376,.T.);
#206=FACE_OUTER_BOUND('',#377,.T.);
#207=FACE_OUTER_BOUND('',#378,.T.);
#208=FACE_OUTER_BOUND('',#379,.T.);
#209=FACE_OUTER_BOUND('',#380,.T.);
#210=FACE_OUTER_BOUND('',#381,.T.);
#211=FACE_OUTER_BOUND('',#382,.T.);
#212=FACE_OUTER_BOUND('',#383,.T.);
#213=FACE_OUTER_BOUND('',#384,.T.);
#214=FACE_OUTER_BOUND('',#385,.T.);
#215=FACE_OUTER_BOUND('',#386,.T.);
#216=FACE_OUTER_BOUND('',#387,.T.);
#217=FACE_OUTER_BOUND('',#388,.T.);
#218=FACE_OUTER_BOUND('',#389,.T.);
#219=FACE_OUTER_BOUND('',#390,.T.);
#220=FACE_OUTER_BOUND('',#391,.T.);
#221=FACE_OUTER_BOUND('',#392,.T.);
#222=FACE_OUTER_BOUND('',#393,.T.);
#223=FACE_OUTER_BOUND('',#394,.T.);
#224=FACE_OUTER_BOUND('',#395,.T.);
#225=FACE_OUTER_BOUND('',#396,.T.);
#226=FACE_OUTER_BOUND('',#397,.T.);
#227=EDGE_LOOP('',(#1839,#1840,#1841,#1842));
#228=EDGE_LOOP('',(#1843,#1844,#1845,#1846));
#229=EDGE_LOOP('',(#1847,#1848,#1849,#1850,#1851,#1852));
#230=EDGE_LOOP('',(#1853,#1854,#1855,#1856,#1857,#1858,#1859,#1860,#1861,
#1862,#1863,#1864,#1865,#1866,#1867,#1868,#1869,#1870,#1871));
#231=EDGE_LOOP('',(#1872,#1873,#1874,#1875));
#232=EDGE_LOOP('',(#1876,#1877,#1878,#1879));
#233=EDGE_LOOP('',(#1880,#1881,#1882,#1883));
#234=EDGE_LOOP('',(#1884,#1885,#1886,#1887));
#235=EDGE_LOOP('',(#1888,#1889,#1890,#1891));
#236=EDGE_LOOP('',(#1892,#1893,#1894,#1895));
#237=EDGE_LOOP('',(#1896,#1897,#1898,#1899));
#238=EDGE_LOOP('',(#1900,#1901,#1902,#1903,#1904,#1905,#1906));
#239=EDGE_LOOP('',(#1907,#1908,#1909,#1910,#1911,#1912,#1913,#1914,#1915,
#1916,#1917));
#240=EDGE_LOOP('',(#1918,#1919,#1920,#1921));
#241=EDGE_LOOP('',(#1922,#1923,#1924,#1925));
#242=EDGE_LOOP('',(#1926,#1927,#1928,#1929));
#243=EDGE_LOOP('',(#1930,#1931,#1932,#1933,#1934,#1935,#1936,#1937,#1938,
#1939));
#244=EDGE_LOOP('',(#1940,#1941,#1942,#1943));
#245=EDGE_LOOP('',(#1944,#1945,#1946,#1947));
#246=EDGE_LOOP('',(#1948,#1949,#1950,#1951));
#247=EDGE_LOOP('',(#1952,#1953,#1954,#1955,#1956));
#248=EDGE_LOOP('',(#1957,#1958,#1959,#1960));
#249=EDGE_LOOP('',(#1961,#1962,#1963,#1964));
#250=EDGE_LOOP('',(#1965,#1966,#1967,#1968));
#251=EDGE_LOOP('',(#1969,#1970,#1971,#1972));
#252=EDGE_LOOP('',(#1973,#1974,#1975,#1976));
#253=EDGE_LOOP('',(#1977,#1978,#1979,#1980));
#254=EDGE_LOOP('',(#1981,#1982,#1983,#1984));
#255=EDGE_LOOP('',(#1985,#1986,#1987,#1988));
#256=EDGE_LOOP('',(#1989,#1990,#1991,#1992));
#257=EDGE_LOOP('',(#1993,#1994,#1995,#1996,#1997,#1998,#1999,#2000,#2001,
#2002,#2003,#2004,#2005,#2006));
#258=EDGE_LOOP('',(#2007,#2008,#2009,#2010));
#259=EDGE_LOOP('',(#2011,#2012,#2013,#2014));
#260=EDGE_LOOP('',(#2015,#2016,#2017,#2018,#2019,#2020,#2021,#2022,#2023,
#2024,#2025,#2026,#2027,#2028));
#261=EDGE_LOOP('',(#2029,#2030,#2031,#2032));
#262=EDGE_LOOP('',(#2033,#2034,#2035,#2036,#2037,#2038,#2039,#2040,#2041,
#2042,#2043,#2044,#2045,#2046));
#263=EDGE_LOOP('',(#2047,#2048,#2049,#2050));
#264=EDGE_LOOP('',(#2051,#2052,#2053,#2054,#2055,#2056,#2057,#2058));
#265=EDGE_LOOP('',(#2059,#2060,#2061,#2062));
#266=EDGE_LOOP('',(#2063,#2064,#2065,#2066));
#267=EDGE_LOOP('',(#2067,#2068,#2069,#2070));
#268=EDGE_LOOP('',(#2071,#2072,#2073));
#269=EDGE_LOOP('',(#2074,#2075,#2076,#2077));
#270=EDGE_LOOP('',(#2078,#2079,#2080,#2081));
#271=EDGE_LOOP('',(#2082,#2083,#2084,#2085,#2086,#2087));
#272=EDGE_LOOP('',(#2088,#2089,#2090,#2091));
#273=EDGE_LOOP('',(#2092,#2093,#2094,#2095));
#274=EDGE_LOOP('',(#2096,#2097,#2098,#2099,#2100,#2101,#2102,#2103,#2104,
#2105,#2106,#2107,#2108,#2109));
#275=EDGE_LOOP('',(#2110,#2111,#2112,#2113,#2114,#2115,#2116,#2117));
#276=EDGE_LOOP('',(#2118,#2119,#2120,#2121,#2122));
#277=EDGE_LOOP('',(#2123,#2124,#2125,#2126,#2127,#2128,#2129));
#278=EDGE_LOOP('',(#2130,#2131,#2132,#2133,#2134,#2135,#2136,#2137));
#279=EDGE_LOOP('',(#2138,#2139,#2140,#2141,#2142));
#280=EDGE_LOOP('',(#2143,#2144,#2145,#2146,#2147));
#281=EDGE_LOOP('',(#2148,#2149,#2150,#2151));
#282=EDGE_LOOP('',(#2152));
#283=EDGE_LOOP('',(#2153,#2154,#2155,#2156,#2157));
#284=EDGE_LOOP('',(#2158,#2159,#2160,#2161));
#285=EDGE_LOOP('',(#2162,#2163,#2164,#2165));
#286=EDGE_LOOP('',(#2166,#2167,#2168,#2169));
#287=EDGE_LOOP('',(#2170,#2171,#2172,#2173));
#288=EDGE_LOOP('',(#2174,#2175,#2176,#2177));
#289=EDGE_LOOP('',(#2178,#2179,#2180,#2181));
#290=EDGE_LOOP('',(#2182,#2183,#2184,#2185));
#291=EDGE_LOOP('',(#2186,#2187,#2188,#2189));
#292=EDGE_LOOP('',(#2190,#2191,#2192,#2193));
#293=EDGE_LOOP('',(#2194,#2195,#2196,#2197));
#294=EDGE_LOOP('',(#2198,#2199,#2200,#2201));
#295=EDGE_LOOP('',(#2202,#2203,#2204,#2205));
#296=EDGE_LOOP('',(#2206,#2207,#2208,#2209));
#297=EDGE_LOOP('',(#2210,#2211,#2212,#2213));
#298=EDGE_LOOP('',(#2214,#2215,#2216,#2217));
#299=EDGE_LOOP('',(#2218,#2219,#2220,#2221));
#300=EDGE_LOOP('',(#2222,#2223,#2224,#2225));
#301=EDGE_LOOP('',(#2226,#2227,#2228,#2229));
#302=EDGE_LOOP('',(#2230,#2231,#2232,#2233));
#303=EDGE_LOOP('',(#2234,#2235,#2236,#2237));
#304=EDGE_LOOP('',(#2238,#2239,#2240,#2241));
#305=EDGE_LOOP('',(#2242,#2243,#2244,#2245));
#306=EDGE_LOOP('',(#2246,#2247,#2248,#2249));
#307=EDGE_LOOP('',(#2250,#2251,#2252,#2253));
#308=EDGE_LOOP('',(#2254,#2255,#2256,#2257));
#309=EDGE_LOOP('',(#2258,#2259,#2260,#2261,#2262,#2263,#2264,#2265));
#310=EDGE_LOOP('',(#2266,#2267,#2268,#2269));
#311=EDGE_LOOP('',(#2270,#2271,#2272,#2273));
#312=EDGE_LOOP('',(#2274,#2275,#2276,#2277));
#313=EDGE_LOOP('',(#2278,#2279,#2280,#2281));
#314=EDGE_LOOP('',(#2282));
#315=EDGE_LOOP('',(#2283,#2284,#2285,#2286));
#316=EDGE_LOOP('',(#2287,#2288,#2289,#2290));
#317=EDGE_LOOP('',(#2291,#2292,#2293,#2294));
#318=EDGE_LOOP('',(#2295,#2296,#2297,#2298));
#319=EDGE_LOOP('',(#2299,#2300,#2301,#2302));
#320=EDGE_LOOP('',(#2303,#2304,#2305,#2306));
#321=EDGE_LOOP('',(#2307,#2308,#2309,#2310));
#322=EDGE_LOOP('',(#2311,#2312,#2313,#2314));
#323=EDGE_LOOP('',(#2315,#2316,#2317,#2318));
#324=EDGE_LOOP('',(#2319,#2320,#2321,#2322));
#325=EDGE_LOOP('',(#2323,#2324,#2325,#2326));
#326=EDGE_LOOP('',(#2327,#2328,#2329,#2330));
#327=EDGE_LOOP('',(#2331,#2332,#2333,#2334));
#328=EDGE_LOOP('',(#2335,#2336,#2337,#2338,#2339,#2340,#2341,#2342));
#329=EDGE_LOOP('',(#2343,#2344,#2345,#2346,#2347,#2348,#2349,#2350,#2351,
#2352,#2353,#2354));
#330=EDGE_LOOP('',(#2355,#2356,#2357,#2358,#2359,#2360,#2361,#2362));
#331=EDGE_LOOP('',(#2363,#2364,#2365,#2366,#2367,#2368));
#332=EDGE_LOOP('',(#2369,#2370,#2371,#2372));
#333=EDGE_LOOP('',(#2373,#2374,#2375,#2376));
#334=EDGE_LOOP('',(#2377,#2378,#2379,#2380));
#335=EDGE_LOOP('',(#2381,#2382,#2383,#2384));
#336=EDGE_LOOP('',(#2385,#2386,#2387,#2388));
#337=EDGE_LOOP('',(#2389,#2390,#2391,#2392));
#338=EDGE_LOOP('',(#2393,#2394,#2395,#2396,#2397,#2398,#2399,#2400));
#339=EDGE_LOOP('',(#2401,#2402,#2403,#2404,#2405,#2406));
#340=EDGE_LOOP('',(#2407,#2408,#2409,#2410));
#341=EDGE_LOOP('',(#2411,#2412,#2413,#2414,#2415,#2416,#2417,#2418,#2419,
#2420,#2421,#2422));
#342=EDGE_LOOP('',(#2423,#2424,#2425,#2426));
#343=EDGE_LOOP('',(#2427,#2428,#2429,#2430));
#344=EDGE_LOOP('',(#2431,#2432,#2433,#2434));
#345=EDGE_LOOP('',(#2435,#2436,#2437,#2438));
#346=EDGE_LOOP('',(#2439,#2440,#2441,#2442));
#347=EDGE_LOOP('',(#2443,#2444,#2445,#2446));
#348=EDGE_LOOP('',(#2447,#2448,#2449,#2450));
#349=EDGE_LOOP('',(#2451,#2452,#2453,#2454));
#350=EDGE_LOOP('',(#2455,#2456,#2457,#2458));
#351=EDGE_LOOP('',(#2459));
#352=EDGE_LOOP('',(#2460));
#353=EDGE_LOOP('',(#2461,#2462,#2463,#2464));
#354=EDGE_LOOP('',(#2465));
#355=EDGE_LOOP('',(#2466));
#356=EDGE_LOOP('',(#2467,#2468,#2469,#2470));
#357=EDGE_LOOP('',(#2471));
#358=EDGE_LOOP('',(#2472));
#359=EDGE_LOOP('',(#2473,#2474,#2475,#2476));
#360=EDGE_LOOP('',(#2477));
#361=EDGE_LOOP('',(#2478));
#362=EDGE_LOOP('',(#2479,#2480,#2481,#2482));
#363=EDGE_LOOP('',(#2483,#2484,#2485,#2486));
#364=EDGE_LOOP('',(#2487,#2488,#2489,#2490));
#365=EDGE_LOOP('',(#2491,#2492,#2493,#2494,#2495,#2496));
#366=EDGE_LOOP('',(#2497,#2498,#2499,#2500,#2501,#2502,#2503,#2504));
#367=EDGE_LOOP('',(#2505));
#368=EDGE_LOOP('',(#2506));
#369=EDGE_LOOP('',(#2507,#2508,#2509,#2510));
#370=EDGE_LOOP('',(#2511));
#371=EDGE_LOOP('',(#2512,#2513,#2514,#2515));
#372=EDGE_LOOP('',(#2516,#2517,#2518,#2519));
#373=EDGE_LOOP('',(#2520,#2521,#2522,#2523));
#374=EDGE_LOOP('',(#2524,#2525,#2526,#2527,#2528,#2529,#2530,#2531));
#375=EDGE_LOOP('',(#2532,#2533,#2534,#2535));
#376=EDGE_LOOP('',(#2536));
#377=EDGE_LOOP('',(#2537,#2538,#2539,#2540));
#378=EDGE_LOOP('',(#2541,#2542,#2543,#2544,#2545,#2546));
#379=EDGE_LOOP('',(#2547,#2548,#2549,#2550));
#380=EDGE_LOOP('',(#2551,#2552,#2553,#2554));
#381=EDGE_LOOP('',(#2555,#2556,#2557,#2558));
#382=EDGE_LOOP('',(#2559,#2560,#2561,#2562));
#383=EDGE_LOOP('',(#2563,#2564,#2565,#2566));
#384=EDGE_LOOP('',(#2567,#2568,#2569,#2570));
#385=EDGE_LOOP('',(#2571,#2572,#2573,#2574,#2575,#2576,#2577,#2578));
#386=EDGE_LOOP('',(#2579,#2580,#2581,#2582));
#387=EDGE_LOOP('',(#2583,#2584,#2585,#2586));
#388=EDGE_LOOP('',(#2587,#2588,#2589,#2590));
#389=EDGE_LOOP('',(#2591,#2592,#2593,#2594));
#390=EDGE_LOOP('',(#2595,#2596,#2597,#2598));
#391=EDGE_LOOP('',(#2599,#2600,#2601,#2602));
#392=EDGE_LOOP('',(#2603,#2604,#2605,#2606));
#393=EDGE_LOOP('',(#2607,#2608,#2609,#2610,#2611,#2612,#2613,#2614));
#394=EDGE_LOOP('',(#2615,#2616,#2617,#2618,#2619,#2620,#2621,#2622,#2623,
#2624,#2625,#2626));
#395=EDGE_LOOP('',(#2627,#2628,#2629,#2630,#2631,#2632,#2633,#2634));
#396=EDGE_LOOP('',(#2635,#2636,#2637,#2638,#2639,#2640,#2641,#2642));
#397=EDGE_LOOP('',(#2643,#2644,#2645,#2646));
#398=LINE('',#3873,#783);
#399=LINE('',#3875,#784);
#400=LINE('',#3877,#785);
#401=LINE('',#3878,#786);
#402=LINE('',#3882,#787);
#403=LINE('',#3884,#788);
#404=LINE('',#3886,#789);
#405=LINE('',#3887,#790);
#406=LINE('',#3890,#791);
#407=LINE('',#3891,#792);
#408=LINE('',#3893,#793);
#409=LINE('',#3894,#794);
#410=LINE('',#3897,#795);
#411=LINE('',#3899,#796);
#412=LINE('',#3901,#797);
#413=LINE('',#3903,#798);
#414=LINE('',#3905,#799);
#415=LINE('',#3907,#800);
#416=LINE('',#3909,#801);
#417=LINE('',#3911,#802);
#418=LINE('',#3913,#803);
#419=LINE('',#3915,#804);
#420=LINE('',#3917,#805);
#421=LINE('',#3919,#806);
#422=LINE('',#3921,#807);
#423=LINE('',#3925,#808);
#424=LINE('',#3927,#809);
#425=LINE('',#3929,#810);
#426=LINE('',#3930,#811);
#427=LINE('',#3932,#812);
#428=LINE('',#3934,#813);
#429=LINE('',#3935,#814);
#430=LINE('',#3938,#815);
#431=LINE('',#3940,#816);
#432=LINE('',#3942,#817);
#433=LINE('',#3943,#818);
#434=LINE('',#3946,#819);
#435=LINE('',#3948,#820);
#436=LINE('',#3950,#821);
#437=LINE('',#3951,#822);
#438=LINE('',#3954,#823);
#439=LINE('',#3956,#824);
#440=LINE('',#3958,#825);
#441=LINE('',#3959,#826);
#442=LINE('',#3962,#827);
#443=LINE('',#3964,#828);
#444=LINE('',#3966,#829);
#445=LINE('',#3967,#830);
#446=LINE('',#3970,#831);
#447=LINE('',#3972,#832);
#448=LINE('',#3974,#833);
#449=LINE('',#3975,#834);
#450=LINE('',#3978,#835);
#451=LINE('',#3980,#836);
#452=LINE('',#3981,#837);
#453=LINE('',#3984,#838);
#454=LINE('',#3986,#839);
#455=LINE('',#3988,#840);
#456=LINE('',#3989,#841);
#457=LINE('',#3992,#842);
#458=LINE('',#3994,#843);
#459=LINE('',#3995,#844);
#460=LINE('',#3997,#845);
#461=LINE('',#3999,#846);
#462=LINE('',#4000,#847);
#463=LINE('',#4003,#848);
#464=LINE('',#4004,#849);
#465=LINE('',#4007,#850);
#466=LINE('',#4008,#851);
#467=LINE('',#4010,#852);
#468=LINE('',#4013,#853);
#469=LINE('',#4015,#854);
#470=LINE('',#4016,#855);
#471=LINE('',#4020,#856);
#472=LINE('',#4022,#857);
#473=LINE('',#4024,#858);
#474=LINE('',#4025,#859);
#475=LINE('',#4029,#860);
#476=LINE('',#4031,#861);
#477=LINE('',#4033,#862);
#478=LINE('',#4034,#863);
#479=LINE('',#4036,#864);
#480=LINE('',#4037,#865);
#481=LINE('',#4040,#866);
#482=LINE('',#4042,#867);
#483=LINE('',#4044,#868);
#484=LINE('',#4045,#869);
#485=LINE('',#4049,#870);
#486=LINE('',#4051,#871);
#487=LINE('',#4053,#872);
#488=LINE('',#4054,#873);
#489=LINE('',#4056,#874);
#490=LINE('',#4057,#875);
#491=LINE('',#4061,#876);
#492=LINE('',#4063,#877);
#493=LINE('',#4065,#878);
#494=LINE('',#4066,#879);
#495=LINE('',#4068,#880);
#496=LINE('',#4069,#881);
#497=LINE('',#4072,#882);
#498=LINE('',#4074,#883);
#499=LINE('',#4075,#884);
#500=LINE('',#4077,#885);
#501=LINE('',#4078,#886);
#502=LINE('',#4080,#887);
#503=LINE('',#4081,#888);
#504=LINE('',#4084,#889);
#505=LINE('',#4085,#890);
#506=LINE('',#4087,#891);
#507=LINE('',#4088,#892);
#508=LINE('',#4090,#893);
#509=LINE('',#4092,#894);
#510=LINE('',#4096,#895);
#511=LINE('',#4097,#896);
#512=LINE('',#4101,#897);
#513=LINE('',#4103,#898);
#514=LINE('',#4105,#899);
#515=LINE('',#4106,#900);
#516=LINE('',#4108,#901);
#517=LINE('',#4110,#902);
#518=LINE('',#4112,#903);
#519=LINE('',#4114,#904);
#520=LINE('',#4116,#905);
#521=LINE('',#4117,#906);
#522=LINE('',#4120,#907);
#523=LINE('',#4122,#908);
#524=LINE('',#4123,#909);
#525=LINE('',#4127,#910);
#526=LINE('',#4128,#911);
#527=LINE('',#4130,#912);
#528=LINE('',#4131,#913);
#529=LINE('',#4133,#914);
#530=LINE('',#4134,#915);
#531=LINE('',#4136,#916);
#532=LINE('',#4144,#917);
#533=LINE('',#4146,#918);
#534=LINE('',#4147,#919);
#535=LINE('',#4150,#920);
#536=LINE('',#4151,#921);
#537=LINE('',#4154,#922);
#538=LINE('',#4158,#923);
#539=LINE('',#4159,#924);
#540=LINE('',#4161,#925);
#541=LINE('',#4164,#926);
#542=LINE('',#4166,#927);
#543=LINE('',#4168,#928);
#544=LINE('',#4170,#929);
#545=LINE('',#4172,#930);
#546=LINE('',#4174,#931);
#547=LINE('',#4176,#932);
#548=LINE('',#4177,#933);
#549=LINE('',#4180,#934);
#550=LINE('',#4181,#935);
#551=LINE('',#4183,#936);
#552=LINE('',#4185,#937);
#553=LINE('',#4186,#938);
#554=LINE('',#4191,#939);
#555=LINE('',#4197,#940);
#556=LINE('',#4198,#941);
#557=LINE('',#4199,#942);
#558=LINE('',#4201,#943);
#559=LINE('',#4206,#944);
#560=LINE('',#4207,#945);
#561=LINE('',#4209,#946);
#562=LINE('',#4210,#947);
#563=LINE('',#4213,#948);
#564=LINE('',#4215,#949);
#565=LINE('',#4216,#950);
#566=LINE('',#4219,#951);
#567=LINE('',#4220,#952);
#568=LINE('',#4221,#953);
#569=LINE('',#4225,#954);
#570=LINE('',#4226,#955);
#571=LINE('',#4229,#956);
#572=LINE('',#4230,#957);
#573=LINE('',#4234,#958);
#574=LINE('',#4235,#959);
#575=LINE('',#4236,#960);
#576=LINE('',#4239,#961);
#577=LINE('',#4240,#962);
#578=LINE('',#4243,#963);
#579=LINE('',#4244,#964);
#580=LINE('',#4246,#965);
#581=LINE('',#4250,#966);
#582=LINE('',#4251,#967);
#583=LINE('',#4252,#968);
#584=LINE('',#4255,#969);
#585=LINE('',#4256,#970);
#586=LINE('',#4259,#971);
#587=LINE('',#4260,#972);
#588=LINE('',#4262,#973);
#589=LINE('',#4266,#974);
#590=LINE('',#4267,#975);
#591=LINE('',#4268,#976);
#592=LINE('',#4271,#977);
#593=LINE('',#4272,#978);
#594=LINE('',#4275,#979);
#595=LINE('',#4276,#980);
#596=LINE('',#4278,#981);
#597=LINE('',#4282,#982);
#598=LINE('',#4283,#983);
#599=LINE('',#4284,#984);
#600=LINE('',#4287,#985);
#601=LINE('',#4288,#986);
#602=LINE('',#4291,#987);
#603=LINE('',#4292,#988);
#604=LINE('',#4294,#989);
#605=LINE('',#4297,#990);
#606=LINE('',#4298,#991);
#607=LINE('',#4301,#992);
#608=LINE('',#4302,#993);
#609=LINE('',#4304,#994);
#610=LINE('',#4307,#995);
#611=LINE('',#4308,#996);
#612=LINE('',#4311,#997);
#613=LINE('',#4312,#998);
#614=LINE('',#4314,#999);
#615=LINE('',#4319,#1000);
#616=LINE('',#4321,#1001);
#617=LINE('',#4323,#1002);
#618=LINE('',#4324,#1003);
#619=LINE('',#4327,#1004);
#620=LINE('',#4329,#1005);
#621=LINE('',#4330,#1006);
#622=LINE('',#4333,#1007);
#623=LINE('',#4335,#1008);
#624=LINE('',#4336,#1009);
#625=LINE('',#4338,#1010);
#626=LINE('',#4339,#1011);
#627=LINE('',#4343,#1012);
#628=LINE('',#4345,#1013);
#629=LINE('',#4347,#1014);
#630=LINE('',#4348,#1015);
#631=LINE('',#4352,#1016);
#632=LINE('',#4354,#1017);
#633=LINE('',#4356,#1018);
#634=LINE('',#4357,#1019);
#635=LINE('',#4360,#1020);
#636=LINE('',#4362,#1021);
#637=LINE('',#4363,#1022);
#638=LINE('',#4367,#1023);
#639=LINE('',#4369,#1024);
#640=LINE('',#4371,#1025);
#641=LINE('',#4372,#1026);
#642=LINE('',#4375,#1027);
#643=LINE('',#4377,#1028);
#644=LINE('',#4378,#1029);
#645=LINE('',#4381,#1030);
#646=LINE('',#4383,#1031);
#647=LINE('',#4384,#1032);
#648=LINE('',#4387,#1033);
#649=LINE('',#4389,#1034);
#650=LINE('',#4390,#1035);
#651=LINE('',#4392,#1036);
#652=LINE('',#4393,#1037);
#653=LINE('',#4396,#1038);
#654=LINE('',#4398,#1039);
#655=LINE('',#4400,#1040);
#656=LINE('',#4402,#1041);
#657=LINE('',#4404,#1042);
#658=LINE('',#4405,#1043);
#659=LINE('',#4407,#1044);
#660=LINE('',#4408,#1045);
#661=LINE('',#4411,#1046);
#662=LINE('',#4413,#1047);
#663=LINE('',#4415,#1048);
#664=LINE('',#4416,#1049);
#665=LINE('',#4419,#1050);
#666=LINE('',#4420,#1051);
#667=LINE('',#4424,#1052);
#668=LINE('',#4425,#1053);
#669=LINE('',#4426,#1054);
#670=LINE('',#4429,#1055);
#671=LINE('',#4430,#1056);
#672=LINE('',#4434,#1057);
#673=LINE('',#4436,#1058);
#674=LINE('',#4438,#1059);
#675=LINE('',#4439,#1060);
#676=LINE('',#4442,#1061);
#677=LINE('',#4444,#1062);
#678=LINE('',#4445,#1063);
#679=LINE('',#4447,#1064);
#680=LINE('',#4448,#1065);
#681=LINE('',#4450,#1066);
#682=LINE('',#4452,#1067);
#683=LINE('',#4455,#1068);
#684=LINE('',#4456,#1069);
#685=LINE('',#4458,#1070);
#686=LINE('',#4460,#1071);
#687=LINE('',#4465,#1072);
#688=LINE('',#4467,#1073);
#689=LINE('',#4469,#1074);
#690=LINE('',#4470,#1075);
#691=LINE('',#4473,#1076);
#692=LINE('',#4475,#1077);
#693=LINE('',#4476,#1078);
#694=LINE('',#4479,#1079);
#695=LINE('',#4481,#1080);
#696=LINE('',#4482,#1081);
#697=LINE('',#4484,#1082);
#698=LINE('',#4485,#1083);
#699=LINE('',#4492,#1084);
#700=LINE('',#4500,#1085);
#701=LINE('',#4508,#1086);
#702=LINE('',#4516,#1087);
#703=LINE('',#4523,#1088);
#704=LINE('',#4525,#1089);
#705=LINE('',#4527,#1090);
#706=LINE('',#4528,#1091);
#707=LINE('',#4531,#1092);
#708=LINE('',#4533,#1093);
#709=LINE('',#4534,#1094);
#710=LINE('',#4537,#1095);
#711=LINE('',#4538,#1096);
#712=LINE('',#4541,#1097);
#713=LINE('',#4543,#1098);
#714=LINE('',#4545,#1099);
#715=LINE('',#4546,#1100);
#716=LINE('',#4549,#1101);
#717=LINE('',#4551,#1102);
#718=LINE('',#4553,#1103);
#719=LINE('',#4555,#1104);
#720=LINE('',#4556,#1105);
#721=LINE('',#4564,#1106);
#722=LINE('',#4568,#1107);
#723=LINE('',#4570,#1108);
#724=LINE('',#4571,#1109);
#725=LINE('',#4574,#1110);
#726=LINE('',#4575,#1111);
#727=LINE('',#4578,#1112);
#728=LINE('',#4579,#1113);
#729=LINE('',#4582,#1114);
#730=LINE('',#4583,#1115);
#731=LINE('',#4587,#1116);
#732=LINE('',#4591,#1117);
#733=LINE('',#4592,#1118);
#734=LINE('',#4594,#1119);
#735=LINE('',#4599,#1120);
#736=LINE('',#4601,#1121);
#737=LINE('',#4603,#1122);
#738=LINE('',#4604,#1123);
#739=LINE('',#4607,#1124);
#740=LINE('',#4609,#1125);
#741=LINE('',#4610,#1126);
#742=LINE('',#4614,#1127);
#743=LINE('',#4616,#1128);
#744=LINE('',#4618,#1129);
#745=LINE('',#4619,#1130);
#746=LINE('',#4623,#1131);
#747=LINE('',#4624,#1132);
#748=LINE('',#4625,#1133);
#749=LINE('',#4628,#1134);
#750=LINE('',#4630,#1135);
#751=LINE('',#4631,#1136);
#752=LINE('',#4633,#1137);
#753=LINE('',#4635,#1138);
#754=LINE('',#4636,#1139);
#755=LINE('',#4640,#1140);
#756=LINE('',#4642,#1141);
#757=LINE('',#4644,#1142);
#758=LINE('',#4645,#1143);
#759=LINE('',#4648,#1144);
#760=LINE('',#4650,#1145);
#761=LINE('',#4651,#1146);
#762=LINE('',#4654,#1147);
#763=LINE('',#4656,#1148);
#764=LINE('',#4657,#1149);
#765=LINE('',#4660,#1150);
#766=LINE('',#4662,#1151);
#767=LINE('',#4663,#1152);
#768=LINE('',#4666,#1153);
#769=LINE('',#4668,#1154);
#770=LINE('',#4669,#1155);
#771=LINE('',#4672,#1156);
#772=LINE('',#4674,#1157);
#773=LINE('',#4675,#1158);
#774=LINE('',#4678,#1159);
#775=LINE('',#4680,#1160);
#776=LINE('',#4681,#1161);
#777=LINE('',#4683,#1162);
#778=LINE('',#4685,#1163);
#779=LINE('',#4686,#1164);
#780=LINE('',#4688,#1165);
#781=LINE('',#4689,#1166);
#782=LINE('',#4691,#1167);
#783=VECTOR('',#3142,10.);
#784=VECTOR('',#3143,10.);
#785=VECTOR('',#3144,10.);
#786=VECTOR('',#3145,10.);
#787=VECTOR('',#3148,10.);
#788=VECTOR('',#3149,10.);
#789=VECTOR('',#3150,10.);
#790=VECTOR('',#3151,10.);
#791=VECTOR('',#3154,10.);
#792=VECTOR('',#3155,10.);
#793=VECTOR('',#3156,10.);
#794=VECTOR('',#3157,10.);
#795=VECTOR('',#3160,10.);
#796=VECTOR('',#3161,10.);
#797=VECTOR('',#3162,10.);
#798=VECTOR('',#3163,10.);
#799=VECTOR('',#3164,10.);
#800=VECTOR('',#3165,10.);
#801=VECTOR('',#3166,10.);
#802=VECTOR('',#3167,10.);
#803=VECTOR('',#3168,10.);
#804=VECTOR('',#3169,10.);
#805=VECTOR('',#3170,10.);
#806=VECTOR('',#3171,10.);
#807=VECTOR('',#3172,10.);
#808=VECTOR('',#3175,10.);
#809=VECTOR('',#3176,10.);
#810=VECTOR('',#3177,10.);
#811=VECTOR('',#3178,10.);
#812=VECTOR('',#3179,10.);
#813=VECTOR('',#3180,10.);
#814=VECTOR('',#3181,10.);
#815=VECTOR('',#3182,10.);
#816=VECTOR('',#3183,10.);
#817=VECTOR('',#3184,10.);
#818=VECTOR('',#3185,10.);
#819=VECTOR('',#3186,10.);
#820=VECTOR('',#3187,10.);
#821=VECTOR('',#3188,10.);
#822=VECTOR('',#3189,10.);
#823=VECTOR('',#3190,10.);
#824=VECTOR('',#3191,10.);
#825=VECTOR('',#3192,10.);
#826=VECTOR('',#3193,10.);
#827=VECTOR('',#3194,10.);
#828=VECTOR('',#3195,10.);
#829=VECTOR('',#3196,10.);
#830=VECTOR('',#3197,10.);
#831=VECTOR('',#3198,10.);
#832=VECTOR('',#3199,10.);
#833=VECTOR('',#3200,10.);
#834=VECTOR('',#3201,10.);
#835=VECTOR('',#3204,10.);
#836=VECTOR('',#3205,10.);
#837=VECTOR('',#3206,10.);
#838=VECTOR('',#3209,10.);
#839=VECTOR('',#3210,10.);
#840=VECTOR('',#3211,10.);
#841=VECTOR('',#3212,10.);
#842=VECTOR('',#3215,10.);
#843=VECTOR('',#3216,10.);
#844=VECTOR('',#3217,10.);
#845=VECTOR('',#3218,10.);
#846=VECTOR('',#3219,10.);
#847=VECTOR('',#3220,10.);
#848=VECTOR('',#3223,10.);
#849=VECTOR('',#3224,10.);
#850=VECTOR('',#3227,10.);
#851=VECTOR('',#3228,10.);
#852=VECTOR('',#3231,10.);
#853=VECTOR('',#3234,10.);
#854=VECTOR('',#3235,10.);
#855=VECTOR('',#3236,10.);
#856=VECTOR('',#3239,10.);
#857=VECTOR('',#3240,10.);
#858=VECTOR('',#3241,10.);
#859=VECTOR('',#3242,10.);
#860=VECTOR('',#3245,10.);
#861=VECTOR('',#3246,10.);
#862=VECTOR('',#3247,10.);
#863=VECTOR('',#3248,10.);
#864=VECTOR('',#3251,10.);
#865=VECTOR('',#3252,10.);
#866=VECTOR('',#3255,10.);
#867=VECTOR('',#3256,10.);
#868=VECTOR('',#3257,10.);
#869=VECTOR('',#3258,10.);
#870=VECTOR('',#3261,10.);
#871=VECTOR('',#3262,10.);
#872=VECTOR('',#3263,10.);
#873=VECTOR('',#3264,10.);
#874=VECTOR('',#3267,10.);
#875=VECTOR('',#3268,10.);
#876=VECTOR('',#3271,10.);
#877=VECTOR('',#3272,10.);
#878=VECTOR('',#3273,10.);
#879=VECTOR('',#3274,10.);
#880=VECTOR('',#3277,10.);
#881=VECTOR('',#3278,10.);
#882=VECTOR('',#3281,10.);
#883=VECTOR('',#3282,10.);
#884=VECTOR('',#3283,10.);
#885=VECTOR('',#3286,10.);
#886=VECTOR('',#3287,10.);
#887=VECTOR('',#3290,10.);
#888=VECTOR('',#3291,10.);
#889=VECTOR('',#3294,10.);
#890=VECTOR('',#3295,10.);
#891=VECTOR('',#3298,10.);
#892=VECTOR('',#3299,10.);
#893=VECTOR('',#3302,10.);
#894=VECTOR('',#3305,10.);
#895=VECTOR('',#3310,10.);
#896=VECTOR('',#3311,10.);
#897=VECTOR('',#3314,10.);
#898=VECTOR('',#3315,10.);
#899=VECTOR('',#3316,10.);
#900=VECTOR('',#3317,10.);
#901=VECTOR('',#3318,10.);
#902=VECTOR('',#3319,10.);
#903=VECTOR('',#3320,10.);
#904=VECTOR('',#3321,10.);
#905=VECTOR('',#3322,10.);
#906=VECTOR('',#3323,10.);
#907=VECTOR('',#3326,10.);
#908=VECTOR('',#3327,10.);
#909=VECTOR('',#3328,10.);
#910=VECTOR('',#3331,10.);
#911=VECTOR('',#3332,10.);
#912=VECTOR('',#3333,10.);
#913=VECTOR('',#3334,10.);
#914=VECTOR('',#3337,10.);
#915=VECTOR('',#3338,10.);
#916=VECTOR('',#3341,10.);
#917=VECTOR('',#3352,10.);
#918=VECTOR('',#3353,10.);
#919=VECTOR('',#3354,10.);
#920=VECTOR('',#3357,10.);
#921=VECTOR('',#3358,10.);
#922=VECTOR('',#3361,16.);
#923=VECTOR('',#3366,10.);
#924=VECTOR('',#3367,10.);
#925=VECTOR('',#3370,10.);
#926=VECTOR('',#3373,10.);
#927=VECTOR('',#3374,10.);
#928=VECTOR('',#3375,10.);
#929=VECTOR('',#3376,10.);
#930=VECTOR('',#3377,10.);
#931=VECTOR('',#3378,10.);
#932=VECTOR('',#3379,10.);
#933=VECTOR('',#3380,10.);
#934=VECTOR('',#3383,10.);
#935=VECTOR('',#3384,10.);
#936=VECTOR('',#3385,10.);
#937=VECTOR('',#3386,10.);
#938=VECTOR('',#3387,10.);
#939=VECTOR('',#3392,5.1);
#940=VECTOR('',#3399,10.);
#941=VECTOR('',#3400,10.);
#942=VECTOR('',#3401,10.);
#943=VECTOR('',#3404,10.);
#944=VECTOR('',#3409,10.);
#945=VECTOR('',#3410,10.);
#946=VECTOR('',#3411,10.);
#947=VECTOR('',#3412,10.);
#948=VECTOR('',#3415,10.);
#949=VECTOR('',#3416,10.);
#950=VECTOR('',#3417,10.);
#951=VECTOR('',#3420,10.);
#952=VECTOR('',#3421,10.);
#953=VECTOR('',#3422,10.);
#954=VECTOR('',#3427,10.);
#955=VECTOR('',#3428,10.);
#956=VECTOR('',#3431,10.);
#957=VECTOR('',#3432,10.);
#958=VECTOR('',#3435,10.);
#959=VECTOR('',#3436,10.);
#960=VECTOR('',#3437,10.);
#961=VECTOR('',#3440,10.);
#962=VECTOR('',#3441,10.);
#963=VECTOR('',#3444,10.);
#964=VECTOR('',#3445,10.);
#965=VECTOR('',#3448,10.);
#966=VECTOR('',#3451,10.);
#967=VECTOR('',#3452,10.);
#968=VECTOR('',#3453,10.);
#969=VECTOR('',#3456,10.);
#970=VECTOR('',#3457,10.);
#971=VECTOR('',#3460,10.);
#972=VECTOR('',#3461,10.);
#973=VECTOR('',#3464,10.);
#974=VECTOR('',#3467,10.);
#975=VECTOR('',#3468,10.);
#976=VECTOR('',#3469,10.);
#977=VECTOR('',#3472,10.);
#978=VECTOR('',#3473,10.);
#979=VECTOR('',#3476,10.);
#980=VECTOR('',#3477,10.);
#981=VECTOR('',#3480,10.);
#982=VECTOR('',#3483,10.);
#983=VECTOR('',#3484,10.);
#984=VECTOR('',#3485,10.);
#985=VECTOR('',#3488,10.);
#986=VECTOR('',#3489,10.);
#987=VECTOR('',#3492,10.);
#988=VECTOR('',#3493,10.);
#989=VECTOR('',#3496,10.);
#990=VECTOR('',#3499,10.);
#991=VECTOR('',#3500,10.);
#992=VECTOR('',#3503,10.);
#993=VECTOR('',#3504,10.);
#994=VECTOR('',#3507,10.);
#995=VECTOR('',#3510,10.);
#996=VECTOR('',#3511,10.);
#997=VECTOR('',#3514,10.);
#998=VECTOR('',#3515,10.);
#999=VECTOR('',#3518,10.);
#1000=VECTOR('',#3523,10.);
#1001=VECTOR('',#3524,10.);
#1002=VECTOR('',#3525,10.);
#1003=VECTOR('',#3526,10.);
#1004=VECTOR('',#3529,10.);
#1005=VECTOR('',#3530,10.);
#1006=VECTOR('',#3531,10.);
#1007=VECTOR('',#3534,10.);
#1008=VECTOR('',#3535,10.);
#1009=VECTOR('',#3536,10.);
#1010=VECTOR('',#3539,10.);
#1011=VECTOR('',#3540,10.);
#1012=VECTOR('',#3543,10.);
#1013=VECTOR('',#3544,10.);
#1014=VECTOR('',#3545,10.);
#1015=VECTOR('',#3546,10.);
#1016=VECTOR('',#3549,10.);
#1017=VECTOR('',#3550,10.);
#1018=VECTOR('',#3551,10.);
#1019=VECTOR('',#3552,10.);
#1020=VECTOR('',#3555,10.);
#1021=VECTOR('',#3556,10.);
#1022=VECTOR('',#3557,10.);
#1023=VECTOR('',#3560,10.);
#1024=VECTOR('',#3561,10.);
#1025=VECTOR('',#3562,10.);
#1026=VECTOR('',#3563,10.);
#1027=VECTOR('',#3566,10.);
#1028=VECTOR('',#3567,10.);
#1029=VECTOR('',#3568,10.);
#1030=VECTOR('',#3571,10.);
#1031=VECTOR('',#3572,10.);
#1032=VECTOR('',#3573,10.);
#1033=VECTOR('',#3576,10.);
#1034=VECTOR('',#3577,10.);
#1035=VECTOR('',#3578,10.);
#1036=VECTOR('',#3581,10.);
#1037=VECTOR('',#3582,10.);
#1038=VECTOR('',#3585,10.);
#1039=VECTOR('',#3586,10.);
#1040=VECTOR('',#3587,10.);
#1041=VECTOR('',#3588,10.);
#1042=VECTOR('',#3589,10.);
#1043=VECTOR('',#3590,10.);
#1044=VECTOR('',#3591,10.);
#1045=VECTOR('',#3592,10.);
#1046=VECTOR('',#3595,10.);
#1047=VECTOR('',#3596,10.);
#1048=VECTOR('',#3597,10.);
#1049=VECTOR('',#3598,10.);
#1050=VECTOR('',#3601,10.);
#1051=VECTOR('',#3602,10.);
#1052=VECTOR('',#3605,10.);
#1053=VECTOR('',#3606,10.);
#1054=VECTOR('',#3607,10.);
#1055=VECTOR('',#3610,10.);
#1056=VECTOR('',#3611,10.);
#1057=VECTOR('',#3614,10.);
#1058=VECTOR('',#3615,10.);
#1059=VECTOR('',#3616,10.);
#1060=VECTOR('',#3617,10.);
#1061=VECTOR('',#3620,10.);
#1062=VECTOR('',#3621,10.);
#1063=VECTOR('',#3622,10.);
#1064=VECTOR('',#3625,10.);
#1065=VECTOR('',#3626,10.);
#1066=VECTOR('',#3629,10.);
#1067=VECTOR('',#3632,10.);
#1068=VECTOR('',#3635,10.);
#1069=VECTOR('',#3636,10.);
#1070=VECTOR('',#3639,10.);
#1071=VECTOR('',#3642,10.);
#1072=VECTOR('',#3647,10.);
#1073=VECTOR('',#3648,10.);
#1074=VECTOR('',#3649,10.);
#1075=VECTOR('',#3650,10.);
#1076=VECTOR('',#3653,10.);
#1077=VECTOR('',#3654,10.);
#1078=VECTOR('',#3655,10.);
#1079=VECTOR('',#3658,10.);
#1080=VECTOR('',#3659,10.);
#1081=VECTOR('',#3660,10.);
#1082=VECTOR('',#3663,10.);
#1083=VECTOR('',#3664,10.);
#1084=VECTOR('',#3673,1.5);
#1085=VECTOR('',#3684,1.5);
#1086=VECTOR('',#3695,1.5);
#1087=VECTOR('',#3706,1.5);
#1088=VECTOR('',#3715,10.);
#1089=VECTOR('',#3716,10.);
#1090=VECTOR('',#3717,10.);
#1091=VECTOR('',#3718,10.);
#1092=VECTOR('',#3721,10.);
#1093=VECTOR('',#3722,10.);
#1094=VECTOR('',#3723,10.);
#1095=VECTOR('',#3726,10.);
#1096=VECTOR('',#3727,10.);
#1097=VECTOR('',#3730,10.);
#1098=VECTOR('',#3731,10.);
#1099=VECTOR('',#3732,10.);
#1100=VECTOR('',#3733,10.);
#1101=VECTOR('',#3736,10.);
#1102=VECTOR('',#3737,10.);
#1103=VECTOR('',#3738,10.);
#1104=VECTOR('',#3739,10.);
#1105=VECTOR('',#3740,10.);
#1106=VECTOR('',#3749,2.5);
#1107=VECTOR('',#3754,10.);
#1108=VECTOR('',#3755,10.);
#1109=VECTOR('',#3756,10.);
#1110=VECTOR('',#3759,10.);
#1111=VECTOR('',#3760,10.);
#1112=VECTOR('',#3763,10.);
#1113=VECTOR('',#3764,10.);
#1114=VECTOR('',#3767,10.);
#1115=VECTOR('',#3768,10.);
#1116=VECTOR('',#3773,2.5);
#1117=VECTOR('',#3778,10.);
#1118=VECTOR('',#3779,10.);
#1119=VECTOR('',#3782,10.);
#1120=VECTOR('',#3787,10.);
#1121=VECTOR('',#3788,10.);
#1122=VECTOR('',#3789,10.);
#1123=VECTOR('',#3790,10.);
#1124=VECTOR('',#3793,10.);
#1125=VECTOR('',#3794,10.);
#1126=VECTOR('',#3795,10.);
#1127=VECTOR('',#3798,10.);
#1128=VECTOR('',#3799,10.);
#1129=VECTOR('',#3800,10.);
#1130=VECTOR('',#3801,10.);
#1131=VECTOR('',#3804,10.);
#1132=VECTOR('',#3805,10.);
#1133=VECTOR('',#3806,10.);
#1134=VECTOR('',#3809,10.);
#1135=VECTOR('',#3810,10.);
#1136=VECTOR('',#3811,10.);
#1137=VECTOR('',#3814,10.);
#1138=VECTOR('',#3815,10.);
#1139=VECTOR('',#3816,10.);
#1140=VECTOR('',#3819,10.);
#1141=VECTOR('',#3820,10.);
#1142=VECTOR('',#3821,10.);
#1143=VECTOR('',#3822,10.);
#1144=VECTOR('',#3825,10.);
#1145=VECTOR('',#3826,10.);
#1146=VECTOR('',#3827,10.);
#1147=VECTOR('',#3830,10.);
#1148=VECTOR('',#3831,10.);
#1149=VECTOR('',#3832,10.);
#1150=VECTOR('',#3835,10.);
#1151=VECTOR('',#3836,10.);
#1152=VECTOR('',#3837,10.);
#1153=VECTOR('',#3840,10.);
#1154=VECTOR('',#3841,10.);
#1155=VECTOR('',#3842,10.);
#1156=VECTOR('',#3845,10.);
#1157=VECTOR('',#3846,10.);
#1158=VECTOR('',#3847,10.);
#1159=VECTOR('',#3850,10.);
#1160=VECTOR('',#3851,10.);
#1161=VECTOR('',#3852,10.);
#1162=VECTOR('',#3855,10.);
#1163=VECTOR('',#3856,10.);
#1164=VECTOR('',#3857,10.);
#1165=VECTOR('',#3860,10.);
#1166=VECTOR('',#3861,10.);
#1167=VECTOR('',#3864,10.);
#1168=VERTEX_POINT('',#3871);
#1169=VERTEX_POINT('',#3872);
#1170=VERTEX_POINT('',#3874);
#1171=VERTEX_POINT('',#3876);
#1172=VERTEX_POINT('',#3880);
#1173=VERTEX_POINT('',#3881);
#1174=VERTEX_POINT('',#3883);
#1175=VERTEX_POINT('',#3885);
#1176=VERTEX_POINT('',#3889);
#1177=VERTEX_POINT('',#3892);
#1178=VERTEX_POINT('',#3896);
#1179=VERTEX_POINT('',#3898);
#1180=VERTEX_POINT('',#3900);
#1181=VERTEX_POINT('',#3902);
#1182=VERTEX_POINT('',#3904);
#1183=VERTEX_POINT('',#3906);
#1184=VERTEX_POINT('',#3908);
#1185=VERTEX_POINT('',#3910);
#1186=VERTEX_POINT('',#3912);
#1187=VERTEX_POINT('',#3914);
#1188=VERTEX_POINT('',#3916);
#1189=VERTEX_POINT('',#3918);
#1190=VERTEX_POINT('',#3920);
#1191=VERTEX_POINT('',#3922);
#1192=VERTEX_POINT('',#3924);
#1193=VERTEX_POINT('',#3926);
#1194=VERTEX_POINT('',#3928);
#1195=VERTEX_POINT('',#3931);
#1196=VERTEX_POINT('',#3933);
#1197=VERTEX_POINT('',#3936);
#1198=VERTEX_POINT('',#3937);
#1199=VERTEX_POINT('',#3939);
#1200=VERTEX_POINT('',#3941);
#1201=VERTEX_POINT('',#3944);
#1202=VERTEX_POINT('',#3945);
#1203=VERTEX_POINT('',#3947);
#1204=VERTEX_POINT('',#3949);
#1205=VERTEX_POINT('',#3952);
#1206=VERTEX_POINT('',#3953);
#1207=VERTEX_POINT('',#3955);
#1208=VERTEX_POINT('',#3957);
#1209=VERTEX_POINT('',#3960);
#1210=VERTEX_POINT('',#3961);
#1211=VERTEX_POINT('',#3963);
#1212=VERTEX_POINT('',#3965);
#1213=VERTEX_POINT('',#3968);
#1214=VERTEX_POINT('',#3969);
#1215=VERTEX_POINT('',#3971);
#1216=VERTEX_POINT('',#3973);
#1217=VERTEX_POINT('',#3977);
#1218=VERTEX_POINT('',#3979);
#1219=VERTEX_POINT('',#3983);
#1220=VERTEX_POINT('',#3985);
#1221=VERTEX_POINT('',#3987);
#1222=VERTEX_POINT('',#3991);
#1223=VERTEX_POINT('',#3993);
#1224=VERTEX_POINT('',#3996);
#1225=VERTEX_POINT('',#3998);
#1226=VERTEX_POINT('',#4002);
#1227=VERTEX_POINT('',#4006);
#1228=VERTEX_POINT('',#4012);
#1229=VERTEX_POINT('',#4014);
#1230=VERTEX_POINT('',#4018);
#1231=VERTEX_POINT('',#4019);
#1232=VERTEX_POINT('',#4021);
#1233=VERTEX_POINT('',#4023);
#1234=VERTEX_POINT('',#4027);
#1235=VERTEX_POINT('',#4028);
#1236=VERTEX_POINT('',#4030);
#1237=VERTEX_POINT('',#4032);
#1238=VERTEX_POINT('',#4039);
#1239=VERTEX_POINT('',#4041);
#1240=VERTEX_POINT('',#4043);
#1241=VERTEX_POINT('',#4047);
#1242=VERTEX_POINT('',#4048);
#1243=VERTEX_POINT('',#4050);
#1244=VERTEX_POINT('',#4052);
#1245=VERTEX_POINT('',#4059);
#1246=VERTEX_POINT('',#4060);
#1247=VERTEX_POINT('',#4062);
#1248=VERTEX_POINT('',#4064);
#1249=VERTEX_POINT('',#4071);
#1250=VERTEX_POINT('',#4073);
#1251=VERTEX_POINT('',#4083);
#1252=VERTEX_POINT('',#4095);
#1253=VERTEX_POINT('',#4099);
#1254=VERTEX_POINT('',#4100);
#1255=VERTEX_POINT('',#4102);
#1256=VERTEX_POINT('',#4104);
#1257=VERTEX_POINT('',#4107);
#1258=VERTEX_POINT('',#4109);
#1259=VERTEX_POINT('',#4111);
#1260=VERTEX_POINT('',#4113);
#1261=VERTEX_POINT('',#4115);
#1262=VERTEX_POINT('',#4119);
#1263=VERTEX_POINT('',#4121);
#1264=VERTEX_POINT('',#4125);
#1265=VERTEX_POINT('',#4126);
#1266=VERTEX_POINT('',#4129);
#1267=VERTEX_POINT('',#4139);
#1268=VERTEX_POINT('',#4143);
#1269=VERTEX_POINT('',#4145);
#1270=VERTEX_POINT('',#4149);
#1271=VERTEX_POINT('',#4153);
#1272=VERTEX_POINT('',#4157);
#1273=VERTEX_POINT('',#4163);
#1274=VERTEX_POINT('',#4165);
#1275=VERTEX_POINT('',#4167);
#1276=VERTEX_POINT('',#4169);
#1277=VERTEX_POINT('',#4171);
#1278=VERTEX_POINT('',#4173);
#1279=VERTEX_POINT('',#4175);
#1280=VERTEX_POINT('',#4179);
#1281=VERTEX_POINT('',#4182);
#1282=VERTEX_POINT('',#4184);
#1283=VERTEX_POINT('',#4188);
#1284=VERTEX_POINT('',#4190);
#1285=VERTEX_POINT('',#4192);
#1286=VERTEX_POINT('',#4196);
#1287=VERTEX_POINT('',#4204);
#1288=VERTEX_POINT('',#4205);
#1289=VERTEX_POINT('',#4208);
#1290=VERTEX_POINT('',#4212);
#1291=VERTEX_POINT('',#4214);
#1292=VERTEX_POINT('',#4218);
#1293=VERTEX_POINT('',#4224);
#1294=VERTEX_POINT('',#4228);
#1295=VERTEX_POINT('',#4232);
#1296=VERTEX_POINT('',#4233);
#1297=VERTEX_POINT('',#4238);
#1298=VERTEX_POINT('',#4242);
#1299=VERTEX_POINT('',#4248);
#1300=VERTEX_POINT('',#4249);
#1301=VERTEX_POINT('',#4254);
#1302=VERTEX_POINT('',#4258);
#1303=VERTEX_POINT('',#4264);
#1304=VERTEX_POINT('',#4265);
#1305=VERTEX_POINT('',#4270);
#1306=VERTEX_POINT('',#4274);
#1307=VERTEX_POINT('',#4280);
#1308=VERTEX_POINT('',#4281);
#1309=VERTEX_POINT('',#4286);
#1310=VERTEX_POINT('',#4290);
#1311=VERTEX_POINT('',#4296);
#1312=VERTEX_POINT('',#4300);
#1313=VERTEX_POINT('',#4306);
#1314=VERTEX_POINT('',#4310);
#1315=VERTEX_POINT('',#4317);
#1316=VERTEX_POINT('',#4318);
#1317=VERTEX_POINT('',#4320);
#1318=VERTEX_POINT('',#4322);
#1319=VERTEX_POINT('',#4326);
#1320=VERTEX_POINT('',#4328);
#1321=VERTEX_POINT('',#4332);
#1322=VERTEX_POINT('',#4334);
#1323=VERTEX_POINT('',#4341);
#1324=VERTEX_POINT('',#4342);
#1325=VERTEX_POINT('',#4344);
#1326=VERTEX_POINT('',#4346);
#1327=VERTEX_POINT('',#4350);
#1328=VERTEX_POINT('',#4351);
#1329=VERTEX_POINT('',#4353);
#1330=VERTEX_POINT('',#4355);
#1331=VERTEX_POINT('',#4359);
#1332=VERTEX_POINT('',#4361);
#1333=VERTEX_POINT('',#4365);
#1334=VERTEX_POINT('',#4366);
#1335=VERTEX_POINT('',#4368);
#1336=VERTEX_POINT('',#4370);
#1337=VERTEX_POINT('',#4374);
#1338=VERTEX_POINT('',#4376);
#1339=VERTEX_POINT('',#4380);
#1340=VERTEX_POINT('',#4382);
#1341=VERTEX_POINT('',#4386);
#1342=VERTEX_POINT('',#4388);
#1343=VERTEX_POINT('',#4395);
#1344=VERTEX_POINT('',#4397);
#1345=VERTEX_POINT('',#4399);
#1346=VERTEX_POINT('',#4401);
#1347=VERTEX_POINT('',#4403);
#1348=VERTEX_POINT('',#4406);
#1349=VERTEX_POINT('',#4410);
#1350=VERTEX_POINT('',#4412);
#1351=VERTEX_POINT('',#4414);
#1352=VERTEX_POINT('',#4418);
#1353=VERTEX_POINT('',#4422);
#1354=VERTEX_POINT('',#4423);
#1355=VERTEX_POINT('',#4428);
#1356=VERTEX_POINT('',#4432);
#1357=VERTEX_POINT('',#4433);
#1358=VERTEX_POINT('',#4435);
#1359=VERTEX_POINT('',#4437);
#1360=VERTEX_POINT('',#4441);
#1361=VERTEX_POINT('',#4443);
#1362=VERTEX_POINT('',#4454);
#1363=VERTEX_POINT('',#4463);
#1364=VERTEX_POINT('',#4464);
#1365=VERTEX_POINT('',#4466);
#1366=VERTEX_POINT('',#4468);
#1367=VERTEX_POINT('',#4472);
#1368=VERTEX_POINT('',#4474);
#1369=VERTEX_POINT('',#4478);
#1370=VERTEX_POINT('',#4480);
#1371=VERTEX_POINT('',#4489);
#1372=VERTEX_POINT('',#4491);
#1373=VERTEX_POINT('',#4497);
#1374=VERTEX_POINT('',#4499);
#1375=VERTEX_POINT('',#4505);
#1376=VERTEX_POINT('',#4507);
#1377=VERTEX_POINT('',#4513);
#1378=VERTEX_POINT('',#4515);
#1379=VERTEX_POINT('',#4521);
#1380=VERTEX_POINT('',#4522);
#1381=VERTEX_POINT('',#4524);
#1382=VERTEX_POINT('',#4526);
#1383=VERTEX_POINT('',#4530);
#1384=VERTEX_POINT('',#4532);
#1385=VERTEX_POINT('',#4536);
#1386=VERTEX_POINT('',#4540);
#1387=VERTEX_POINT('',#4542);
#1388=VERTEX_POINT('',#4544);
#1389=VERTEX_POINT('',#4548);
#1390=VERTEX_POINT('',#4550);
#1391=VERTEX_POINT('',#4552);
#1392=VERTEX_POINT('',#4554);
#1393=VERTEX_POINT('',#4557);
#1394=VERTEX_POINT('',#4559);
#1395=VERTEX_POINT('',#4562);
#1396=VERTEX_POINT('',#4567);
#1397=VERTEX_POINT('',#4569);
#1398=VERTEX_POINT('',#4573);
#1399=VERTEX_POINT('',#4577);
#1400=VERTEX_POINT('',#4581);
#1401=VERTEX_POINT('',#4585);
#1402=VERTEX_POINT('',#4590);
#1403=VERTEX_POINT('',#4597);
#1404=VERTEX_POINT('',#4598);
#1405=VERTEX_POINT('',#4600);
#1406=VERTEX_POINT('',#4602);
#1407=VERTEX_POINT('',#4606);
#1408=VERTEX_POINT('',#4608);
#1409=VERTEX_POINT('',#4612);
#1410=VERTEX_POINT('',#4613);
#1411=VERTEX_POINT('',#4615);
#1412=VERTEX_POINT('',#4617);
#1413=VERTEX_POINT('',#4621);
#1414=VERTEX_POINT('',#4622);
#1415=VERTEX_POINT('',#4627);
#1416=VERTEX_POINT('',#4629);
#1417=VERTEX_POINT('',#4634);
#1418=VERTEX_POINT('',#4638);
#1419=VERTEX_POINT('',#4639);
#1420=VERTEX_POINT('',#4641);
#1421=VERTEX_POINT('',#4643);
#1422=VERTEX_POINT('',#4647);
#1423=VERTEX_POINT('',#4649);
#1424=VERTEX_POINT('',#4653);
#1425=VERTEX_POINT('',#4655);
#1426=VERTEX_POINT('',#4659);
#1427=VERTEX_POINT('',#4661);
#1428=VERTEX_POINT('',#4665);
#1429=VERTEX_POINT('',#4667);
#1430=VERTEX_POINT('',#4671);
#1431=VERTEX_POINT('',#4673);
#1432=VERTEX_POINT('',#4677);
#1433=VERTEX_POINT('',#4679);
#1434=VERTEX_POINT('',#4684);
#1435=EDGE_CURVE('',#1168,#1169,#398,.T.);
#1436=EDGE_CURVE('',#1170,#1169,#399,.T.);
#1437=EDGE_CURVE('',#1170,#1171,#400,.T.);
#1438=EDGE_CURVE('',#1168,#1171,#401,.T.);
#1439=EDGE_CURVE('',#1172,#1173,#402,.T.);
#1440=EDGE_CURVE('',#1174,#1172,#403,.T.);
#1441=EDGE_CURVE('',#1175,#1174,#404,.T.);
#1442=EDGE_CURVE('',#1175,#1173,#405,.T.);
#1443=EDGE_CURVE('',#1176,#1170,#406,.T.);
#1444=EDGE_CURVE('',#1173,#1176,#407,.T.);
#1445=EDGE_CURVE('',#1177,#1175,#408,.T.);
#1446=EDGE_CURVE('',#1171,#1177,#409,.T.);
#1447=EDGE_CURVE('',#1168,#1178,#410,.T.);
#1448=EDGE_CURVE('',#1178,#1179,#411,.T.);
#1449=EDGE_CURVE('',#1179,#1180,#412,.T.);
#1450=EDGE_CURVE('',#1180,#1181,#413,.T.);
#1451=EDGE_CURVE('',#1182,#1181,#414,.T.);
#1452=EDGE_CURVE('',#1183,#1182,#415,.T.);
#1453=EDGE_CURVE('',#1184,#1183,#416,.T.);
#1454=EDGE_CURVE('',#1184,#1185,#417,.T.);
#1455=EDGE_CURVE('',#1185,#1186,#418,.T.);
#1456=EDGE_CURVE('',#1186,#1187,#419,.T.);
#1457=EDGE_CURVE('',#1187,#1188,#420,.T.);
#1458=EDGE_CURVE('',#1188,#1189,#421,.T.);
#1459=EDGE_CURVE('',#1189,#1190,#422,.T.);
#1460=EDGE_CURVE('',#1191,#1190,#55,.T.);
#1461=EDGE_CURVE('',#1191,#1192,#423,.T.);
#1462=EDGE_CURVE('',#1192,#1193,#424,.T.);
#1463=EDGE_CURVE('',#1193,#1194,#425,.T.);
#1464=EDGE_CURVE('',#1194,#1169,#426,.T.);
#1465=EDGE_CURVE('',#1172,#1195,#427,.T.);
#1466=EDGE_CURVE('',#1196,#1195,#428,.T.);
#1467=EDGE_CURVE('',#1196,#1174,#429,.T.);
#1468=EDGE_CURVE('',#1197,#1198,#430,.T.);
#1469=EDGE_CURVE('',#1198,#1199,#431,.T.);
#1470=EDGE_CURVE('',#1199,#1200,#432,.T.);
#1471=EDGE_CURVE('',#1200,#1197,#433,.T.);
#1472=EDGE_CURVE('',#1201,#1202,#434,.T.);
#1473=EDGE_CURVE('',#1202,#1203,#435,.T.);
#1474=EDGE_CURVE('',#1203,#1204,#436,.T.);
#1475=EDGE_CURVE('',#1204,#1201,#437,.T.);
#1476=EDGE_CURVE('',#1205,#1206,#438,.T.);
#1477=EDGE_CURVE('',#1206,#1207,#439,.T.);
#1478=EDGE_CURVE('',#1207,#1208,#440,.T.);
#1479=EDGE_CURVE('',#1208,#1205,#441,.T.);
#1480=EDGE_CURVE('',#1209,#1210,#442,.T.);
#1481=EDGE_CURVE('',#1210,#1211,#443,.T.);
#1482=EDGE_CURVE('',#1211,#1212,#444,.T.);
#1483=EDGE_CURVE('',#1212,#1209,#445,.T.);
#1484=EDGE_CURVE('',#1213,#1214,#446,.T.);
#1485=EDGE_CURVE('',#1214,#1215,#447,.T.);
#1486=EDGE_CURVE('',#1215,#1216,#448,.T.);
#1487=EDGE_CURVE('',#1216,#1213,#449,.T.);
#1488=EDGE_CURVE('',#1217,#1197,#450,.T.);
#1489=EDGE_CURVE('',#1218,#1217,#451,.T.);
#1490=EDGE_CURVE('',#1218,#1198,#452,.T.);
#1491=EDGE_CURVE('',#1177,#1219,#453,.T.);
#1492=EDGE_CURVE('',#1220,#1219,#454,.T.);
#1493=EDGE_CURVE('',#1221,#1220,#455,.T.);
#1494=EDGE_CURVE('',#1178,#1221,#456,.T.);
#1495=EDGE_CURVE('',#1196,#1222,#457,.T.);
#1496=EDGE_CURVE('',#1222,#1223,#458,.T.);
#1497=EDGE_CURVE('',#1223,#1187,#459,.T.);
#1498=EDGE_CURVE('',#1224,#1186,#460,.T.);
#1499=EDGE_CURVE('',#1224,#1225,#461,.T.);
#1500=EDGE_CURVE('',#1219,#1225,#462,.T.);
#1501=EDGE_CURVE('',#1223,#1226,#463,.T.);
#1502=EDGE_CURVE('',#1188,#1226,#464,.T.);
#1503=EDGE_CURVE('',#1222,#1227,#465,.T.);
#1504=EDGE_CURVE('',#1226,#1227,#466,.T.);
#1505=EDGE_CURVE('',#1227,#1195,#467,.T.);
#1506=EDGE_CURVE('',#1176,#1228,#468,.T.);
#1507=EDGE_CURVE('',#1229,#1228,#469,.T.);
#1508=EDGE_CURVE('',#1189,#1229,#470,.T.);
#1509=EDGE_CURVE('',#1230,#1231,#471,.T.);
#1510=EDGE_CURVE('',#1231,#1232,#472,.T.);
#1511=EDGE_CURVE('',#1233,#1232,#473,.T.);
#1512=EDGE_CURVE('',#1230,#1233,#474,.T.);
#1513=EDGE_CURVE('',#1234,#1235,#475,.T.);
#1514=EDGE_CURVE('',#1235,#1236,#476,.T.);
#1515=EDGE_CURVE('',#1237,#1236,#477,.T.);
#1516=EDGE_CURVE('',#1234,#1237,#478,.T.);
#1517=EDGE_CURVE('',#1232,#1229,#479,.T.);
#1518=EDGE_CURVE('',#1228,#1233,#480,.T.);
#1519=EDGE_CURVE('',#1236,#1238,#481,.T.);
#1520=EDGE_CURVE('',#1238,#1239,#482,.T.);
#1521=EDGE_CURVE('',#1239,#1240,#483,.T.);
#1522=EDGE_CURVE('',#1240,#1237,#484,.T.);
#1523=EDGE_CURVE('',#1241,#1242,#485,.T.);
#1524=EDGE_CURVE('',#1241,#1243,#486,.T.);
#1525=EDGE_CURVE('',#1243,#1244,#487,.T.);
#1526=EDGE_CURVE('',#1242,#1244,#488,.T.);
#1527=EDGE_CURVE('',#1231,#1243,#489,.T.);
#1528=EDGE_CURVE('',#1244,#1230,#490,.T.);
#1529=EDGE_CURVE('',#1245,#1246,#491,.T.);
#1530=EDGE_CURVE('',#1245,#1247,#492,.T.);
#1531=EDGE_CURVE('',#1247,#1248,#493,.T.);
#1532=EDGE_CURVE('',#1246,#1248,#494,.T.);
#1533=EDGE_CURVE('',#1235,#1247,#495,.T.);
#1534=EDGE_CURVE('',#1248,#1234,#496,.T.);
#1535=EDGE_CURVE('',#1221,#1249,#497,.T.);
#1536=EDGE_CURVE('',#1250,#1220,#498,.T.);
#1537=EDGE_CURVE('',#1249,#1250,#499,.T.);
#1538=EDGE_CURVE('',#1249,#1224,#500,.T.);
#1539=EDGE_CURVE('',#1225,#1250,#501,.T.);
#1540=EDGE_CURVE('',#1246,#1241,#502,.T.);
#1541=EDGE_CURVE('',#1242,#1245,#503,.T.);
#1542=EDGE_CURVE('',#1185,#1251,#504,.T.);
#1543=EDGE_CURVE('',#1224,#1251,#505,.T.);
#1544=EDGE_CURVE('',#1192,#1240,#506,.T.);
#1545=EDGE_CURVE('',#1190,#1191,#507,.T.);
#1546=EDGE_CURVE('',#1193,#1239,#508,.T.);
#1547=EDGE_CURVE('',#1194,#1238,#509,.T.);
#1548=EDGE_CURVE('',#1184,#1252,#510,.T.);
#1549=EDGE_CURVE('',#1251,#1252,#511,.T.);
#1550=EDGE_CURVE('',#1253,#1254,#512,.T.);
#1551=EDGE_CURVE('',#1254,#1255,#513,.T.);
#1552=EDGE_CURVE('',#1255,#1256,#514,.T.);
#1553=EDGE_CURVE('',#1256,#1221,#515,.T.);
#1554=EDGE_CURVE('',#1252,#1257,#516,.T.);
#1555=EDGE_CURVE('',#1258,#1257,#517,.T.);
#1556=EDGE_CURVE('',#1259,#1258,#518,.T.);
#1557=EDGE_CURVE('',#1260,#1259,#519,.T.);
#1558=EDGE_CURVE('',#1261,#1260,#520,.T.);
#1559=EDGE_CURVE('',#1253,#1261,#521,.T.);
#1560=EDGE_CURVE('',#1257,#1262,#522,.T.);
#1561=EDGE_CURVE('',#1263,#1262,#523,.T.);
#1562=EDGE_CURVE('',#1258,#1263,#524,.T.);
#1563=EDGE_CURVE('',#1264,#1265,#525,.T.);
#1564=EDGE_CURVE('',#1262,#1264,#526,.T.);
#1565=EDGE_CURVE('',#1266,#1183,#527,.T.);
#1566=EDGE_CURVE('',#1265,#1266,#528,.T.);
#1567=EDGE_CURVE('',#1254,#1181,#529,.T.);
#1568=EDGE_CURVE('',#1180,#1255,#530,.T.);
#1569=EDGE_CURVE('',#1179,#1256,#531,.T.);
#1570=EDGE_CURVE('',#1190,#1267,#56,.T.);
#1571=EDGE_CURVE('',#1267,#1191,#57,.T.);
#1572=EDGE_CURVE('',#1260,#1268,#532,.T.);
#1573=EDGE_CURVE('',#1269,#1268,#533,.T.);
#1574=EDGE_CURVE('',#1261,#1269,#534,.T.);
#1575=EDGE_CURVE('',#1259,#1270,#535,.T.);
#1576=EDGE_CURVE('',#1268,#1270,#536,.T.);
#1577=EDGE_CURVE('',#1267,#1271,#537,.T.);
#1578=EDGE_CURVE('',#1271,#1271,#58,.T.);
#1579=EDGE_CURVE('',#1272,#1253,#538,.T.);
#1580=EDGE_CURVE('',#1272,#1269,#539,.T.);
#1581=EDGE_CURVE('',#1270,#1263,#540,.T.);
#1582=EDGE_CURVE('',#1273,#1272,#541,.T.);
#1583=EDGE_CURVE('',#1274,#1264,#542,.T.);
#1584=EDGE_CURVE('',#1274,#1275,#543,.T.);
#1585=EDGE_CURVE('',#1275,#1276,#544,.T.);
#1586=EDGE_CURVE('',#1276,#1277,#545,.T.);
#1587=EDGE_CURVE('',#1277,#1278,#546,.T.);
#1588=EDGE_CURVE('',#1278,#1279,#547,.T.);
#1589=EDGE_CURVE('',#1273,#1279,#548,.T.);
#1590=EDGE_CURVE('',#1265,#1280,#549,.T.);
#1591=EDGE_CURVE('',#1280,#1273,#550,.T.);
#1592=EDGE_CURVE('',#1279,#1281,#551,.T.);
#1593=EDGE_CURVE('',#1282,#1281,#552,.T.);
#1594=EDGE_CURVE('',#1274,#1282,#553,.T.);
#1595=EDGE_CURVE('',#1283,#1283,#59,.T.);
#1596=EDGE_CURVE('',#1283,#1284,#554,.T.);
#1597=EDGE_CURVE('',#1285,#1284,#60,.T.);
#1598=EDGE_CURVE('',#1284,#1285,#61,.T.);
#1599=EDGE_CURVE('',#1286,#1285,#555,.T.);
#1600=EDGE_CURVE('',#1285,#1266,#556,.T.);
#1601=EDGE_CURVE('',#1286,#1182,#557,.T.);
#1602=EDGE_CURVE('',#1280,#1286,#558,.T.);
#1603=EDGE_CURVE('',#1287,#1288,#559,.T.);
#1604=EDGE_CURVE('',#1287,#1274,#560,.T.);
#1605=EDGE_CURVE('',#1289,#1282,#561,.T.);
#1606=EDGE_CURVE('',#1288,#1289,#562,.T.);
#1607=EDGE_CURVE('',#1288,#1290,#563,.T.);
#1608=EDGE_CURVE('',#1291,#1289,#564,.T.);
#1609=EDGE_CURVE('',#1290,#1291,#565,.T.);
#1610=EDGE_CURVE('',#1290,#1292,#566,.T.);
#1611=EDGE_CURVE('',#1281,#1291,#567,.T.);
#1612=EDGE_CURVE('',#1292,#1279,#568,.T.);
#1613=EDGE_CURVE('',#1293,#1287,#569,.T.);
#1614=EDGE_CURVE('',#1275,#1293,#570,.T.);
#1615=EDGE_CURVE('',#1294,#1278,#571,.T.);
#1616=EDGE_CURVE('',#1292,#1294,#572,.T.);
#1617=EDGE_CURVE('',#1295,#1296,#573,.T.);
#1618=EDGE_CURVE('',#1295,#1202,#574,.T.);
#1619=EDGE_CURVE('',#1296,#1201,#575,.T.);
#1620=EDGE_CURVE('',#1297,#1295,#576,.T.);
#1621=EDGE_CURVE('',#1297,#1203,#577,.T.);
#1622=EDGE_CURVE('',#1298,#1297,#578,.T.);
#1623=EDGE_CURVE('',#1298,#1204,#579,.T.);
#1624=EDGE_CURVE('',#1296,#1298,#580,.T.);
#1625=EDGE_CURVE('',#1299,#1300,#581,.T.);
#1626=EDGE_CURVE('',#1299,#1206,#582,.T.);
#1627=EDGE_CURVE('',#1300,#1205,#583,.T.);
#1628=EDGE_CURVE('',#1301,#1299,#584,.T.);
#1629=EDGE_CURVE('',#1301,#1207,#585,.T.);
#1630=EDGE_CURVE('',#1302,#1301,#586,.T.);
#1631=EDGE_CURVE('',#1302,#1208,#587,.T.);
#1632=EDGE_CURVE('',#1300,#1302,#588,.T.);
#1633=EDGE_CURVE('',#1303,#1304,#589,.T.);
#1634=EDGE_CURVE('',#1303,#1210,#590,.T.);
#1635=EDGE_CURVE('',#1304,#1209,#591,.T.);
#1636=EDGE_CURVE('',#1305,#1303,#592,.T.);
#1637=EDGE_CURVE('',#1305,#1211,#593,.T.);
#1638=EDGE_CURVE('',#1306,#1305,#594,.T.);
#1639=EDGE_CURVE('',#1306,#1212,#595,.T.);
#1640=EDGE_CURVE('',#1304,#1306,#596,.T.);
#1641=EDGE_CURVE('',#1307,#1308,#597,.T.);
#1642=EDGE_CURVE('',#1307,#1214,#598,.T.);
#1643=EDGE_CURVE('',#1308,#1213,#599,.T.);
#1644=EDGE_CURVE('',#1309,#1307,#600,.T.);
#1645=EDGE_CURVE('',#1309,#1215,#601,.T.);
#1646=EDGE_CURVE('',#1310,#1309,#602,.T.);
#1647=EDGE_CURVE('',#1310,#1216,#603,.T.);
#1648=EDGE_CURVE('',#1308,#1310,#604,.T.);
#1649=EDGE_CURVE('',#1311,#1218,#605,.T.);
#1650=EDGE_CURVE('',#1311,#1199,#606,.T.);
#1651=EDGE_CURVE('',#1312,#1311,#607,.T.);
#1652=EDGE_CURVE('',#1312,#1200,#608,.T.);
#1653=EDGE_CURVE('',#1217,#1312,#609,.T.);
#1654=EDGE_CURVE('',#1313,#1293,#610,.T.);
#1655=EDGE_CURVE('',#1276,#1313,#611,.T.);
#1656=EDGE_CURVE('',#1314,#1313,#612,.T.);
#1657=EDGE_CURVE('',#1277,#1314,#613,.T.);
#1658=EDGE_CURVE('',#1294,#1314,#614,.T.);
#1659=EDGE_CURVE('',#1315,#1316,#615,.T.);
#1660=EDGE_CURVE('',#1315,#1317,#616,.T.);
#1661=EDGE_CURVE('',#1318,#1317,#617,.T.);
#1662=EDGE_CURVE('',#1316,#1318,#618,.T.);
#1663=EDGE_CURVE('',#1316,#1319,#619,.T.);
#1664=EDGE_CURVE('',#1320,#1318,#620,.T.);
#1665=EDGE_CURVE('',#1319,#1320,#621,.T.);
#1666=EDGE_CURVE('',#1319,#1321,#622,.T.);
#1667=EDGE_CURVE('',#1322,#1320,#623,.T.);
#1668=EDGE_CURVE('',#1321,#1322,#624,.T.);
#1669=EDGE_CURVE('',#1321,#1315,#625,.T.);
#1670=EDGE_CURVE('',#1317,#1322,#626,.T.);
#1671=EDGE_CURVE('',#1323,#1324,#627,.T.);
#1672=EDGE_CURVE('',#1324,#1325,#628,.T.);
#1673=EDGE_CURVE('',#1325,#1326,#629,.T.);
#1674=EDGE_CURVE('',#1326,#1323,#630,.T.);
#1675=EDGE_CURVE('',#1327,#1328,#631,.T.);
#1676=EDGE_CURVE('',#1327,#1329,#632,.T.);
#1677=EDGE_CURVE('',#1330,#1329,#633,.T.);
#1678=EDGE_CURVE('',#1328,#1330,#634,.T.);
#1679=EDGE_CURVE('',#1328,#1331,#635,.T.);
#1680=EDGE_CURVE('',#1332,#1330,#636,.T.);
#1681=EDGE_CURVE('',#1331,#1332,#637,.T.);
#1682=EDGE_CURVE('',#1333,#1334,#638,.T.);
#1683=EDGE_CURVE('',#1335,#1334,#639,.T.);
#1684=EDGE_CURVE('',#1336,#1335,#640,.T.);
#1685=EDGE_CURVE('',#1333,#1336,#641,.T.);
#1686=EDGE_CURVE('',#1337,#1333,#642,.T.);
#1687=EDGE_CURVE('',#1338,#1336,#643,.T.);
#1688=EDGE_CURVE('',#1337,#1338,#644,.T.);
#1689=EDGE_CURVE('',#1339,#1337,#645,.T.);
#1690=EDGE_CURVE('',#1340,#1338,#646,.T.);
#1691=EDGE_CURVE('',#1339,#1340,#647,.T.);
#1692=EDGE_CURVE('',#1341,#1327,#648,.T.);
#1693=EDGE_CURVE('',#1342,#1341,#649,.T.);
#1694=EDGE_CURVE('',#1329,#1342,#650,.T.);
#1695=EDGE_CURVE('',#1334,#1331,#651,.T.);
#1696=EDGE_CURVE('',#1341,#1339,#652,.T.);
#1697=EDGE_CURVE('',#1332,#1343,#653,.T.);
#1698=EDGE_CURVE('',#1343,#1344,#654,.T.);
#1699=EDGE_CURVE('',#1344,#1345,#655,.T.);
#1700=EDGE_CURVE('',#1345,#1346,#656,.T.);
#1701=EDGE_CURVE('',#1346,#1347,#657,.T.);
#1702=EDGE_CURVE('',#1323,#1347,#658,.T.);
#1703=EDGE_CURVE('',#1348,#1326,#659,.T.);
#1704=EDGE_CURVE('',#1348,#1335,#660,.T.);
#1705=EDGE_CURVE('',#1349,#1342,#661,.T.);
#1706=EDGE_CURVE('',#1349,#1350,#662,.T.);
#1707=EDGE_CURVE('',#1350,#1351,#663,.T.);
#1708=EDGE_CURVE('',#1351,#1343,#664,.T.);
#1709=EDGE_CURVE('',#1352,#1348,#665,.T.);
#1710=EDGE_CURVE('',#1340,#1352,#666,.T.);
#1711=EDGE_CURVE('',#1353,#1354,#667,.T.);
#1712=EDGE_CURVE('',#1353,#1351,#668,.T.);
#1713=EDGE_CURVE('',#1354,#1350,#669,.T.);
#1714=EDGE_CURVE('',#1355,#1354,#670,.T.);
#1715=EDGE_CURVE('',#1355,#1349,#671,.T.);
#1716=EDGE_CURVE('',#1356,#1357,#672,.T.);
#1717=EDGE_CURVE('',#1358,#1357,#673,.T.);
#1718=EDGE_CURVE('',#1359,#1358,#674,.T.);
#1719=EDGE_CURVE('',#1356,#1359,#675,.T.);
#1720=EDGE_CURVE('',#1360,#1356,#676,.T.);
#1721=EDGE_CURVE('',#1361,#1359,#677,.T.);
#1722=EDGE_CURVE('',#1360,#1361,#678,.T.);
#1723=EDGE_CURVE('',#1345,#1360,#679,.T.);
#1724=EDGE_CURVE('',#1346,#1361,#680,.T.);
#1725=EDGE_CURVE('',#1344,#1353,#681,.T.);
#1726=EDGE_CURVE('',#1357,#1355,#682,.T.);
#1727=EDGE_CURVE('',#1362,#1358,#683,.T.);
#1728=EDGE_CURVE('',#1347,#1362,#684,.T.);
#1729=EDGE_CURVE('',#1325,#1352,#685,.T.);
#1730=EDGE_CURVE('',#1324,#1362,#686,.T.);
#1731=EDGE_CURVE('',#1363,#1364,#687,.T.);
#1732=EDGE_CURVE('',#1364,#1365,#688,.T.);
#1733=EDGE_CURVE('',#1366,#1365,#689,.T.);
#1734=EDGE_CURVE('',#1363,#1366,#690,.T.);
#1735=EDGE_CURVE('',#1367,#1363,#691,.T.);
#1736=EDGE_CURVE('',#1368,#1366,#692,.T.);
#1737=EDGE_CURVE('',#1367,#1368,#693,.T.);
#1738=EDGE_CURVE('',#1369,#1367,#694,.T.);
#1739=EDGE_CURVE('',#1370,#1368,#695,.T.);
#1740=EDGE_CURVE('',#1369,#1370,#696,.T.);
#1741=EDGE_CURVE('',#1364,#1369,#697,.T.);
#1742=EDGE_CURVE('',#1365,#1370,#698,.T.);
#1743=EDGE_CURVE('',#1371,#1371,#62,.T.);
#1744=EDGE_CURVE('',#1371,#1372,#699,.T.);
#1745=EDGE_CURVE('',#1372,#1372,#63,.T.);
#1746=EDGE_CURVE('',#1373,#1373,#64,.T.);
#1747=EDGE_CURVE('',#1373,#1374,#700,.T.);
#1748=EDGE_CURVE('',#1374,#1374,#65,.T.);
#1749=EDGE_CURVE('',#1375,#1375,#66,.T.);
#1750=EDGE_CURVE('',#1375,#1376,#701,.T.);
#1751=EDGE_CURVE('',#1376,#1376,#67,.T.);
#1752=EDGE_CURVE('',#1377,#1377,#68,.T.);
#1753=EDGE_CURVE('',#1377,#1378,#702,.T.);
#1754=EDGE_CURVE('',#1378,#1378,#69,.T.);
#1755=EDGE_CURVE('',#1379,#1380,#703,.T.);
#1756=EDGE_CURVE('',#1379,#1381,#704,.T.);
#1757=EDGE_CURVE('',#1382,#1381,#705,.T.);
#1758=EDGE_CURVE('',#1380,#1382,#706,.T.);
#1759=EDGE_CURVE('',#1380,#1383,#707,.T.);
#1760=EDGE_CURVE('',#1384,#1382,#708,.T.);
#1761=EDGE_CURVE('',#1383,#1384,#709,.T.);
#1762=EDGE_CURVE('',#1381,#1385,#710,.T.);
#1763=EDGE_CURVE('',#1385,#1384,#711,.T.);
#1764=EDGE_CURVE('',#1386,#1379,#712,.T.);
#1765=EDGE_CURVE('',#1387,#1386,#713,.T.);
#1766=EDGE_CURVE('',#1388,#1387,#714,.T.);
#1767=EDGE_CURVE('',#1388,#1385,#715,.T.);
#1768=EDGE_CURVE('',#1383,#1389,#716,.T.);
#1769=EDGE_CURVE('',#1389,#1390,#717,.T.);
#1770=EDGE_CURVE('',#1390,#1391,#718,.T.);
#1771=EDGE_CURVE('',#1391,#1392,#719,.T.);
#1772=EDGE_CURVE('',#1392,#1386,#720,.T.);
#1773=EDGE_CURVE('',#1393,#1393,#70,.T.);
#1774=EDGE_CURVE('',#1394,#1394,#71,.T.);
#1775=EDGE_CURVE('',#1395,#1395,#72,.T.);
#1776=EDGE_CURVE('',#1395,#1394,#721,.T.);
#1777=EDGE_CURVE('',#1389,#1396,#722,.T.);
#1778=EDGE_CURVE('',#1397,#1396,#723,.T.);
#1779=EDGE_CURVE('',#1390,#1397,#724,.T.);
#1780=EDGE_CURVE('',#1398,#1397,#725,.T.);
#1781=EDGE_CURVE('',#1391,#1398,#726,.T.);
#1782=EDGE_CURVE('',#1399,#1398,#727,.T.);
#1783=EDGE_CURVE('',#1396,#1399,#728,.T.);
#1784=EDGE_CURVE('',#1400,#1388,#729,.T.);
#1785=EDGE_CURVE('',#1400,#1399,#730,.T.);
#1786=EDGE_CURVE('',#1401,#1401,#73,.T.);
#1787=EDGE_CURVE('',#1401,#1393,#731,.T.);
#1788=EDGE_CURVE('',#1387,#1402,#732,.T.);
#1789=EDGE_CURVE('',#1402,#1392,#733,.T.);
#1790=EDGE_CURVE('',#1402,#1400,#734,.T.);
#1791=EDGE_CURVE('',#1403,#1404,#735,.T.);
#1792=EDGE_CURVE('',#1403,#1405,#736,.T.);
#1793=EDGE_CURVE('',#1406,#1405,#737,.T.);
#1794=EDGE_CURVE('',#1404,#1406,#738,.T.);
#1795=EDGE_CURVE('',#1407,#1406,#739,.T.);
#1796=EDGE_CURVE('',#1405,#1408,#740,.T.);
#1797=EDGE_CURVE('',#1407,#1408,#741,.T.);
#1798=EDGE_CURVE('',#1409,#1410,#742,.T.);
#1799=EDGE_CURVE('',#1410,#1411,#743,.T.);
#1800=EDGE_CURVE('',#1412,#1411,#744,.T.);
#1801=EDGE_CURVE('',#1409,#1412,#745,.T.);
#1802=EDGE_CURVE('',#1413,#1414,#746,.T.);
#1803=EDGE_CURVE('',#1413,#1412,#747,.T.);
#1804=EDGE_CURVE('',#1411,#1414,#748,.T.);
#1805=EDGE_CURVE('',#1414,#1415,#749,.T.);
#1806=EDGE_CURVE('',#1416,#1415,#750,.T.);
#1807=EDGE_CURVE('',#1413,#1416,#751,.T.);
#1808=EDGE_CURVE('',#1409,#1403,#752,.T.);
#1809=EDGE_CURVE('',#1417,#1416,#753,.T.);
#1810=EDGE_CURVE('',#1408,#1417,#754,.T.);
#1811=EDGE_CURVE('',#1418,#1419,#755,.T.);
#1812=EDGE_CURVE('',#1418,#1420,#756,.T.);
#1813=EDGE_CURVE('',#1421,#1420,#757,.T.);
#1814=EDGE_CURVE('',#1419,#1421,#758,.T.);
#1815=EDGE_CURVE('',#1419,#1422,#759,.T.);
#1816=EDGE_CURVE('',#1423,#1421,#760,.T.);
#1817=EDGE_CURVE('',#1422,#1423,#761,.T.);
#1818=EDGE_CURVE('',#1422,#1424,#762,.T.);
#1819=EDGE_CURVE('',#1425,#1423,#763,.T.);
#1820=EDGE_CURVE('',#1424,#1425,#764,.T.);
#1821=EDGE_CURVE('',#1424,#1426,#765,.T.);
#1822=EDGE_CURVE('',#1427,#1425,#766,.T.);
#1823=EDGE_CURVE('',#1426,#1427,#767,.T.);
#1824=EDGE_CURVE('',#1426,#1428,#768,.T.);
#1825=EDGE_CURVE('',#1429,#1427,#769,.T.);
#1826=EDGE_CURVE('',#1428,#1429,#770,.T.);
#1827=EDGE_CURVE('',#1428,#1430,#771,.T.);
#1828=EDGE_CURVE('',#1431,#1429,#772,.T.);
#1829=EDGE_CURVE('',#1430,#1431,#773,.T.);
#1830=EDGE_CURVE('',#1430,#1432,#774,.T.);
#1831=EDGE_CURVE('',#1433,#1431,#775,.T.);
#1832=EDGE_CURVE('',#1432,#1433,#776,.T.);
#1833=EDGE_CURVE('',#1404,#1410,#777,.T.);
#1834=EDGE_CURVE('',#1407,#1434,#778,.T.);
#1835=EDGE_CURVE('',#1415,#1434,#779,.T.);
#1836=EDGE_CURVE('',#1434,#1433,#780,.T.);
#1837=EDGE_CURVE('',#1420,#1417,#781,.T.);
#1838=EDGE_CURVE('',#1432,#1418,#782,.T.);
#1839=ORIENTED_EDGE('',*,*,#1435,.T.);
#1840=ORIENTED_EDGE('',*,*,#1436,.F.);
#1841=ORIENTED_EDGE('',*,*,#1437,.T.);
#1842=ORIENTED_EDGE('',*,*,#1438,.F.);
#1843=ORIENTED_EDGE('',*,*,#1439,.F.);
#1844=ORIENTED_EDGE('',*,*,#1440,.F.);
#1845=ORIENTED_EDGE('',*,*,#1441,.F.);
#1846=ORIENTED_EDGE('',*,*,#1442,.T.);
#1847=ORIENTED_EDGE('',*,*,#1443,.F.);
#1848=ORIENTED_EDGE('',*,*,#1444,.F.);
#1849=ORIENTED_EDGE('',*,*,#1442,.F.);
#1850=ORIENTED_EDGE('',*,*,#1445,.F.);
#1851=ORIENTED_EDGE('',*,*,#1446,.F.);
#1852=ORIENTED_EDGE('',*,*,#1437,.F.);
#1853=ORIENTED_EDGE('',*,*,#1435,.F.);
#1854=ORIENTED_EDGE('',*,*,#1447,.T.);
#1855=ORIENTED_EDGE('',*,*,#1448,.T.);
#1856=ORIENTED_EDGE('',*,*,#1449,.T.);
#1857=ORIENTED_EDGE('',*,*,#1450,.T.);
#1858=ORIENTED_EDGE('',*,*,#1451,.F.);
#1859=ORIENTED_EDGE('',*,*,#1452,.F.);
#1860=ORIENTED_EDGE('',*,*,#1453,.F.);
#1861=ORIENTED_EDGE('',*,*,#1454,.T.);
#1862=ORIENTED_EDGE('',*,*,#1455,.T.);
#1863=ORIENTED_EDGE('',*,*,#1456,.T.);
#1864=ORIENTED_EDGE('',*,*,#1457,.T.);
#1865=ORIENTED_EDGE('',*,*,#1458,.T.);
#1866=ORIENTED_EDGE('',*,*,#1459,.T.);
#1867=ORIENTED_EDGE('',*,*,#1460,.F.);
#1868=ORIENTED_EDGE('',*,*,#1461,.T.);
#1869=ORIENTED_EDGE('',*,*,#1462,.T.);
#1870=ORIENTED_EDGE('',*,*,#1463,.T.);
#1871=ORIENTED_EDGE('',*,*,#1464,.T.);
#1872=ORIENTED_EDGE('',*,*,#1465,.T.);
#1873=ORIENTED_EDGE('',*,*,#1466,.F.);
#1874=ORIENTED_EDGE('',*,*,#1467,.T.);
#1875=ORIENTED_EDGE('',*,*,#1440,.T.);
#1876=ORIENTED_EDGE('',*,*,#1468,.T.);
#1877=ORIENTED_EDGE('',*,*,#1469,.T.);
#1878=ORIENTED_EDGE('',*,*,#1470,.T.);
#1879=ORIENTED_EDGE('',*,*,#1471,.T.);
#1880=ORIENTED_EDGE('',*,*,#1472,.T.);
#1881=ORIENTED_EDGE('',*,*,#1473,.T.);
#1882=ORIENTED_EDGE('',*,*,#1474,.T.);
#1883=ORIENTED_EDGE('',*,*,#1475,.T.);
#1884=ORIENTED_EDGE('',*,*,#1476,.T.);
#1885=ORIENTED_EDGE('',*,*,#1477,.T.);
#1886=ORIENTED_EDGE('',*,*,#1478,.T.);
#1887=ORIENTED_EDGE('',*,*,#1479,.T.);
#1888=ORIENTED_EDGE('',*,*,#1480,.T.);
#1889=ORIENTED_EDGE('',*,*,#1481,.T.);
#1890=ORIENTED_EDGE('',*,*,#1482,.T.);
#1891=ORIENTED_EDGE('',*,*,#1483,.T.);
#1892=ORIENTED_EDGE('',*,*,#1484,.T.);
#1893=ORIENTED_EDGE('',*,*,#1485,.T.);
#1894=ORIENTED_EDGE('',*,*,#1486,.T.);
#1895=ORIENTED_EDGE('',*,*,#1487,.T.);
#1896=ORIENTED_EDGE('',*,*,#1468,.F.);
#1897=ORIENTED_EDGE('',*,*,#1488,.F.);
#1898=ORIENTED_EDGE('',*,*,#1489,.F.);
#1899=ORIENTED_EDGE('',*,*,#1490,.T.);
#1900=ORIENTED_EDGE('',*,*,#1438,.T.);
#1901=ORIENTED_EDGE('',*,*,#1446,.T.);
#1902=ORIENTED_EDGE('',*,*,#1491,.T.);
#1903=ORIENTED_EDGE('',*,*,#1492,.F.);
#1904=ORIENTED_EDGE('',*,*,#1493,.F.);
#1905=ORIENTED_EDGE('',*,*,#1494,.F.);
#1906=ORIENTED_EDGE('',*,*,#1447,.F.);
#1907=ORIENTED_EDGE('',*,*,#1445,.T.);
#1908=ORIENTED_EDGE('',*,*,#1441,.T.);
#1909=ORIENTED_EDGE('',*,*,#1467,.F.);
#1910=ORIENTED_EDGE('',*,*,#1495,.T.);
#1911=ORIENTED_EDGE('',*,*,#1496,.T.);
#1912=ORIENTED_EDGE('',*,*,#1497,.T.);
#1913=ORIENTED_EDGE('',*,*,#1456,.F.);
#1914=ORIENTED_EDGE('',*,*,#1498,.F.);
#1915=ORIENTED_EDGE('',*,*,#1499,.T.);
#1916=ORIENTED_EDGE('',*,*,#1500,.F.);
#1917=ORIENTED_EDGE('',*,*,#1491,.F.);
#1918=ORIENTED_EDGE('',*,*,#1497,.F.);
#1919=ORIENTED_EDGE('',*,*,#1501,.T.);
#1920=ORIENTED_EDGE('',*,*,#1502,.F.);
#1921=ORIENTED_EDGE('',*,*,#1457,.F.);
#1922=ORIENTED_EDGE('',*,*,#1496,.F.);
#1923=ORIENTED_EDGE('',*,*,#1503,.T.);
#1924=ORIENTED_EDGE('',*,*,#1504,.F.);
#1925=ORIENTED_EDGE('',*,*,#1501,.F.);
#1926=ORIENTED_EDGE('',*,*,#1495,.F.);
#1927=ORIENTED_EDGE('',*,*,#1466,.T.);
#1928=ORIENTED_EDGE('',*,*,#1505,.F.);
#1929=ORIENTED_EDGE('',*,*,#1503,.F.);
#1930=ORIENTED_EDGE('',*,*,#1444,.T.);
#1931=ORIENTED_EDGE('',*,*,#1506,.T.);
#1932=ORIENTED_EDGE('',*,*,#1507,.F.);
#1933=ORIENTED_EDGE('',*,*,#1508,.F.);
#1934=ORIENTED_EDGE('',*,*,#1458,.F.);
#1935=ORIENTED_EDGE('',*,*,#1502,.T.);
#1936=ORIENTED_EDGE('',*,*,#1504,.T.);
#1937=ORIENTED_EDGE('',*,*,#1505,.T.);
#1938=ORIENTED_EDGE('',*,*,#1465,.F.);
#1939=ORIENTED_EDGE('',*,*,#1439,.T.);
#1940=ORIENTED_EDGE('',*,*,#1509,.T.);
#1941=ORIENTED_EDGE('',*,*,#1510,.T.);
#1942=ORIENTED_EDGE('',*,*,#1511,.F.);
#1943=ORIENTED_EDGE('',*,*,#1512,.F.);
#1944=ORIENTED_EDGE('',*,*,#1513,.T.);
#1945=ORIENTED_EDGE('',*,*,#1514,.T.);
#1946=ORIENTED_EDGE('',*,*,#1515,.F.);
#1947=ORIENTED_EDGE('',*,*,#1516,.F.);
#1948=ORIENTED_EDGE('',*,*,#1511,.T.);
#1949=ORIENTED_EDGE('',*,*,#1517,.T.);
#1950=ORIENTED_EDGE('',*,*,#1507,.T.);
#1951=ORIENTED_EDGE('',*,*,#1518,.T.);
#1952=ORIENTED_EDGE('',*,*,#1515,.T.);
#1953=ORIENTED_EDGE('',*,*,#1519,.T.);
#1954=ORIENTED_EDGE('',*,*,#1520,.T.);
#1955=ORIENTED_EDGE('',*,*,#1521,.T.);
#1956=ORIENTED_EDGE('',*,*,#1522,.T.);
#1957=ORIENTED_EDGE('',*,*,#1523,.F.);
#1958=ORIENTED_EDGE('',*,*,#1524,.T.);
#1959=ORIENTED_EDGE('',*,*,#1525,.T.);
#1960=ORIENTED_EDGE('',*,*,#1526,.F.);
#1961=ORIENTED_EDGE('',*,*,#1525,.F.);
#1962=ORIENTED_EDGE('',*,*,#1527,.F.);
#1963=ORIENTED_EDGE('',*,*,#1509,.F.);
#1964=ORIENTED_EDGE('',*,*,#1528,.F.);
#1965=ORIENTED_EDGE('',*,*,#1529,.F.);
#1966=ORIENTED_EDGE('',*,*,#1530,.T.);
#1967=ORIENTED_EDGE('',*,*,#1531,.T.);
#1968=ORIENTED_EDGE('',*,*,#1532,.F.);
#1969=ORIENTED_EDGE('',*,*,#1531,.F.);
#1970=ORIENTED_EDGE('',*,*,#1533,.F.);
#1971=ORIENTED_EDGE('',*,*,#1513,.F.);
#1972=ORIENTED_EDGE('',*,*,#1534,.F.);
#1973=ORIENTED_EDGE('',*,*,#1535,.F.);
#1974=ORIENTED_EDGE('',*,*,#1493,.T.);
#1975=ORIENTED_EDGE('',*,*,#1536,.F.);
#1976=ORIENTED_EDGE('',*,*,#1537,.F.);
#1977=ORIENTED_EDGE('',*,*,#1538,.F.);
#1978=ORIENTED_EDGE('',*,*,#1537,.T.);
#1979=ORIENTED_EDGE('',*,*,#1539,.F.);
#1980=ORIENTED_EDGE('',*,*,#1499,.F.);
#1981=ORIENTED_EDGE('',*,*,#1539,.T.);
#1982=ORIENTED_EDGE('',*,*,#1536,.T.);
#1983=ORIENTED_EDGE('',*,*,#1492,.T.);
#1984=ORIENTED_EDGE('',*,*,#1500,.T.);
#1985=ORIENTED_EDGE('',*,*,#1540,.T.);
#1986=ORIENTED_EDGE('',*,*,#1523,.T.);
#1987=ORIENTED_EDGE('',*,*,#1541,.T.);
#1988=ORIENTED_EDGE('',*,*,#1529,.T.);
#1989=ORIENTED_EDGE('',*,*,#1498,.T.);
#1990=ORIENTED_EDGE('',*,*,#1455,.F.);
#1991=ORIENTED_EDGE('',*,*,#1542,.T.);
#1992=ORIENTED_EDGE('',*,*,#1543,.F.);
#1993=ORIENTED_EDGE('',*,*,#1459,.F.);
#1994=ORIENTED_EDGE('',*,*,#1508,.T.);
#1995=ORIENTED_EDGE('',*,*,#1517,.F.);
#1996=ORIENTED_EDGE('',*,*,#1510,.F.);
#1997=ORIENTED_EDGE('',*,*,#1527,.T.);
#1998=ORIENTED_EDGE('',*,*,#1524,.F.);
#1999=ORIENTED_EDGE('',*,*,#1540,.F.);
#2000=ORIENTED_EDGE('',*,*,#1532,.T.);
#2001=ORIENTED_EDGE('',*,*,#1534,.T.);
#2002=ORIENTED_EDGE('',*,*,#1516,.T.);
#2003=ORIENTED_EDGE('',*,*,#1522,.F.);
#2004=ORIENTED_EDGE('',*,*,#1544,.F.);
#2005=ORIENTED_EDGE('',*,*,#1461,.F.);
#2006=ORIENTED_EDGE('',*,*,#1545,.F.);
#2007=ORIENTED_EDGE('',*,*,#1462,.F.);
#2008=ORIENTED_EDGE('',*,*,#1544,.T.);
#2009=ORIENTED_EDGE('',*,*,#1521,.F.);
#2010=ORIENTED_EDGE('',*,*,#1546,.F.);
#2011=ORIENTED_EDGE('',*,*,#1463,.F.);
#2012=ORIENTED_EDGE('',*,*,#1546,.T.);
#2013=ORIENTED_EDGE('',*,*,#1520,.F.);
#2014=ORIENTED_EDGE('',*,*,#1547,.F.);
#2015=ORIENTED_EDGE('',*,*,#1436,.T.);
#2016=ORIENTED_EDGE('',*,*,#1464,.F.);
#2017=ORIENTED_EDGE('',*,*,#1547,.T.);
#2018=ORIENTED_EDGE('',*,*,#1519,.F.);
#2019=ORIENTED_EDGE('',*,*,#1514,.F.);
#2020=ORIENTED_EDGE('',*,*,#1533,.T.);
#2021=ORIENTED_EDGE('',*,*,#1530,.F.);
#2022=ORIENTED_EDGE('',*,*,#1541,.F.);
#2023=ORIENTED_EDGE('',*,*,#1526,.T.);
#2024=ORIENTED_EDGE('',*,*,#1528,.T.);
#2025=ORIENTED_EDGE('',*,*,#1512,.T.);
#2026=ORIENTED_EDGE('',*,*,#1518,.F.);
#2027=ORIENTED_EDGE('',*,*,#1506,.F.);
#2028=ORIENTED_EDGE('',*,*,#1443,.T.);
#2029=ORIENTED_EDGE('',*,*,#1548,.T.);
#2030=ORIENTED_EDGE('',*,*,#1549,.F.);
#2031=ORIENTED_EDGE('',*,*,#1542,.F.);
#2032=ORIENTED_EDGE('',*,*,#1454,.F.);
#2033=ORIENTED_EDGE('',*,*,#1550,.T.);
#2034=ORIENTED_EDGE('',*,*,#1551,.T.);
#2035=ORIENTED_EDGE('',*,*,#1552,.T.);
#2036=ORIENTED_EDGE('',*,*,#1553,.T.);
#2037=ORIENTED_EDGE('',*,*,#1535,.T.);
#2038=ORIENTED_EDGE('',*,*,#1538,.T.);
#2039=ORIENTED_EDGE('',*,*,#1543,.T.);
#2040=ORIENTED_EDGE('',*,*,#1549,.T.);
#2041=ORIENTED_EDGE('',*,*,#1554,.T.);
#2042=ORIENTED_EDGE('',*,*,#1555,.F.);
#2043=ORIENTED_EDGE('',*,*,#1556,.F.);
#2044=ORIENTED_EDGE('',*,*,#1557,.F.);
#2045=ORIENTED_EDGE('',*,*,#1558,.F.);
#2046=ORIENTED_EDGE('',*,*,#1559,.F.);
#2047=ORIENTED_EDGE('',*,*,#1560,.T.);
#2048=ORIENTED_EDGE('',*,*,#1561,.F.);
#2049=ORIENTED_EDGE('',*,*,#1562,.F.);
#2050=ORIENTED_EDGE('',*,*,#1555,.T.);
#2051=ORIENTED_EDGE('',*,*,#1563,.F.);
#2052=ORIENTED_EDGE('',*,*,#1564,.F.);
#2053=ORIENTED_EDGE('',*,*,#1560,.F.);
#2054=ORIENTED_EDGE('',*,*,#1554,.F.);
#2055=ORIENTED_EDGE('',*,*,#1548,.F.);
#2056=ORIENTED_EDGE('',*,*,#1453,.T.);
#2057=ORIENTED_EDGE('',*,*,#1565,.F.);
#2058=ORIENTED_EDGE('',*,*,#1566,.F.);
#2059=ORIENTED_EDGE('',*,*,#1567,.T.);
#2060=ORIENTED_EDGE('',*,*,#1450,.F.);
#2061=ORIENTED_EDGE('',*,*,#1568,.T.);
#2062=ORIENTED_EDGE('',*,*,#1551,.F.);
#2063=ORIENTED_EDGE('',*,*,#1494,.T.);
#2064=ORIENTED_EDGE('',*,*,#1553,.F.);
#2065=ORIENTED_EDGE('',*,*,#1569,.F.);
#2066=ORIENTED_EDGE('',*,*,#1448,.F.);
#2067=ORIENTED_EDGE('',*,*,#1449,.F.);
#2068=ORIENTED_EDGE('',*,*,#1569,.T.);
#2069=ORIENTED_EDGE('',*,*,#1552,.F.);
#2070=ORIENTED_EDGE('',*,*,#1568,.F.);
#2071=ORIENTED_EDGE('',*,*,#1570,.F.);
#2072=ORIENTED_EDGE('',*,*,#1545,.T.);
#2073=ORIENTED_EDGE('',*,*,#1571,.F.);
#2074=ORIENTED_EDGE('',*,*,#1558,.T.);
#2075=ORIENTED_EDGE('',*,*,#1572,.T.);
#2076=ORIENTED_EDGE('',*,*,#1573,.F.);
#2077=ORIENTED_EDGE('',*,*,#1574,.F.);
#2078=ORIENTED_EDGE('',*,*,#1557,.T.);
#2079=ORIENTED_EDGE('',*,*,#1575,.T.);
#2080=ORIENTED_EDGE('',*,*,#1576,.F.);
#2081=ORIENTED_EDGE('',*,*,#1572,.F.);
#2082=ORIENTED_EDGE('',*,*,#1570,.T.);
#2083=ORIENTED_EDGE('',*,*,#1577,.T.);
#2084=ORIENTED_EDGE('',*,*,#1578,.F.);
#2085=ORIENTED_EDGE('',*,*,#1577,.F.);
#2086=ORIENTED_EDGE('',*,*,#1571,.T.);
#2087=ORIENTED_EDGE('',*,*,#1460,.T.);
#2088=ORIENTED_EDGE('',*,*,#1579,.T.);
#2089=ORIENTED_EDGE('',*,*,#1559,.T.);
#2090=ORIENTED_EDGE('',*,*,#1574,.T.);
#2091=ORIENTED_EDGE('',*,*,#1580,.F.);
#2092=ORIENTED_EDGE('',*,*,#1556,.T.);
#2093=ORIENTED_EDGE('',*,*,#1562,.T.);
#2094=ORIENTED_EDGE('',*,*,#1581,.F.);
#2095=ORIENTED_EDGE('',*,*,#1575,.F.);
#2096=ORIENTED_EDGE('',*,*,#1582,.T.);
#2097=ORIENTED_EDGE('',*,*,#1580,.T.);
#2098=ORIENTED_EDGE('',*,*,#1573,.T.);
#2099=ORIENTED_EDGE('',*,*,#1576,.T.);
#2100=ORIENTED_EDGE('',*,*,#1581,.T.);
#2101=ORIENTED_EDGE('',*,*,#1561,.T.);
#2102=ORIENTED_EDGE('',*,*,#1564,.T.);
#2103=ORIENTED_EDGE('',*,*,#1583,.F.);
#2104=ORIENTED_EDGE('',*,*,#1584,.T.);
#2105=ORIENTED_EDGE('',*,*,#1585,.T.);
#2106=ORIENTED_EDGE('',*,*,#1586,.T.);
#2107=ORIENTED_EDGE('',*,*,#1587,.T.);
#2108=ORIENTED_EDGE('',*,*,#1588,.T.);
#2109=ORIENTED_EDGE('',*,*,#1589,.F.);
#2110=ORIENTED_EDGE('',*,*,#1583,.T.);
#2111=ORIENTED_EDGE('',*,*,#1563,.T.);
#2112=ORIENTED_EDGE('',*,*,#1590,.T.);
#2113=ORIENTED_EDGE('',*,*,#1591,.T.);
#2114=ORIENTED_EDGE('',*,*,#1589,.T.);
#2115=ORIENTED_EDGE('',*,*,#1592,.T.);
#2116=ORIENTED_EDGE('',*,*,#1593,.F.);
#2117=ORIENTED_EDGE('',*,*,#1594,.F.);
#2118=ORIENTED_EDGE('',*,*,#1595,.F.);
#2119=ORIENTED_EDGE('',*,*,#1596,.T.);
#2120=ORIENTED_EDGE('',*,*,#1597,.F.);
#2121=ORIENTED_EDGE('',*,*,#1598,.F.);
#2122=ORIENTED_EDGE('',*,*,#1596,.F.);
#2123=ORIENTED_EDGE('',*,*,#1599,.T.);
#2124=ORIENTED_EDGE('',*,*,#1597,.T.);
#2125=ORIENTED_EDGE('',*,*,#1598,.T.);
#2126=ORIENTED_EDGE('',*,*,#1600,.T.);
#2127=ORIENTED_EDGE('',*,*,#1565,.T.);
#2128=ORIENTED_EDGE('',*,*,#1452,.T.);
#2129=ORIENTED_EDGE('',*,*,#1601,.F.);
#2130=ORIENTED_EDGE('',*,*,#1591,.F.);
#2131=ORIENTED_EDGE('',*,*,#1602,.T.);
#2132=ORIENTED_EDGE('',*,*,#1601,.T.);
#2133=ORIENTED_EDGE('',*,*,#1451,.T.);
#2134=ORIENTED_EDGE('',*,*,#1567,.F.);
#2135=ORIENTED_EDGE('',*,*,#1550,.F.);
#2136=ORIENTED_EDGE('',*,*,#1579,.F.);
#2137=ORIENTED_EDGE('',*,*,#1582,.F.);
#2138=ORIENTED_EDGE('',*,*,#1599,.F.);
#2139=ORIENTED_EDGE('',*,*,#1602,.F.);
#2140=ORIENTED_EDGE('',*,*,#1590,.F.);
#2141=ORIENTED_EDGE('',*,*,#1566,.T.);
#2142=ORIENTED_EDGE('',*,*,#1600,.F.);
#2143=ORIENTED_EDGE('',*,*,#1603,.F.);
#2144=ORIENTED_EDGE('',*,*,#1604,.T.);
#2145=ORIENTED_EDGE('',*,*,#1594,.T.);
#2146=ORIENTED_EDGE('',*,*,#1605,.F.);
#2147=ORIENTED_EDGE('',*,*,#1606,.F.);
#2148=ORIENTED_EDGE('',*,*,#1607,.F.);
#2149=ORIENTED_EDGE('',*,*,#1606,.T.);
#2150=ORIENTED_EDGE('',*,*,#1608,.F.);
#2151=ORIENTED_EDGE('',*,*,#1609,.F.);
#2152=ORIENTED_EDGE('',*,*,#1595,.T.);
#2153=ORIENTED_EDGE('',*,*,#1610,.F.);
#2154=ORIENTED_EDGE('',*,*,#1609,.T.);
#2155=ORIENTED_EDGE('',*,*,#1611,.F.);
#2156=ORIENTED_EDGE('',*,*,#1592,.F.);
#2157=ORIENTED_EDGE('',*,*,#1612,.F.);
#2158=ORIENTED_EDGE('',*,*,#1611,.T.);
#2159=ORIENTED_EDGE('',*,*,#1608,.T.);
#2160=ORIENTED_EDGE('',*,*,#1605,.T.);
#2161=ORIENTED_EDGE('',*,*,#1593,.T.);
#2162=ORIENTED_EDGE('',*,*,#1604,.F.);
#2163=ORIENTED_EDGE('',*,*,#1613,.F.);
#2164=ORIENTED_EDGE('',*,*,#1614,.F.);
#2165=ORIENTED_EDGE('',*,*,#1584,.F.);
#2166=ORIENTED_EDGE('',*,*,#1612,.T.);
#2167=ORIENTED_EDGE('',*,*,#1588,.F.);
#2168=ORIENTED_EDGE('',*,*,#1615,.F.);
#2169=ORIENTED_EDGE('',*,*,#1616,.F.);
#2170=ORIENTED_EDGE('',*,*,#1617,.F.);
#2171=ORIENTED_EDGE('',*,*,#1618,.T.);
#2172=ORIENTED_EDGE('',*,*,#1472,.F.);
#2173=ORIENTED_EDGE('',*,*,#1619,.F.);
#2174=ORIENTED_EDGE('',*,*,#1620,.F.);
#2175=ORIENTED_EDGE('',*,*,#1621,.T.);
#2176=ORIENTED_EDGE('',*,*,#1473,.F.);
#2177=ORIENTED_EDGE('',*,*,#1618,.F.);
#2178=ORIENTED_EDGE('',*,*,#1622,.F.);
#2179=ORIENTED_EDGE('',*,*,#1623,.T.);
#2180=ORIENTED_EDGE('',*,*,#1474,.F.);
#2181=ORIENTED_EDGE('',*,*,#1621,.F.);
#2182=ORIENTED_EDGE('',*,*,#1624,.F.);
#2183=ORIENTED_EDGE('',*,*,#1619,.T.);
#2184=ORIENTED_EDGE('',*,*,#1475,.F.);
#2185=ORIENTED_EDGE('',*,*,#1623,.F.);
#2186=ORIENTED_EDGE('',*,*,#1625,.F.);
#2187=ORIENTED_EDGE('',*,*,#1626,.T.);
#2188=ORIENTED_EDGE('',*,*,#1476,.F.);
#2189=ORIENTED_EDGE('',*,*,#1627,.F.);
#2190=ORIENTED_EDGE('',*,*,#1628,.F.);
#2191=ORIENTED_EDGE('',*,*,#1629,.T.);
#2192=ORIENTED_EDGE('',*,*,#1477,.F.);
#2193=ORIENTED_EDGE('',*,*,#1626,.F.);
#2194=ORIENTED_EDGE('',*,*,#1630,.F.);
#2195=ORIENTED_EDGE('',*,*,#1631,.T.);
#2196=ORIENTED_EDGE('',*,*,#1478,.F.);
#2197=ORIENTED_EDGE('',*,*,#1629,.F.);
#2198=ORIENTED_EDGE('',*,*,#1632,.F.);
#2199=ORIENTED_EDGE('',*,*,#1627,.T.);
#2200=ORIENTED_EDGE('',*,*,#1479,.F.);
#2201=ORIENTED_EDGE('',*,*,#1631,.F.);
#2202=ORIENTED_EDGE('',*,*,#1633,.F.);
#2203=ORIENTED_EDGE('',*,*,#1634,.T.);
#2204=ORIENTED_EDGE('',*,*,#1480,.F.);
#2205=ORIENTED_EDGE('',*,*,#1635,.F.);
#2206=ORIENTED_EDGE('',*,*,#1636,.F.);
#2207=ORIENTED_EDGE('',*,*,#1637,.T.);
#2208=ORIENTED_EDGE('',*,*,#1481,.F.);
#2209=ORIENTED_EDGE('',*,*,#1634,.F.);
#2210=ORIENTED_EDGE('',*,*,#1638,.F.);
#2211=ORIENTED_EDGE('',*,*,#1639,.T.);
#2212=ORIENTED_EDGE('',*,*,#1482,.F.);
#2213=ORIENTED_EDGE('',*,*,#1637,.F.);
#2214=ORIENTED_EDGE('',*,*,#1640,.F.);
#2215=ORIENTED_EDGE('',*,*,#1635,.T.);
#2216=ORIENTED_EDGE('',*,*,#1483,.F.);
#2217=ORIENTED_EDGE('',*,*,#1639,.F.);
#2218=ORIENTED_EDGE('',*,*,#1641,.F.);
#2219=ORIENTED_EDGE('',*,*,#1642,.T.);
#2220=ORIENTED_EDGE('',*,*,#1484,.F.);
#2221=ORIENTED_EDGE('',*,*,#1643,.F.);
#2222=ORIENTED_EDGE('',*,*,#1644,.F.);
#2223=ORIENTED_EDGE('',*,*,#1645,.T.);
#2224=ORIENTED_EDGE('',*,*,#1485,.F.);
#2225=ORIENTED_EDGE('',*,*,#1642,.F.);
#2226=ORIENTED_EDGE('',*,*,#1646,.F.);
#2227=ORIENTED_EDGE('',*,*,#1647,.T.);
#2228=ORIENTED_EDGE('',*,*,#1486,.F.);
#2229=ORIENTED_EDGE('',*,*,#1645,.F.);
#2230=ORIENTED_EDGE('',*,*,#1648,.F.);
#2231=ORIENTED_EDGE('',*,*,#1643,.T.);
#2232=ORIENTED_EDGE('',*,*,#1487,.F.);
#2233=ORIENTED_EDGE('',*,*,#1647,.F.);
#2234=ORIENTED_EDGE('',*,*,#1649,.F.);
#2235=ORIENTED_EDGE('',*,*,#1650,.T.);
#2236=ORIENTED_EDGE('',*,*,#1469,.F.);
#2237=ORIENTED_EDGE('',*,*,#1490,.F.);
#2238=ORIENTED_EDGE('',*,*,#1651,.F.);
#2239=ORIENTED_EDGE('',*,*,#1652,.T.);
#2240=ORIENTED_EDGE('',*,*,#1470,.F.);
#2241=ORIENTED_EDGE('',*,*,#1650,.F.);
#2242=ORIENTED_EDGE('',*,*,#1653,.F.);
#2243=ORIENTED_EDGE('',*,*,#1488,.T.);
#2244=ORIENTED_EDGE('',*,*,#1471,.F.);
#2245=ORIENTED_EDGE('',*,*,#1652,.F.);
#2246=ORIENTED_EDGE('',*,*,#1614,.T.);
#2247=ORIENTED_EDGE('',*,*,#1654,.F.);
#2248=ORIENTED_EDGE('',*,*,#1655,.F.);
#2249=ORIENTED_EDGE('',*,*,#1585,.F.);
#2250=ORIENTED_EDGE('',*,*,#1655,.T.);
#2251=ORIENTED_EDGE('',*,*,#1656,.F.);
#2252=ORIENTED_EDGE('',*,*,#1657,.F.);
#2253=ORIENTED_EDGE('',*,*,#1586,.F.);
#2254=ORIENTED_EDGE('',*,*,#1657,.T.);
#2255=ORIENTED_EDGE('',*,*,#1658,.F.);
#2256=ORIENTED_EDGE('',*,*,#1615,.T.);
#2257=ORIENTED_EDGE('',*,*,#1587,.F.);
#2258=ORIENTED_EDGE('',*,*,#1658,.T.);
#2259=ORIENTED_EDGE('',*,*,#1656,.T.);
#2260=ORIENTED_EDGE('',*,*,#1654,.T.);
#2261=ORIENTED_EDGE('',*,*,#1613,.T.);
#2262=ORIENTED_EDGE('',*,*,#1603,.T.);
#2263=ORIENTED_EDGE('',*,*,#1607,.T.);
#2264=ORIENTED_EDGE('',*,*,#1610,.T.);
#2265=ORIENTED_EDGE('',*,*,#1616,.T.);
#2266=ORIENTED_EDGE('',*,*,#1489,.T.);
#2267=ORIENTED_EDGE('',*,*,#1653,.T.);
#2268=ORIENTED_EDGE('',*,*,#1651,.T.);
#2269=ORIENTED_EDGE('',*,*,#1649,.T.);
#2270=ORIENTED_EDGE('',*,*,#1641,.T.);
#2271=ORIENTED_EDGE('',*,*,#1648,.T.);
#2272=ORIENTED_EDGE('',*,*,#1646,.T.);
#2273=ORIENTED_EDGE('',*,*,#1644,.T.);
#2274=ORIENTED_EDGE('',*,*,#1633,.T.);
#2275=ORIENTED_EDGE('',*,*,#1640,.T.);
#2276=ORIENTED_EDGE('',*,*,#1638,.T.);
#2277=ORIENTED_EDGE('',*,*,#1636,.T.);
#2278=ORIENTED_EDGE('',*,*,#1625,.T.);
#2279=ORIENTED_EDGE('',*,*,#1632,.T.);
#2280=ORIENTED_EDGE('',*,*,#1630,.T.);
#2281=ORIENTED_EDGE('',*,*,#1628,.T.);
#2282=ORIENTED_EDGE('',*,*,#1578,.T.);
#2283=ORIENTED_EDGE('',*,*,#1617,.T.);
#2284=ORIENTED_EDGE('',*,*,#1624,.T.);
#2285=ORIENTED_EDGE('',*,*,#1622,.T.);
#2286=ORIENTED_EDGE('',*,*,#1620,.T.);
#2287=ORIENTED_EDGE('',*,*,#1659,.F.);
#2288=ORIENTED_EDGE('',*,*,#1660,.T.);
#2289=ORIENTED_EDGE('',*,*,#1661,.F.);
#2290=ORIENTED_EDGE('',*,*,#1662,.F.);
#2291=ORIENTED_EDGE('',*,*,#1663,.F.);
#2292=ORIENTED_EDGE('',*,*,#1662,.T.);
#2293=ORIENTED_EDGE('',*,*,#1664,.F.);
#2294=ORIENTED_EDGE('',*,*,#1665,.F.);
#2295=ORIENTED_EDGE('',*,*,#1666,.F.);
#2296=ORIENTED_EDGE('',*,*,#1665,.T.);
#2297=ORIENTED_EDGE('',*,*,#1667,.F.);
#2298=ORIENTED_EDGE('',*,*,#1668,.F.);
#2299=ORIENTED_EDGE('',*,*,#1669,.F.);
#2300=ORIENTED_EDGE('',*,*,#1668,.T.);
#2301=ORIENTED_EDGE('',*,*,#1670,.F.);
#2302=ORIENTED_EDGE('',*,*,#1660,.F.);
#2303=ORIENTED_EDGE('',*,*,#1670,.T.);
#2304=ORIENTED_EDGE('',*,*,#1667,.T.);
#2305=ORIENTED_EDGE('',*,*,#1664,.T.);
#2306=ORIENTED_EDGE('',*,*,#1661,.T.);
#2307=ORIENTED_EDGE('',*,*,#1671,.T.);
#2308=ORIENTED_EDGE('',*,*,#1672,.T.);
#2309=ORIENTED_EDGE('',*,*,#1673,.T.);
#2310=ORIENTED_EDGE('',*,*,#1674,.T.);
#2311=ORIENTED_EDGE('',*,*,#1675,.F.);
#2312=ORIENTED_EDGE('',*,*,#1676,.T.);
#2313=ORIENTED_EDGE('',*,*,#1677,.F.);
#2314=ORIENTED_EDGE('',*,*,#1678,.F.);
#2315=ORIENTED_EDGE('',*,*,#1679,.F.);
#2316=ORIENTED_EDGE('',*,*,#1678,.T.);
#2317=ORIENTED_EDGE('',*,*,#1680,.F.);
#2318=ORIENTED_EDGE('',*,*,#1681,.F.);
#2319=ORIENTED_EDGE('',*,*,#1682,.T.);
#2320=ORIENTED_EDGE('',*,*,#1683,.F.);
#2321=ORIENTED_EDGE('',*,*,#1684,.F.);
#2322=ORIENTED_EDGE('',*,*,#1685,.F.);
#2323=ORIENTED_EDGE('',*,*,#1686,.T.);
#2324=ORIENTED_EDGE('',*,*,#1685,.T.);
#2325=ORIENTED_EDGE('',*,*,#1687,.F.);
#2326=ORIENTED_EDGE('',*,*,#1688,.F.);
#2327=ORIENTED_EDGE('',*,*,#1689,.T.);
#2328=ORIENTED_EDGE('',*,*,#1688,.T.);
#2329=ORIENTED_EDGE('',*,*,#1690,.F.);
#2330=ORIENTED_EDGE('',*,*,#1691,.F.);
#2331=ORIENTED_EDGE('',*,*,#1692,.F.);
#2332=ORIENTED_EDGE('',*,*,#1693,.F.);
#2333=ORIENTED_EDGE('',*,*,#1694,.F.);
#2334=ORIENTED_EDGE('',*,*,#1676,.F.);
#2335=ORIENTED_EDGE('',*,*,#1692,.T.);
#2336=ORIENTED_EDGE('',*,*,#1675,.T.);
#2337=ORIENTED_EDGE('',*,*,#1679,.T.);
#2338=ORIENTED_EDGE('',*,*,#1695,.F.);
#2339=ORIENTED_EDGE('',*,*,#1682,.F.);
#2340=ORIENTED_EDGE('',*,*,#1686,.F.);
#2341=ORIENTED_EDGE('',*,*,#1689,.F.);
#2342=ORIENTED_EDGE('',*,*,#1696,.F.);
#2343=ORIENTED_EDGE('',*,*,#1683,.T.);
#2344=ORIENTED_EDGE('',*,*,#1695,.T.);
#2345=ORIENTED_EDGE('',*,*,#1681,.T.);
#2346=ORIENTED_EDGE('',*,*,#1697,.T.);
#2347=ORIENTED_EDGE('',*,*,#1698,.T.);
#2348=ORIENTED_EDGE('',*,*,#1699,.T.);
#2349=ORIENTED_EDGE('',*,*,#1700,.T.);
#2350=ORIENTED_EDGE('',*,*,#1701,.T.);
#2351=ORIENTED_EDGE('',*,*,#1702,.F.);
#2352=ORIENTED_EDGE('',*,*,#1674,.F.);
#2353=ORIENTED_EDGE('',*,*,#1703,.F.);
#2354=ORIENTED_EDGE('',*,*,#1704,.T.);
#2355=ORIENTED_EDGE('',*,*,#1694,.T.);
#2356=ORIENTED_EDGE('',*,*,#1705,.F.);
#2357=ORIENTED_EDGE('',*,*,#1706,.T.);
#2358=ORIENTED_EDGE('',*,*,#1707,.T.);
#2359=ORIENTED_EDGE('',*,*,#1708,.T.);
#2360=ORIENTED_EDGE('',*,*,#1697,.F.);
#2361=ORIENTED_EDGE('',*,*,#1680,.T.);
#2362=ORIENTED_EDGE('',*,*,#1677,.T.);
#2363=ORIENTED_EDGE('',*,*,#1690,.T.);
#2364=ORIENTED_EDGE('',*,*,#1687,.T.);
#2365=ORIENTED_EDGE('',*,*,#1684,.T.);
#2366=ORIENTED_EDGE('',*,*,#1704,.F.);
#2367=ORIENTED_EDGE('',*,*,#1709,.F.);
#2368=ORIENTED_EDGE('',*,*,#1710,.F.);
#2369=ORIENTED_EDGE('',*,*,#1711,.F.);
#2370=ORIENTED_EDGE('',*,*,#1712,.T.);
#2371=ORIENTED_EDGE('',*,*,#1707,.F.);
#2372=ORIENTED_EDGE('',*,*,#1713,.F.);
#2373=ORIENTED_EDGE('',*,*,#1714,.T.);
#2374=ORIENTED_EDGE('',*,*,#1713,.T.);
#2375=ORIENTED_EDGE('',*,*,#1706,.F.);
#2376=ORIENTED_EDGE('',*,*,#1715,.F.);
#2377=ORIENTED_EDGE('',*,*,#1716,.T.);
#2378=ORIENTED_EDGE('',*,*,#1717,.F.);
#2379=ORIENTED_EDGE('',*,*,#1718,.F.);
#2380=ORIENTED_EDGE('',*,*,#1719,.F.);
#2381=ORIENTED_EDGE('',*,*,#1720,.T.);
#2382=ORIENTED_EDGE('',*,*,#1719,.T.);
#2383=ORIENTED_EDGE('',*,*,#1721,.F.);
#2384=ORIENTED_EDGE('',*,*,#1722,.F.);
#2385=ORIENTED_EDGE('',*,*,#1723,.T.);
#2386=ORIENTED_EDGE('',*,*,#1722,.T.);
#2387=ORIENTED_EDGE('',*,*,#1724,.F.);
#2388=ORIENTED_EDGE('',*,*,#1700,.F.);
#2389=ORIENTED_EDGE('',*,*,#1725,.F.);
#2390=ORIENTED_EDGE('',*,*,#1698,.F.);
#2391=ORIENTED_EDGE('',*,*,#1708,.F.);
#2392=ORIENTED_EDGE('',*,*,#1712,.F.);
#2393=ORIENTED_EDGE('',*,*,#1725,.T.);
#2394=ORIENTED_EDGE('',*,*,#1711,.T.);
#2395=ORIENTED_EDGE('',*,*,#1714,.F.);
#2396=ORIENTED_EDGE('',*,*,#1726,.F.);
#2397=ORIENTED_EDGE('',*,*,#1716,.F.);
#2398=ORIENTED_EDGE('',*,*,#1720,.F.);
#2399=ORIENTED_EDGE('',*,*,#1723,.F.);
#2400=ORIENTED_EDGE('',*,*,#1699,.F.);
#2401=ORIENTED_EDGE('',*,*,#1718,.T.);
#2402=ORIENTED_EDGE('',*,*,#1727,.F.);
#2403=ORIENTED_EDGE('',*,*,#1728,.F.);
#2404=ORIENTED_EDGE('',*,*,#1701,.F.);
#2405=ORIENTED_EDGE('',*,*,#1724,.T.);
#2406=ORIENTED_EDGE('',*,*,#1721,.T.);
#2407=ORIENTED_EDGE('',*,*,#1729,.T.);
#2408=ORIENTED_EDGE('',*,*,#1709,.T.);
#2409=ORIENTED_EDGE('',*,*,#1703,.T.);
#2410=ORIENTED_EDGE('',*,*,#1673,.F.);
#2411=ORIENTED_EDGE('',*,*,#1691,.T.);
#2412=ORIENTED_EDGE('',*,*,#1710,.T.);
#2413=ORIENTED_EDGE('',*,*,#1729,.F.);
#2414=ORIENTED_EDGE('',*,*,#1672,.F.);
#2415=ORIENTED_EDGE('',*,*,#1730,.T.);
#2416=ORIENTED_EDGE('',*,*,#1727,.T.);
#2417=ORIENTED_EDGE('',*,*,#1717,.T.);
#2418=ORIENTED_EDGE('',*,*,#1726,.T.);
#2419=ORIENTED_EDGE('',*,*,#1715,.T.);
#2420=ORIENTED_EDGE('',*,*,#1705,.T.);
#2421=ORIENTED_EDGE('',*,*,#1693,.T.);
#2422=ORIENTED_EDGE('',*,*,#1696,.T.);
#2423=ORIENTED_EDGE('',*,*,#1702,.T.);
#2424=ORIENTED_EDGE('',*,*,#1728,.T.);
#2425=ORIENTED_EDGE('',*,*,#1730,.F.);
#2426=ORIENTED_EDGE('',*,*,#1671,.F.);
#2427=ORIENTED_EDGE('',*,*,#1731,.T.);
#2428=ORIENTED_EDGE('',*,*,#1732,.T.);
#2429=ORIENTED_EDGE('',*,*,#1733,.F.);
#2430=ORIENTED_EDGE('',*,*,#1734,.F.);
#2431=ORIENTED_EDGE('',*,*,#1735,.T.);
#2432=ORIENTED_EDGE('',*,*,#1734,.T.);
#2433=ORIENTED_EDGE('',*,*,#1736,.F.);
#2434=ORIENTED_EDGE('',*,*,#1737,.F.);
#2435=ORIENTED_EDGE('',*,*,#1738,.T.);
#2436=ORIENTED_EDGE('',*,*,#1737,.T.);
#2437=ORIENTED_EDGE('',*,*,#1739,.F.);
#2438=ORIENTED_EDGE('',*,*,#1740,.F.);
#2439=ORIENTED_EDGE('',*,*,#1741,.T.);
#2440=ORIENTED_EDGE('',*,*,#1740,.T.);
#2441=ORIENTED_EDGE('',*,*,#1742,.F.);
#2442=ORIENTED_EDGE('',*,*,#1732,.F.);
#2443=ORIENTED_EDGE('',*,*,#1742,.T.);
#2444=ORIENTED_EDGE('',*,*,#1739,.T.);
#2445=ORIENTED_EDGE('',*,*,#1736,.T.);
#2446=ORIENTED_EDGE('',*,*,#1733,.T.);
#2447=ORIENTED_EDGE('',*,*,#1659,.T.);
#2448=ORIENTED_EDGE('',*,*,#1663,.T.);
#2449=ORIENTED_EDGE('',*,*,#1666,.T.);
#2450=ORIENTED_EDGE('',*,*,#1669,.T.);
#2451=ORIENTED_EDGE('',*,*,#1741,.F.);
#2452=ORIENTED_EDGE('',*,*,#1731,.F.);
#2453=ORIENTED_EDGE('',*,*,#1735,.F.);
#2454=ORIENTED_EDGE('',*,*,#1738,.F.);
#2455=ORIENTED_EDGE('',*,*,#1743,.F.);
#2456=ORIENTED_EDGE('',*,*,#1744,.T.);
#2457=ORIENTED_EDGE('',*,*,#1745,.T.);
#2458=ORIENTED_EDGE('',*,*,#1744,.F.);
#2459=ORIENTED_EDGE('',*,*,#1743,.T.);
#2460=ORIENTED_EDGE('',*,*,#1745,.F.);
#2461=ORIENTED_EDGE('',*,*,#1746,.F.);
#2462=ORIENTED_EDGE('',*,*,#1747,.T.);
#2463=ORIENTED_EDGE('',*,*,#1748,.T.);
#2464=ORIENTED_EDGE('',*,*,#1747,.F.);
#2465=ORIENTED_EDGE('',*,*,#1746,.T.);
#2466=ORIENTED_EDGE('',*,*,#1748,.F.);
#2467=ORIENTED_EDGE('',*,*,#1749,.F.);
#2468=ORIENTED_EDGE('',*,*,#1750,.T.);
#2469=ORIENTED_EDGE('',*,*,#1751,.T.);
#2470=ORIENTED_EDGE('',*,*,#1750,.F.);
#2471=ORIENTED_EDGE('',*,*,#1749,.T.);
#2472=ORIENTED_EDGE('',*,*,#1751,.F.);
#2473=ORIENTED_EDGE('',*,*,#1752,.F.);
#2474=ORIENTED_EDGE('',*,*,#1753,.T.);
#2475=ORIENTED_EDGE('',*,*,#1754,.T.);
#2476=ORIENTED_EDGE('',*,*,#1753,.F.);
#2477=ORIENTED_EDGE('',*,*,#1752,.T.);
#2478=ORIENTED_EDGE('',*,*,#1754,.F.);
#2479=ORIENTED_EDGE('',*,*,#1755,.F.);
#2480=ORIENTED_EDGE('',*,*,#1756,.T.);
#2481=ORIENTED_EDGE('',*,*,#1757,.F.);
#2482=ORIENTED_EDGE('',*,*,#1758,.F.);
#2483=ORIENTED_EDGE('',*,*,#1759,.F.);
#2484=ORIENTED_EDGE('',*,*,#1758,.T.);
#2485=ORIENTED_EDGE('',*,*,#1760,.F.);
#2486=ORIENTED_EDGE('',*,*,#1761,.F.);
#2487=ORIENTED_EDGE('',*,*,#1760,.T.);
#2488=ORIENTED_EDGE('',*,*,#1757,.T.);
#2489=ORIENTED_EDGE('',*,*,#1762,.T.);
#2490=ORIENTED_EDGE('',*,*,#1763,.T.);
#2491=ORIENTED_EDGE('',*,*,#1764,.F.);
#2492=ORIENTED_EDGE('',*,*,#1765,.F.);
#2493=ORIENTED_EDGE('',*,*,#1766,.F.);
#2494=ORIENTED_EDGE('',*,*,#1767,.T.);
#2495=ORIENTED_EDGE('',*,*,#1762,.F.);
#2496=ORIENTED_EDGE('',*,*,#1756,.F.);
#2497=ORIENTED_EDGE('',*,*,#1755,.T.);
#2498=ORIENTED_EDGE('',*,*,#1759,.T.);
#2499=ORIENTED_EDGE('',*,*,#1768,.T.);
#2500=ORIENTED_EDGE('',*,*,#1769,.T.);
#2501=ORIENTED_EDGE('',*,*,#1770,.T.);
#2502=ORIENTED_EDGE('',*,*,#1771,.T.);
#2503=ORIENTED_EDGE('',*,*,#1772,.T.);
#2504=ORIENTED_EDGE('',*,*,#1764,.T.);
#2505=ORIENTED_EDGE('',*,*,#1773,.T.);
#2506=ORIENTED_EDGE('',*,*,#1774,.T.);
#2507=ORIENTED_EDGE('',*,*,#1775,.F.);
#2508=ORIENTED_EDGE('',*,*,#1776,.T.);
#2509=ORIENTED_EDGE('',*,*,#1774,.F.);
#2510=ORIENTED_EDGE('',*,*,#1776,.F.);
#2511=ORIENTED_EDGE('',*,*,#1775,.T.);
#2512=ORIENTED_EDGE('',*,*,#1769,.F.);
#2513=ORIENTED_EDGE('',*,*,#1777,.T.);
#2514=ORIENTED_EDGE('',*,*,#1778,.F.);
#2515=ORIENTED_EDGE('',*,*,#1779,.F.);
#2516=ORIENTED_EDGE('',*,*,#1770,.F.);
#2517=ORIENTED_EDGE('',*,*,#1779,.T.);
#2518=ORIENTED_EDGE('',*,*,#1780,.F.);
#2519=ORIENTED_EDGE('',*,*,#1781,.F.);
#2520=ORIENTED_EDGE('',*,*,#1782,.T.);
#2521=ORIENTED_EDGE('',*,*,#1780,.T.);
#2522=ORIENTED_EDGE('',*,*,#1778,.T.);
#2523=ORIENTED_EDGE('',*,*,#1783,.T.);
#2524=ORIENTED_EDGE('',*,*,#1784,.F.);
#2525=ORIENTED_EDGE('',*,*,#1785,.T.);
#2526=ORIENTED_EDGE('',*,*,#1783,.F.);
#2527=ORIENTED_EDGE('',*,*,#1777,.F.);
#2528=ORIENTED_EDGE('',*,*,#1768,.F.);
#2529=ORIENTED_EDGE('',*,*,#1761,.T.);
#2530=ORIENTED_EDGE('',*,*,#1763,.F.);
#2531=ORIENTED_EDGE('',*,*,#1767,.F.);
#2532=ORIENTED_EDGE('',*,*,#1786,.F.);
#2533=ORIENTED_EDGE('',*,*,#1787,.T.);
#2534=ORIENTED_EDGE('',*,*,#1773,.F.);
#2535=ORIENTED_EDGE('',*,*,#1787,.F.);
#2536=ORIENTED_EDGE('',*,*,#1786,.T.);
#2537=ORIENTED_EDGE('',*,*,#1788,.F.);
#2538=ORIENTED_EDGE('',*,*,#1765,.T.);
#2539=ORIENTED_EDGE('',*,*,#1772,.F.);
#2540=ORIENTED_EDGE('',*,*,#1789,.F.);
#2541=ORIENTED_EDGE('',*,*,#1790,.F.);
#2542=ORIENTED_EDGE('',*,*,#1789,.T.);
#2543=ORIENTED_EDGE('',*,*,#1771,.F.);
#2544=ORIENTED_EDGE('',*,*,#1781,.T.);
#2545=ORIENTED_EDGE('',*,*,#1782,.F.);
#2546=ORIENTED_EDGE('',*,*,#1785,.F.);
#2547=ORIENTED_EDGE('',*,*,#1766,.T.);
#2548=ORIENTED_EDGE('',*,*,#1788,.T.);
#2549=ORIENTED_EDGE('',*,*,#1790,.T.);
#2550=ORIENTED_EDGE('',*,*,#1784,.T.);
#2551=ORIENTED_EDGE('',*,*,#1791,.F.);
#2552=ORIENTED_EDGE('',*,*,#1792,.T.);
#2553=ORIENTED_EDGE('',*,*,#1793,.F.);
#2554=ORIENTED_EDGE('',*,*,#1794,.F.);
#2555=ORIENTED_EDGE('',*,*,#1795,.T.);
#2556=ORIENTED_EDGE('',*,*,#1793,.T.);
#2557=ORIENTED_EDGE('',*,*,#1796,.T.);
#2558=ORIENTED_EDGE('',*,*,#1797,.F.);
#2559=ORIENTED_EDGE('',*,*,#1798,.T.);
#2560=ORIENTED_EDGE('',*,*,#1799,.T.);
#2561=ORIENTED_EDGE('',*,*,#1800,.F.);
#2562=ORIENTED_EDGE('',*,*,#1801,.F.);
#2563=ORIENTED_EDGE('',*,*,#1802,.F.);
#2564=ORIENTED_EDGE('',*,*,#1803,.T.);
#2565=ORIENTED_EDGE('',*,*,#1800,.T.);
#2566=ORIENTED_EDGE('',*,*,#1804,.T.);
#2567=ORIENTED_EDGE('',*,*,#1802,.T.);
#2568=ORIENTED_EDGE('',*,*,#1805,.T.);
#2569=ORIENTED_EDGE('',*,*,#1806,.F.);
#2570=ORIENTED_EDGE('',*,*,#1807,.F.);
#2571=ORIENTED_EDGE('',*,*,#1808,.F.);
#2572=ORIENTED_EDGE('',*,*,#1801,.T.);
#2573=ORIENTED_EDGE('',*,*,#1803,.F.);
#2574=ORIENTED_EDGE('',*,*,#1807,.T.);
#2575=ORIENTED_EDGE('',*,*,#1809,.F.);
#2576=ORIENTED_EDGE('',*,*,#1810,.F.);
#2577=ORIENTED_EDGE('',*,*,#1796,.F.);
#2578=ORIENTED_EDGE('',*,*,#1792,.F.);
#2579=ORIENTED_EDGE('',*,*,#1811,.F.);
#2580=ORIENTED_EDGE('',*,*,#1812,.T.);
#2581=ORIENTED_EDGE('',*,*,#1813,.F.);
#2582=ORIENTED_EDGE('',*,*,#1814,.F.);
#2583=ORIENTED_EDGE('',*,*,#1815,.F.);
#2584=ORIENTED_EDGE('',*,*,#1814,.T.);
#2585=ORIENTED_EDGE('',*,*,#1816,.F.);
#2586=ORIENTED_EDGE('',*,*,#1817,.F.);
#2587=ORIENTED_EDGE('',*,*,#1818,.F.);
#2588=ORIENTED_EDGE('',*,*,#1817,.T.);
#2589=ORIENTED_EDGE('',*,*,#1819,.F.);
#2590=ORIENTED_EDGE('',*,*,#1820,.F.);
#2591=ORIENTED_EDGE('',*,*,#1821,.F.);
#2592=ORIENTED_EDGE('',*,*,#1820,.T.);
#2593=ORIENTED_EDGE('',*,*,#1822,.F.);
#2594=ORIENTED_EDGE('',*,*,#1823,.F.);
#2595=ORIENTED_EDGE('',*,*,#1824,.F.);
#2596=ORIENTED_EDGE('',*,*,#1823,.T.);
#2597=ORIENTED_EDGE('',*,*,#1825,.F.);
#2598=ORIENTED_EDGE('',*,*,#1826,.F.);
#2599=ORIENTED_EDGE('',*,*,#1827,.F.);
#2600=ORIENTED_EDGE('',*,*,#1826,.T.);
#2601=ORIENTED_EDGE('',*,*,#1828,.F.);
#2602=ORIENTED_EDGE('',*,*,#1829,.F.);
#2603=ORIENTED_EDGE('',*,*,#1830,.F.);
#2604=ORIENTED_EDGE('',*,*,#1829,.T.);
#2605=ORIENTED_EDGE('',*,*,#1831,.F.);
#2606=ORIENTED_EDGE('',*,*,#1832,.F.);
#2607=ORIENTED_EDGE('',*,*,#1833,.F.);
#2608=ORIENTED_EDGE('',*,*,#1794,.T.);
#2609=ORIENTED_EDGE('',*,*,#1795,.F.);
#2610=ORIENTED_EDGE('',*,*,#1834,.T.);
#2611=ORIENTED_EDGE('',*,*,#1835,.F.);
#2612=ORIENTED_EDGE('',*,*,#1805,.F.);
#2613=ORIENTED_EDGE('',*,*,#1804,.F.);
#2614=ORIENTED_EDGE('',*,*,#1799,.F.);
#2615=ORIENTED_EDGE('',*,*,#1835,.T.);
#2616=ORIENTED_EDGE('',*,*,#1836,.T.);
#2617=ORIENTED_EDGE('',*,*,#1831,.T.);
#2618=ORIENTED_EDGE('',*,*,#1828,.T.);
#2619=ORIENTED_EDGE('',*,*,#1825,.T.);
#2620=ORIENTED_EDGE('',*,*,#1822,.T.);
#2621=ORIENTED_EDGE('',*,*,#1819,.T.);
#2622=ORIENTED_EDGE('',*,*,#1816,.T.);
#2623=ORIENTED_EDGE('',*,*,#1813,.T.);
#2624=ORIENTED_EDGE('',*,*,#1837,.T.);
#2625=ORIENTED_EDGE('',*,*,#1809,.T.);
#2626=ORIENTED_EDGE('',*,*,#1806,.T.);
#2627=ORIENTED_EDGE('',*,*,#1797,.T.);
#2628=ORIENTED_EDGE('',*,*,#1810,.T.);
#2629=ORIENTED_EDGE('',*,*,#1837,.F.);
#2630=ORIENTED_EDGE('',*,*,#1812,.F.);
#2631=ORIENTED_EDGE('',*,*,#1838,.F.);
#2632=ORIENTED_EDGE('',*,*,#1832,.T.);
#2633=ORIENTED_EDGE('',*,*,#1836,.F.);
#2634=ORIENTED_EDGE('',*,*,#1834,.F.);
#2635=ORIENTED_EDGE('',*,*,#1838,.T.);
#2636=ORIENTED_EDGE('',*,*,#1811,.T.);
#2637=ORIENTED_EDGE('',*,*,#1815,.T.);
#2638=ORIENTED_EDGE('',*,*,#1818,.T.);
#2639=ORIENTED_EDGE('',*,*,#1821,.T.);
#2640=ORIENTED_EDGE('',*,*,#1824,.T.);
#2641=ORIENTED_EDGE('',*,*,#1827,.T.);
#2642=ORIENTED_EDGE('',*,*,#1830,.T.);
#2643=ORIENTED_EDGE('',*,*,#1833,.T.);
#2644=ORIENTED_EDGE('',*,*,#1798,.F.);
#2645=ORIENTED_EDGE('',*,*,#1808,.T.);
#2646=ORIENTED_EDGE('',*,*,#1791,.T.);
#2647=PLANE('',#2966);
#2648=PLANE('',#2967);
#2649=PLANE('',#2968);
#2650=PLANE('',#2969);
#2651=PLANE('',#2971);
#2652=PLANE('',#2972);
#2653=PLANE('',#2973);
#2654=PLANE('',#2974);
#2655=PLANE('',#2975);
#2656=PLANE('',#2976);
#2657=PLANE('',#2977);
#2658=PLANE('',#2978);
#2659=PLANE('',#2979);
#2660=PLANE('',#2980);
#2661=PLANE('',#2981);
#2662=PLANE('',#2982);
#2663=PLANE('',#2983);
#2664=PLANE('',#2984);
#2665=PLANE('',#2985);
#2666=PLANE('',#2986);
#2667=PLANE('',#2987);
#2668=PLANE('',#2988);
#2669=PLANE('',#2989);
#2670=PLANE('',#2990);
#2671=PLANE('',#2991);
#2672=PLANE('',#2992);
#2673=PLANE('',#2993);
#2674=PLANE('',#2994);
#2675=PLANE('',#2995);
#2676=PLANE('',#2996);
#2677=PLANE('',#2997);
#2678=PLANE('',#2998);
#2679=PLANE('',#2999);
#2680=PLANE('',#3000);
#2681=PLANE('',#3001);
#2682=PLANE('',#3004);
#2683=PLANE('',#3005);
#2684=PLANE('',#3008);
#2685=PLANE('',#3009);
#2686=PLANE('',#3010);
#2687=PLANE('',#3011);
#2688=PLANE('',#3016);
#2689=PLANE('',#3017);
#2690=PLANE('',#3018);
#2691=PLANE('',#3019);
#2692=PLANE('',#3020);
#2693=PLANE('',#3021);
#2694=PLANE('',#3022);
#2695=PLANE('',#3023);
#2696=PLANE('',#3024);
#2697=PLANE('',#3025);
#2698=PLANE('',#3026);
#2699=PLANE('',#3027);
#2700=PLANE('',#3028);
#2701=PLANE('',#3029);
#2702=PLANE('',#3030);
#2703=PLANE('',#3031);
#2704=PLANE('',#3032);
#2705=PLANE('',#3033);
#2706=PLANE('',#3034);
#2707=PLANE('',#3035);
#2708=PLANE('',#3036);
#2709=PLANE('',#3037);
#2710=PLANE('',#3038);
#2711=PLANE('',#3039);
#2712=PLANE('',#3040);
#2713=PLANE('',#3041);
#2714=PLANE('',#3042);
#2715=PLANE('',#3043);
#2716=PLANE('',#3044);
#2717=PLANE('',#3045);
#2718=PLANE('',#3046);
#2719=PLANE('',#3047);
#2720=PLANE('',#3048);
#2721=PLANE('',#3049);
#2722=PLANE('',#3050);
#2723=PLANE('',#3051);
#2724=PLANE('',#3052);
#2725=PLANE('',#3053);
#2726=PLANE('',#3054);
#2727=PLANE('',#3055);
#2728=PLANE('',#3056);
#2729=PLANE('',#3057);
#2730=PLANE('',#3058);
#2731=PLANE('',#3059);
#2732=PLANE('',#3060);
#2733=PLANE('',#3061);
#2734=PLANE('',#3062);
#2735=PLANE('',#3063);
#2736=PLANE('',#3064);
#2737=PLANE('',#3065);
#2738=PLANE('',#3066);
#2739=PLANE('',#3067);
#2740=PLANE('',#3068);
#2741=PLANE('',#3069);
#2742=PLANE('',#3070);
#2743=PLANE('',#3071);
#2744=PLANE('',#3072);
#2745=PLANE('',#3073);
#2746=PLANE('',#3074);
#2747=PLANE('',#3075);
#2748=PLANE('',#3076);
#2749=PLANE('',#3077);
#2750=PLANE('',#3078);
#2751=PLANE('',#3079);
#2752=PLANE('',#3083);
#2753=PLANE('',#3084);
#2754=PLANE('',#3088);
#2755=PLANE('',#3089);
#2756=PLANE('',#3093);
#2757=PLANE('',#3094);
#2758=PLANE('',#3098);
#2759=PLANE('',#3099);
#2760=PLANE('',#3100);
#2761=PLANE('',#3101);
#2762=PLANE('',#3102);
#2763=PLANE('',#3103);
#2764=PLANE('',#3104);
#2765=PLANE('',#3109);
#2766=PLANE('',#3110);
#2767=PLANE('',#3111);
#2768=PLANE('',#3112);
#2769=PLANE('',#3113);
#2770=PLANE('',#3116);
#2771=PLANE('',#3117);
#2772=PLANE('',#3118);
#2773=PLANE('',#3119);
#2774=PLANE('',#3120);
#2775=PLANE('',#3121);
#2776=PLANE('',#3122);
#2777=PLANE('',#3123);
#2778=PLANE('',#3124);
#2779=PLANE('',#3125);
#2780=PLANE('',#3126);
#2781=PLANE('',#3127);
#2782=PLANE('',#3128);
#2783=PLANE('',#3129);
#2784=PLANE('',#3130);
#2785=PLANE('',#3131);
#2786=PLANE('',#3132);
#2787=PLANE('',#3133);
#2788=PLANE('',#3134);
#2789=PLANE('',#3135);
#2790=PLANE('',#3136);
#2791=PLANE('',#3137);
#2792=ADVANCED_FACE('',(#74),#2647,.F.);
#2793=ADVANCED_FACE('',(#75),#2648,.F.);
#2794=ADVANCED_FACE('',(#76),#2649,.F.);
#2795=ADVANCED_FACE('',(#77,#37,#38,#39,#40,#41,#42),#2650,.F.);
#2796=ADVANCED_FACE('',(#78),#2651,.F.);
#2797=ADVANCED_FACE('',(#79),#2652,.F.);
#2798=ADVANCED_FACE('',(#80),#2653,.T.);
#2799=ADVANCED_FACE('',(#81),#2654,.F.);
#2800=ADVANCED_FACE('',(#82),#2655,.F.);
#2801=ADVANCED_FACE('',(#83),#2656,.F.);
#2802=ADVANCED_FACE('',(#84),#2657,.T.);
#2803=ADVANCED_FACE('',(#85),#2658,.F.);
#2804=ADVANCED_FACE('',(#86),#2659,.F.);
#2805=ADVANCED_FACE('',(#87),#2660,.T.);
#2806=ADVANCED_FACE('',(#88),#2661,.T.);
#2807=ADVANCED_FACE('',(#89),#2662,.F.);
#2808=ADVANCED_FACE('',(#90),#2663,.F.);
#2809=ADVANCED_FACE('',(#91),#2664,.F.);
#2810=ADVANCED_FACE('',(#92),#2665,.F.);
#2811=ADVANCED_FACE('',(#93),#2666,.T.);
#2812=ADVANCED_FACE('',(#94),#2667,.T.);
#2813=ADVANCED_FACE('',(#95,#43),#2668,.T.);
#2814=ADVANCED_FACE('',(#96),#2669,.T.);
#2815=ADVANCED_FACE('',(#97),#2670,.T.);
#2816=ADVANCED_FACE('',(#98),#2671,.T.);
#2817=ADVANCED_FACE('',(#99),#2672,.T.);
#2818=ADVANCED_FACE('',(#100),#2673,.T.);
#2819=ADVANCED_FACE('',(#101),#2674,.T.);
#2820=ADVANCED_FACE('',(#102),#2675,.T.);
#2821=ADVANCED_FACE('',(#103),#2676,.T.);
#2822=ADVANCED_FACE('',(#104),#2677,.F.);
#2823=ADVANCED_FACE('',(#105),#2678,.T.);
#2824=ADVANCED_FACE('',(#106),#2679,.T.);
#2825=ADVANCED_FACE('',(#107),#2680,.T.);
#2826=ADVANCED_FACE('',(#108),#2681,.T.);
#2827=ADVANCED_FACE('',(#109),#2682,.T.);
#2828=ADVANCED_FACE('',(#110),#2683,.T.);
#2829=ADVANCED_FACE('',(#111),#36,.F.);
#2830=ADVANCED_FACE('',(#112),#2684,.T.);
#2831=ADVANCED_FACE('',(#113),#2685,.T.);
#2832=ADVANCED_FACE('',(#114),#2686,.T.);
#2833=ADVANCED_FACE('',(#115),#2687,.T.);
#2834=ADVANCED_FACE('',(#116),#29,.F.);
#2835=ADVANCED_FACE('',(#117),#2688,.F.);
#2836=ADVANCED_FACE('',(#118),#2689,.F.);
#2837=ADVANCED_FACE('',(#119),#2690,.F.);
#2838=ADVANCED_FACE('',(#120),#2691,.T.);
#2839=ADVANCED_FACE('',(#121,#44),#2692,.T.);
#2840=ADVANCED_FACE('',(#122),#2693,.T.);
#2841=ADVANCED_FACE('',(#123),#2694,.T.);
#2842=ADVANCED_FACE('',(#124),#2695,.T.);
#2843=ADVANCED_FACE('',(#125),#2696,.T.);
#2844=ADVANCED_FACE('',(#126),#2697,.F.);
#2845=ADVANCED_FACE('',(#127),#2698,.F.);
#2846=ADVANCED_FACE('',(#128),#2699,.F.);
#2847=ADVANCED_FACE('',(#129),#2700,.F.);
#2848=ADVANCED_FACE('',(#130),#2701,.F.);
#2849=ADVANCED_FACE('',(#131),#2702,.F.);
#2850=ADVANCED_FACE('',(#132),#2703,.F.);
#2851=ADVANCED_FACE('',(#133),#2704,.F.);
#2852=ADVANCED_FACE('',(#134),#2705,.F.);
#2853=ADVANCED_FACE('',(#135),#2706,.F.);
#2854=ADVANCED_FACE('',(#136),#2707,.F.);
#2855=ADVANCED_FACE('',(#137),#2708,.F.);
#2856=ADVANCED_FACE('',(#138),#2709,.F.);
#2857=ADVANCED_FACE('',(#139),#2710,.F.);
#2858=ADVANCED_FACE('',(#140),#2711,.F.);
#2859=ADVANCED_FACE('',(#141),#2712,.F.);
#2860=ADVANCED_FACE('',(#142),#2713,.F.);
#2861=ADVANCED_FACE('',(#143),#2714,.F.);
#2862=ADVANCED_FACE('',(#144),#2715,.F.);
#2863=ADVANCED_FACE('',(#145),#2716,.T.);
#2864=ADVANCED_FACE('',(#146),#2717,.T.);
#2865=ADVANCED_FACE('',(#147),#2718,.T.);
#2866=ADVANCED_FACE('',(#148,#45,#46,#47,#48,#49,#50),#2719,.T.);
#2867=ADVANCED_FACE('',(#149),#2720,.T.);
#2868=ADVANCED_FACE('',(#150),#2721,.T.);
#2869=ADVANCED_FACE('',(#151),#2722,.T.);
#2870=ADVANCED_FACE('',(#152),#2723,.T.);
#2871=ADVANCED_FACE('',(#153,#51),#2724,.T.);
#2872=ADVANCED_FACE('',(#154),#2725,.T.);
#2873=ADVANCED_FACE('',(#155),#2726,.T.);
#2874=ADVANCED_FACE('',(#156),#2727,.T.);
#2875=ADVANCED_FACE('',(#157),#2728,.T.);
#2876=ADVANCED_FACE('',(#158),#2729,.T.);
#2877=ADVANCED_FACE('',(#159),#2730,.T.);
#2878=ADVANCED_FACE('',(#160),#2731,.T.);
#2879=ADVANCED_FACE('',(#161),#2732,.F.);
#2880=ADVANCED_FACE('',(#162),#2733,.F.);
#2881=ADVANCED_FACE('',(#163),#2734,.F.);
#2882=ADVANCED_FACE('',(#164),#2735,.T.);
#2883=ADVANCED_FACE('',(#165),#2736,.T.);
#2884=ADVANCED_FACE('',(#166),#2737,.T.);
#2885=ADVANCED_FACE('',(#167),#2738,.T.);
#2886=ADVANCED_FACE('',(#168),#2739,.T.);
#2887=ADVANCED_FACE('',(#169),#2740,.T.);
#2888=ADVANCED_FACE('',(#170),#2741,.T.);
#2889=ADVANCED_FACE('',(#171),#2742,.F.);
#2890=ADVANCED_FACE('',(#172),#2743,.F.);
#2891=ADVANCED_FACE('',(#173),#2744,.F.);
#2892=ADVANCED_FACE('',(#174),#2745,.F.);
#2893=ADVANCED_FACE('',(#175),#2746,.T.);
#2894=ADVANCED_FACE('',(#176),#2747,.T.);
#2895=ADVANCED_FACE('',(#177),#2748,.T.);
#2896=ADVANCED_FACE('',(#178),#2749,.T.);
#2897=ADVANCED_FACE('',(#179,#52),#2750,.T.);
#2898=ADVANCED_FACE('',(#180),#2751,.F.);
#2899=ADVANCED_FACE('',(#181),#30,.T.);
#2900=ADVANCED_FACE('',(#182),#2752,.T.);
#2901=ADVANCED_FACE('',(#183),#2753,.F.);
#2902=ADVANCED_FACE('',(#184),#31,.T.);
#2903=ADVANCED_FACE('',(#185),#2754,.T.);
#2904=ADVANCED_FACE('',(#186),#2755,.F.);
#2905=ADVANCED_FACE('',(#187),#32,.T.);
#2906=ADVANCED_FACE('',(#188),#2756,.T.);
#2907=ADVANCED_FACE('',(#189),#2757,.F.);
#2908=ADVANCED_FACE('',(#190),#33,.T.);
#2909=ADVANCED_FACE('',(#191),#2758,.T.);
#2910=ADVANCED_FACE('',(#192),#2759,.F.);
#2911=ADVANCED_FACE('',(#193),#2760,.T.);
#2912=ADVANCED_FACE('',(#194),#2761,.T.);
#2913=ADVANCED_FACE('',(#195),#2762,.T.);
#2914=ADVANCED_FACE('',(#196),#2763,.T.);
#2915=ADVANCED_FACE('',(#197,#53,#54),#2764,.T.);
#2916=ADVANCED_FACE('',(#198),#34,.T.);
#2917=ADVANCED_FACE('',(#199),#2765,.T.);
#2918=ADVANCED_FACE('',(#200),#2766,.T.);
#2919=ADVANCED_FACE('',(#201),#2767,.T.);
#2920=ADVANCED_FACE('',(#202),#2768,.T.);
#2921=ADVANCED_FACE('',(#203),#2769,.T.);
#2922=ADVANCED_FACE('',(#204),#35,.T.);
#2923=ADVANCED_FACE('',(#205),#2770,.T.);
#2924=ADVANCED_FACE('',(#206),#2771,.T.);
#2925=ADVANCED_FACE('',(#207),#2772,.T.);
#2926=ADVANCED_FACE('',(#208),#2773,.F.);
#2927=ADVANCED_FACE('',(#209),#2774,.T.);
#2928=ADVANCED_FACE('',(#210),#2775,.T.);
#2929=ADVANCED_FACE('',(#211),#2776,.T.);
#2930=ADVANCED_FACE('',(#212),#2777,.T.);
#2931=ADVANCED_FACE('',(#213),#2778,.T.);
#2932=ADVANCED_FACE('',(#214),#2779,.T.);
#2933=ADVANCED_FACE('',(#215),#2780,.T.);
#2934=ADVANCED_FACE('',(#216),#2781,.T.);
#2935=ADVANCED_FACE('',(#217),#2782,.T.);
#2936=ADVANCED_FACE('',(#218),#2783,.T.);
#2937=ADVANCED_FACE('',(#219),#2784,.T.);
#2938=ADVANCED_FACE('',(#220),#2785,.T.);
#2939=ADVANCED_FACE('',(#221),#2786,.T.);
#2940=ADVANCED_FACE('',(#222),#2787,.T.);
#2941=ADVANCED_FACE('',(#223),#2788,.T.);
#2942=ADVANCED_FACE('',(#224),#2789,.T.);
#2943=ADVANCED_FACE('',(#225),#2790,.T.);
#2944=ADVANCED_FACE('',(#226),#2791,.F.);
#2945=CLOSED_SHELL('',(#2792,#2793,#2794,#2795,#2796,#2797,#2798,#2799,
#2800,#2801,#2802,#2803,#2804,#2805,#2806,#2807,#2808,#2809,#2810,#2811,
#2812,#2813,#2814,#2815,#2816,#2817,#2818,#2819,#2820,#2821,#2822,#2823,
#2824,#2825,#2826,#2827,#2828,#2829,#2830,#2831,#2832,#2833,#2834,#2835,
#2836,#2837,#2838,#2839,#2840,#2841,#2842,#2843,#2844,#2845,#2846,#2847,
#2848,#2849,#2850,#2851,#2852,#2853,#2854,#2855,#2856,#2857,#2858,#2859,
#2860,#2861,#2862,#2863,#2864,#2865,#2866));
#2946=CLOSED_SHELL('',(#2867,#2868,#2869,#2870,#2871,#2872,#2873,#2874,
#2875,#2876,#2877,#2878,#2879,#2880,#2881,#2882,#2883,#2884,#2885,#2886,
#2887,#2888,#2889,#2890,#2891,#2892,#2893,#2894,#2895,#2896,#2897,#2898));
#2947=CLOSED_SHELL('',(#2899,#2900,#2901));
#2948=CLOSED_SHELL('',(#2902,#2903,#2904));
#2949=CLOSED_SHELL('',(#2905,#2906,#2907));
#2950=CLOSED_SHELL('',(#2908,#2909,#2910));
#2951=CLOSED_SHELL('',(#2911,#2912,#2913,#2914,#2915,#2916,#2917,#2918,
#2919,#2920,#2921,#2922,#2923,#2924,#2925,#2926));
#2952=CLOSED_SHELL('',(#2927,#2928,#2929,#2930,#2931,#2932,#2933,#2934,
#2935,#2936,#2937,#2938,#2939,#2940,#2941,#2942,#2943,#2944));
#2953=DERIVED_UNIT_ELEMENT(#2955,1.);
#2954=DERIVED_UNIT_ELEMENT(#4699,-3.);
#2955=(
MASS_UNIT()
NAMED_UNIT(*)
SI_UNIT(.KILO.,.GRAM.)
);
#2956=DERIVED_UNIT((#2953,#2954));
#2957=MEASURE_REPRESENTATION_ITEM('density measure',
POSITIVE_RATIO_MEASURE(7850.),#2956);
#2958=PROPERTY_DEFINITION_REPRESENTATION(#2963,#2960);
#2959=PROPERTY_DEFINITION_REPRESENTATION(#2964,#2961);
#2960=REPRESENTATION('material name',(#2962),#4696);
#2961=REPRESENTATION('density',(#2957),#4696);
#2962=DESCRIPTIVE_REPRESENTATION_ITEM('Steel','Steel');
#2963=PROPERTY_DEFINITION('material property','material name',#4706);
#2964=PROPERTY_DEFINITION('material property','density of part',#4706);
#2965=AXIS2_PLACEMENT_3D('',#3869,#3138,#3139);
#2966=AXIS2_PLACEMENT_3D('',#3870,#3140,#3141);
#2967=AXIS2_PLACEMENT_3D('',#3879,#3146,#3147);
#2968=AXIS2_PLACEMENT_3D('',#3888,#3152,#3153);
#2969=AXIS2_PLACEMENT_3D('',#3895,#3158,#3159);
#2970=AXIS2_PLACEMENT_3D('',#3923,#3173,#3174);
#2971=AXIS2_PLACEMENT_3D('',#3976,#3202,#3203);
#2972=AXIS2_PLACEMENT_3D('',#3982,#3207,#3208);
#2973=AXIS2_PLACEMENT_3D('',#3990,#3213,#3214);
#2974=AXIS2_PLACEMENT_3D('',#4001,#3221,#3222);
#2975=AXIS2_PLACEMENT_3D('',#4005,#3225,#3226);
#2976=AXIS2_PLACEMENT_3D('',#4009,#3229,#3230);
#2977=AXIS2_PLACEMENT_3D('',#4011,#3232,#3233);
#2978=AXIS2_PLACEMENT_3D('',#4017,#3237,#3238);
#2979=AXIS2_PLACEMENT_3D('',#4026,#3243,#3244);
#2980=AXIS2_PLACEMENT_3D('',#4035,#3249,#3250);
#2981=AXIS2_PLACEMENT_3D('',#4038,#3253,#3254);
#2982=AXIS2_PLACEMENT_3D('',#4046,#3259,#3260);
#2983=AXIS2_PLACEMENT_3D('',#4055,#3265,#3266);
#2984=AXIS2_PLACEMENT_3D('',#4058,#3269,#3270);
#2985=AXIS2_PLACEMENT_3D('',#4067,#3275,#3276);
#2986=AXIS2_PLACEMENT_3D('',#4070,#3279,#3280);
#2987=AXIS2_PLACEMENT_3D('',#4076,#3284,#3285);
#2988=AXIS2_PLACEMENT_3D('',#4079,#3288,#3289);
#2989=AXIS2_PLACEMENT_3D('',#4082,#3292,#3293);
#2990=AXIS2_PLACEMENT_3D('',#4086,#3296,#3297);
#2991=AXIS2_PLACEMENT_3D('',#4089,#3300,#3301);
#2992=AXIS2_PLACEMENT_3D('',#4091,#3303,#3304);
#2993=AXIS2_PLACEMENT_3D('',#4093,#3306,#3307);
#2994=AXIS2_PLACEMENT_3D('',#4094,#3308,#3309);
#2995=AXIS2_PLACEMENT_3D('',#4098,#3312,#3313);
#2996=AXIS2_PLACEMENT_3D('',#4118,#3324,#3325);
#2997=AXIS2_PLACEMENT_3D('',#4124,#3329,#3330);
#2998=AXIS2_PLACEMENT_3D('',#4132,#3335,#3336);
#2999=AXIS2_PLACEMENT_3D('',#4135,#3339,#3340);
#3000=AXIS2_PLACEMENT_3D('',#4137,#3342,#3343);
#3001=AXIS2_PLACEMENT_3D('',#4138,#3344,#3345);
#3002=AXIS2_PLACEMENT_3D('',#4140,#3346,#3347);
#3003=AXIS2_PLACEMENT_3D('',#4141,#3348,#3349);
#3004=AXIS2_PLACEMENT_3D('',#4142,#3350,#3351);
#3005=AXIS2_PLACEMENT_3D('',#4148,#3355,#3356);
#3006=AXIS2_PLACEMENT_3D('',#4152,#3359,#3360);
#3007=AXIS2_PLACEMENT_3D('',#4155,#3362,#3363);
#3008=AXIS2_PLACEMENT_3D('',#4156,#3364,#3365);
#3009=AXIS2_PLACEMENT_3D('',#4160,#3368,#3369);
#3010=AXIS2_PLACEMENT_3D('',#4162,#3371,#3372);
#3011=AXIS2_PLACEMENT_3D('',#4178,#3381,#3382);
#3012=AXIS2_PLACEMENT_3D('',#4187,#3388,#3389);
#3013=AXIS2_PLACEMENT_3D('',#4189,#3390,#3391);
#3014=AXIS2_PLACEMENT_3D('',#4193,#3393,#3394);
#3015=AXIS2_PLACEMENT_3D('',#4194,#3395,#3396);
#3016=AXIS2_PLACEMENT_3D('',#4195,#3397,#3398);
#3017=AXIS2_PLACEMENT_3D('',#4200,#3402,#3403);
#3018=AXIS2_PLACEMENT_3D('',#4202,#3405,#3406);
#3019=AXIS2_PLACEMENT_3D('',#4203,#3407,#3408);
#3020=AXIS2_PLACEMENT_3D('',#4211,#3413,#3414);
#3021=AXIS2_PLACEMENT_3D('',#4217,#3418,#3419);
#3022=AXIS2_PLACEMENT_3D('',#4222,#3423,#3424);
#3023=AXIS2_PLACEMENT_3D('',#4223,#3425,#3426);
#3024=AXIS2_PLACEMENT_3D('',#4227,#3429,#3430);
#3025=AXIS2_PLACEMENT_3D('',#4231,#3433,#3434);
#3026=AXIS2_PLACEMENT_3D('',#4237,#3438,#3439);
#3027=AXIS2_PLACEMENT_3D('',#4241,#3442,#3443);
#3028=AXIS2_PLACEMENT_3D('',#4245,#3446,#3447);
#3029=AXIS2_PLACEMENT_3D('',#4247,#3449,#3450);
#3030=AXIS2_PLACEMENT_3D('',#4253,#3454,#3455);
#3031=AXIS2_PLACEMENT_3D('',#4257,#3458,#3459);
#3032=AXIS2_PLACEMENT_3D('',#4261,#3462,#3463);
#3033=AXIS2_PLACEMENT_3D('',#4263,#3465,#3466);
#3034=AXIS2_PLACEMENT_3D('',#4269,#3470,#3471);
#3035=AXIS2_PLACEMENT_3D('',#4273,#3474,#3475);
#3036=AXIS2_PLACEMENT_3D('',#4277,#3478,#3479);
#3037=AXIS2_PLACEMENT_3D('',#4279,#3481,#3482);
#3038=AXIS2_PLACEMENT_3D('',#4285,#3486,#3487);
#3039=AXIS2_PLACEMENT_3D('',#4289,#3490,#3491);
#3040=AXIS2_PLACEMENT_3D('',#4293,#3494,#3495);
#3041=AXIS2_PLACEMENT_3D('',#4295,#3497,#3498);
#3042=AXIS2_PLACEMENT_3D('',#4299,#3501,#3502);
#3043=AXIS2_PLACEMENT_3D('',#4303,#3505,#3506);
#3044=AXIS2_PLACEMENT_3D('',#4305,#3508,#3509);
#3045=AXIS2_PLACEMENT_3D('',#4309,#3512,#3513);
#3046=AXIS2_PLACEMENT_3D('',#4313,#3516,#3517);
#3047=AXIS2_PLACEMENT_3D('',#4315,#3519,#3520);
#3048=AXIS2_PLACEMENT_3D('',#4316,#3521,#3522);
#3049=AXIS2_PLACEMENT_3D('',#4325,#3527,#3528);
#3050=AXIS2_PLACEMENT_3D('',#4331,#3532,#3533);
#3051=AXIS2_PLACEMENT_3D('',#4337,#3537,#3538);
#3052=AXIS2_PLACEMENT_3D('',#4340,#3541,#3542);
#3053=AXIS2_PLACEMENT_3D('',#4349,#3547,#3548);
#3054=AXIS2_PLACEMENT_3D('',#4358,#3553,#3554);
#3055=AXIS2_PLACEMENT_3D('',#4364,#3558,#3559);
#3056=AXIS2_PLACEMENT_3D('',#4373,#3564,#3565);
#3057=AXIS2_PLACEMENT_3D('',#4379,#3569,#3570);
#3058=AXIS2_PLACEMENT_3D('',#4385,#3574,#3575);
#3059=AXIS2_PLACEMENT_3D('',#4391,#3579,#3580);
#3060=AXIS2_PLACEMENT_3D('',#4394,#3583,#3584);
#3061=AXIS2_PLACEMENT_3D('',#4409,#3593,#3594);
#3062=AXIS2_PLACEMENT_3D('',#4417,#3599,#3600);
#3063=AXIS2_PLACEMENT_3D('',#4421,#3603,#3604);
#3064=AXIS2_PLACEMENT_3D('',#4427,#3608,#3609);
#3065=AXIS2_PLACEMENT_3D('',#4431,#3612,#3613);
#3066=AXIS2_PLACEMENT_3D('',#4440,#3618,#3619);
#3067=AXIS2_PLACEMENT_3D('',#4446,#3623,#3624);
#3068=AXIS2_PLACEMENT_3D('',#4449,#3627,#3628);
#3069=AXIS2_PLACEMENT_3D('',#4451,#3630,#3631);
#3070=AXIS2_PLACEMENT_3D('',#4453,#3633,#3634);
#3071=AXIS2_PLACEMENT_3D('',#4457,#3637,#3638);
#3072=AXIS2_PLACEMENT_3D('',#4459,#3640,#3641);
#3073=AXIS2_PLACEMENT_3D('',#4461,#3643,#3644);
#3074=AXIS2_PLACEMENT_3D('',#4462,#3645,#3646);
#3075=AXIS2_PLACEMENT_3D('',#4471,#3651,#3652);
#3076=AXIS2_PLACEMENT_3D('',#4477,#3656,#3657);
#3077=AXIS2_PLACEMENT_3D('',#4483,#3661,#3662);
#3078=AXIS2_PLACEMENT_3D('',#4486,#3665,#3666);
#3079=AXIS2_PLACEMENT_3D('',#4487,#3667,#3668);
#3080=AXIS2_PLACEMENT_3D('',#4488,#3669,#3670);
#3081=AXIS2_PLACEMENT_3D('',#4490,#3671,#3672);
#3082=AXIS2_PLACEMENT_3D('',#4493,#3674,#3675);
#3083=AXIS2_PLACEMENT_3D('',#4494,#3676,#3677);
#3084=AXIS2_PLACEMENT_3D('',#4495,#3678,#3679);
#3085=AXIS2_PLACEMENT_3D('',#4496,#3680,#3681);
#3086=AXIS2_PLACEMENT_3D('',#4498,#3682,#3683);
#3087=AXIS2_PLACEMENT_3D('',#4501,#3685,#3686);
#3088=AXIS2_PLACEMENT_3D('',#4502,#3687,#3688);
#3089=AXIS2_PLACEMENT_3D('',#4503,#3689,#3690);
#3090=AXIS2_PLACEMENT_3D('',#4504,#3691,#3692);
#3091=AXIS2_PLACEMENT_3D('',#4506,#3693,#3694);
#3092=AXIS2_PLACEMENT_3D('',#4509,#3696,#3697);
#3093=AXIS2_PLACEMENT_3D('',#4510,#3698,#3699);
#3094=AXIS2_PLACEMENT_3D('',#4511,#3700,#3701);
#3095=AXIS2_PLACEMENT_3D('',#4512,#3702,#3703);
#3096=AXIS2_PLACEMENT_3D('',#4514,#3704,#3705);
#3097=AXIS2_PLACEMENT_3D('',#4517,#3707,#3708);
#3098=AXIS2_PLACEMENT_3D('',#4518,#3709,#3710);
#3099=AXIS2_PLACEMENT_3D('',#4519,#3711,#3712);
#3100=AXIS2_PLACEMENT_3D('',#4520,#3713,#3714);
#3101=AXIS2_PLACEMENT_3D('',#4529,#3719,#3720);
#3102=AXIS2_PLACEMENT_3D('',#4535,#3724,#3725);
#3103=AXIS2_PLACEMENT_3D('',#4539,#3728,#3729);
#3104=AXIS2_PLACEMENT_3D('',#4547,#3734,#3735);
#3105=AXIS2_PLACEMENT_3D('',#4558,#3741,#3742);
#3106=AXIS2_PLACEMENT_3D('',#4560,#3743,#3744);
#3107=AXIS2_PLACEMENT_3D('',#4561,#3745,#3746);
#3108=AXIS2_PLACEMENT_3D('',#4563,#3747,#3748);
#3109=AXIS2_PLACEMENT_3D('',#4565,#3750,#3751);
#3110=AXIS2_PLACEMENT_3D('',#4566,#3752,#3753);
#3111=AXIS2_PLACEMENT_3D('',#4572,#3757,#3758);
#3112=AXIS2_PLACEMENT_3D('',#4576,#3761,#3762);
#3113=AXIS2_PLACEMENT_3D('',#4580,#3765,#3766);
#3114=AXIS2_PLACEMENT_3D('',#4584,#3769,#3770);
#3115=AXIS2_PLACEMENT_3D('',#4586,#3771,#3772);
#3116=AXIS2_PLACEMENT_3D('',#4588,#3774,#3775);
#3117=AXIS2_PLACEMENT_3D('',#4589,#3776,#3777);
#3118=AXIS2_PLACEMENT_3D('',#4593,#3780,#3781);
#3119=AXIS2_PLACEMENT_3D('',#4595,#3783,#3784);
#3120=AXIS2_PLACEMENT_3D('',#4596,#3785,#3786);
#3121=AXIS2_PLACEMENT_3D('',#4605,#3791,#3792);
#3122=AXIS2_PLACEMENT_3D('',#4611,#3796,#3797);
#3123=AXIS2_PLACEMENT_3D('',#4620,#3802,#3803);
#3124=AXIS2_PLACEMENT_3D('',#4626,#3807,#3808);
#3125=AXIS2_PLACEMENT_3D('',#4632,#3812,#3813);
#3126=AXIS2_PLACEMENT_3D('',#4637,#3817,#3818);
#3127=AXIS2_PLACEMENT_3D('',#4646,#3823,#3824);
#3128=AXIS2_PLACEMENT_3D('',#4652,#3828,#3829);
#3129=AXIS2_PLACEMENT_3D('',#4658,#3833,#3834);
#3130=AXIS2_PLACEMENT_3D('',#4664,#3838,#3839);
#3131=AXIS2_PLACEMENT_3D('',#4670,#3843,#3844);
#3132=AXIS2_PLACEMENT_3D('',#4676,#3848,#3849);
#3133=AXIS2_PLACEMENT_3D('',#4682,#3853,#3854);
#3134=AXIS2_PLACEMENT_3D('',#4687,#3858,#3859);
#3135=AXIS2_PLACEMENT_3D('',#4690,#3862,#3863);
#3136=AXIS2_PLACEMENT_3D('',#4692,#3865,#3866);
#3137=AXIS2_PLACEMENT_3D('',#4693,#3867,#3868);
#3138=DIRECTION('axis',(0.,0.,1.));
#3139=DIRECTION('refdir',(1.,0.,0.));
#3140=DIRECTION('center_axis',(0.,-1.,0.));
#3141=DIRECTION('ref_axis',(-1.,0.,0.));
#3142=DIRECTION('',(1.,0.,0.));
#3143=DIRECTION('',(0.,0.,1.));
#3144=DIRECTION('',(-1.,0.,0.));
#3145=DIRECTION('',(0.,0.,-1.));
#3146=DIRECTION('center_axis',(1.,0.,0.));
#3147=DIRECTION('ref_axis',(0.,-1.,0.));
#3148=DIRECTION('',(0.,0.,-1.));
#3149=DIRECTION('',(0.,-1.,0.));
#3150=DIRECTION('',(0.,0.,1.));
#3151=DIRECTION('',(0.,-1.,0.));
#3152=DIRECTION('center_axis',(0.,0.,-1.));
#3153=DIRECTION('ref_axis',(-1.,0.,0.));
#3154=DIRECTION('',(0.,-1.,0.));
#3155=DIRECTION('',(-1.,0.,0.));
#3156=DIRECTION('',(1.,0.,0.));
#3157=DIRECTION('',(0.,1.,0.));
#3158=DIRECTION('center_axis',(0.,0.,1.));
#3159=DIRECTION('ref_axis',(1.,0.,0.));
#3160=DIRECTION('',(0.,-1.,0.));
#3161=DIRECTION('',(-1.,0.,0.));
#3162=DIRECTION('',(0.,1.,0.));
#3163=DIRECTION('',(1.,0.,0.));
#3164=DIRECTION('',(0.,-1.,0.));
#3165=DIRECTION('',(-1.,0.,0.));
#3166=DIRECTION('',(0.,1.,0.));
#3167=DIRECTION('',(1.,0.,0.));
#3168=DIRECTION('',(0.,-1.,0.));
#3169=DIRECTION('',(-1.,0.,0.));
#3170=DIRECTION('',(0.,-1.,0.));
#3171=DIRECTION('',(1.,0.,0.));
#3172=DIRECTION('',(0.,-1.,0.));
#3173=DIRECTION('center_axis',(0.,0.,-1.));
#3174=DIRECTION('ref_axis',(-1.,0.,0.));
#3175=DIRECTION('',(0.,-1.,0.));
#3176=DIRECTION('',(-1.,-1.28721510101467E-16,0.));
#3177=DIRECTION('',(-1.,-2.98023223876953E-8,0.));
#3178=DIRECTION('',(0.,1.,0.));
#3179=DIRECTION('',(1.,0.,0.));
#3180=DIRECTION('',(0.,-1.,0.));
#3181=DIRECTION('',(-1.,0.,0.));
#3182=DIRECTION('',(0.,1.,0.));
#3183=DIRECTION('',(-1.,0.,0.));
#3184=DIRECTION('',(0.,-1.,0.));
#3185=DIRECTION('',(1.,0.,0.));
#3186=DIRECTION('',(0.,1.,0.));
#3187=DIRECTION('',(-1.,0.,0.));
#3188=DIRECTION('',(0.,-1.,0.));
#3189=DIRECTION('',(1.,0.,0.));
#3190=DIRECTION('',(1.,0.,0.));
#3191=DIRECTION('',(0.,1.,0.));
#3192=DIRECTION('',(-1.,0.,0.));
#3193=DIRECTION('',(0.,-1.,0.));
#3194=DIRECTION('',(0.,1.,0.));
#3195=DIRECTION('',(-1.,0.,0.));
#3196=DIRECTION('',(0.,-1.,0.));
#3197=DIRECTION('',(1.,0.,0.));
#3198=DIRECTION('',(1.,0.,0.));
#3199=DIRECTION('',(4.22942104619107E-16,1.,0.));
#3200=DIRECTION('',(-1.,0.,0.));
#3201=DIRECTION('',(0.,-1.,0.));
#3202=DIRECTION('center_axis',(1.,0.,0.));
#3203=DIRECTION('ref_axis',(0.,-1.,0.));
#3204=DIRECTION('',(0.,0.,-1.));
#3205=DIRECTION('',(0.,-1.,0.));
#3206=DIRECTION('',(0.,0.,-1.));
#3207=DIRECTION('center_axis',(1.,0.,0.));
#3208=DIRECTION('ref_axis',(0.,-1.,0.));
#3209=DIRECTION('',(0.,0.,-1.));
#3210=DIRECTION('',(0.,1.,0.));
#3211=DIRECTION('',(0.,0.,-1.));
#3212=DIRECTION('',(0.,0.,-1.));
#3213=DIRECTION('center_axis',(0.,1.,0.));
#3214=DIRECTION('ref_axis',(1.,0.,0.));
#3215=DIRECTION('',(0.,0.,-1.));
#3216=DIRECTION('',(1.,0.,0.));
#3217=DIRECTION('',(0.,0.,1.));
#3218=DIRECTION('',(0.,0.,1.));
#3219=DIRECTION('',(0.,0.,-1.));
#3220=DIRECTION('',(1.,0.,0.));
#3221=DIRECTION('center_axis',(1.,0.,0.));
#3222=DIRECTION('ref_axis',(0.,0.,1.));
#3223=DIRECTION('',(0.,-1.,0.));
#3224=DIRECTION('',(0.,0.,-1.));
#3225=DIRECTION('center_axis',(0.,0.,-1.));
#3226=DIRECTION('ref_axis',(1.,0.,0.));
#3227=DIRECTION('',(0.,-1.,0.));
#3228=DIRECTION('',(-1.,0.,0.));
#3229=DIRECTION('center_axis',(-1.,0.,0.));
#3230=DIRECTION('ref_axis',(0.,0.,-1.));
#3231=DIRECTION('',(0.,0.,1.));
#3232=DIRECTION('center_axis',(0.,-1.,0.));
#3233=DIRECTION('ref_axis',(-1.,0.,0.));
#3234=DIRECTION('',(0.,0.,-1.));
#3235=DIRECTION('',(-1.,0.,0.));
#3236=DIRECTION('',(0.,0.,-1.));
#3237=DIRECTION('center_axis',(0.,1.,0.));
#3238=DIRECTION('ref_axis',(-1.,0.,0.));
#3239=DIRECTION('',(1.,0.,0.));
#3240=DIRECTION('',(0.,0.,1.));
#3241=DIRECTION('',(1.,0.,0.));
#3242=DIRECTION('',(0.,0.,1.));
#3243=DIRECTION('center_axis',(0.,-1.,0.));
#3244=DIRECTION('ref_axis',(1.,0.,0.));
#3245=DIRECTION('',(-1.,0.,0.));
#3246=DIRECTION('',(0.,0.,1.));
#3247=DIRECTION('',(-1.,0.,0.));
#3248=DIRECTION('',(0.,0.,1.));
#3249=DIRECTION('center_axis',(0.,0.,1.));
#3250=DIRECTION('ref_axis',(1.,0.,0.));
#3251=DIRECTION('',(0.,1.,0.));
#3252=DIRECTION('',(0.,-1.,0.));
#3253=DIRECTION('center_axis',(0.,0.,1.));
#3254=DIRECTION('ref_axis',(1.,0.,0.));
#3255=DIRECTION('',(0.,-1.,0.));
#3256=DIRECTION('',(1.,2.98023223876953E-8,0.));
#3257=DIRECTION('',(1.,1.28721510101467E-16,0.));
#3258=DIRECTION('',(0.,1.,0.));
#3259=DIRECTION('center_axis',(0.,1.,0.));
#3260=DIRECTION('ref_axis',(-1.,0.,0.));
#3261=DIRECTION('',(-1.,0.,0.));
#3262=DIRECTION('',(0.,0.,1.));
#3263=DIRECTION('',(-1.,0.,0.));
#3264=DIRECTION('',(0.,0.,1.));
#3265=DIRECTION('center_axis',(0.,0.,1.));
#3266=DIRECTION('ref_axis',(1.,0.,0.));
#3267=DIRECTION('',(0.,1.,0.));
#3268=DIRECTION('',(0.,-1.,0.));
#3269=DIRECTION('center_axis',(0.,-1.,0.));
#3270=DIRECTION('ref_axis',(1.,0.,0.));
#3271=DIRECTION('',(1.,0.,0.));
#3272=DIRECTION('',(0.,0.,1.));
#3273=DIRECTION('',(1.,0.,0.));
#3274=DIRECTION('',(0.,0.,1.));
#3275=DIRECTION('center_axis',(0.,0.,1.));
#3276=DIRECTION('ref_axis',(1.,0.,0.));
#3277=DIRECTION('',(0.,-1.,0.));
#3278=DIRECTION('',(0.,1.,0.));
#3279=DIRECTION('center_axis',(0.,-1.,0.));
#3280=DIRECTION('ref_axis',(-1.,0.,0.));
#3281=DIRECTION('',(1.,0.,0.));
#3282=DIRECTION('',(-1.,0.,0.));
#3283=DIRECTION('',(0.,0.,-1.));
#3284=DIRECTION('center_axis',(1.,0.,0.));
#3285=DIRECTION('ref_axis',(0.,-1.,0.));
#3286=DIRECTION('',(0.,1.,0.));
#3287=DIRECTION('',(0.,-1.,0.));
#3288=DIRECTION('center_axis',(0.,0.,-1.));
#3289=DIRECTION('ref_axis',(-1.,0.,0.));
#3290=DIRECTION('',(0.,1.,0.));
#3291=DIRECTION('',(0.,-1.,0.));
#3292=DIRECTION('center_axis',(-1.,0.,0.));
#3293=DIRECTION('ref_axis',(0.,1.,0.));
#3294=DIRECTION('',(0.,0.,-1.));
#3295=DIRECTION('',(0.,1.,0.));
#3296=DIRECTION('center_axis',(-1.,0.,0.));
#3297=DIRECTION('ref_axis',(0.,1.,0.));
#3298=DIRECTION('',(0.,0.,-1.));
#3299=DIRECTION('',(0.,-1.,0.));
#3300=DIRECTION('center_axis',(-1.28721510101467E-16,1.,0.));
#3301=DIRECTION('ref_axis',(1.,1.28721510101467E-16,0.));
#3302=DIRECTION('',(0.,0.,-1.));
#3303=DIRECTION('center_axis',(-2.98023223876953E-8,1.,0.));
#3304=DIRECTION('ref_axis',(1.,2.98023223876953E-8,0.));
#3305=DIRECTION('',(0.,0.,-1.));
#3306=DIRECTION('center_axis',(1.,0.,0.));
#3307=DIRECTION('ref_axis',(0.,-1.,0.));
#3308=DIRECTION('center_axis',(0.,-1.,0.));
#3309=DIRECTION('ref_axis',(-1.,0.,0.));
#3310=DIRECTION('',(0.,0.,-1.));
#3311=DIRECTION('',(-1.,0.,0.));
#3312=DIRECTION('center_axis',(0.,0.,-1.));
#3313=DIRECTION('ref_axis',(-1.,0.,0.));
#3314=DIRECTION('',(0.,-1.,0.));
#3315=DIRECTION('',(-1.,0.,0.));
#3316=DIRECTION('',(0.,-1.,0.));
#3317=DIRECTION('',(1.,0.,0.));
#3318=DIRECTION('',(0.,1.,0.));
#3319=DIRECTION('',(-1.,0.,0.));
#3320=DIRECTION('',(0.,1.,0.));
#3321=DIRECTION('',(1.,0.,0.));
#3322=DIRECTION('',(0.,-1.,0.));
#3323=DIRECTION('',(-1.,0.,0.));
#3324=DIRECTION('center_axis',(0.,-1.,0.));
#3325=DIRECTION('ref_axis',(-1.,0.,0.));
#3326=DIRECTION('',(0.,0.,-1.));
#3327=DIRECTION('',(-1.,0.,0.));
#3328=DIRECTION('',(0.,0.,-1.));
#3329=DIRECTION('center_axis',(1.,0.,0.));
#3330=DIRECTION('ref_axis',(0.,1.,0.));
#3331=DIRECTION('',(0.,0.,-1.));
#3332=DIRECTION('',(0.,1.,0.));
#3333=DIRECTION('',(0.,0.,1.));
#3334=DIRECTION('',(0.,1.,0.));
#3335=DIRECTION('center_axis',(0.,-1.,0.));
#3336=DIRECTION('ref_axis',(-1.,0.,0.));
#3337=DIRECTION('',(0.,0.,1.));
#3338=DIRECTION('',(0.,0.,-1.));
#3339=DIRECTION('center_axis',(0.,1.,0.));
#3340=DIRECTION('ref_axis',(1.,0.,0.));
#3341=DIRECTION('',(0.,0.,-1.));
#3342=DIRECTION('center_axis',(1.,0.,0.));
#3343=DIRECTION('ref_axis',(0.,-1.,0.));
#3344=DIRECTION('center_axis',(0.,0.,1.));
#3345=DIRECTION('ref_axis',(1.,0.,0.));
#3346=DIRECTION('center_axis',(0.,0.,-1.));
#3347=DIRECTION('ref_axis',(-1.,0.,0.));
#3348=DIRECTION('center_axis',(0.,0.,-1.));
#3349=DIRECTION('ref_axis',(-1.,0.,0.));
#3350=DIRECTION('center_axis',(1.,0.,0.));
#3351=DIRECTION('ref_axis',(0.,-1.,0.));
#3352=DIRECTION('',(0.,0.,-1.));
#3353=DIRECTION('',(0.,-1.,0.));
#3354=DIRECTION('',(0.,0.,-1.));
#3355=DIRECTION('center_axis',(0.,1.,0.));
#3356=DIRECTION('ref_axis',(1.,0.,0.));
#3357=DIRECTION('',(0.,0.,-1.));
#3358=DIRECTION('',(1.,0.,0.));
#3359=DIRECTION('center_axis',(0.,0.,-1.));
#3360=DIRECTION('ref_axis',(-1.,0.,0.));
#3361=DIRECTION('',(-0.707106781186548,8.65956056235493E-17,0.707106781186548));
#3362=DIRECTION('center_axis',(0.,0.,-1.));
#3363=DIRECTION('ref_axis',(-1.,0.,0.));
#3364=DIRECTION('center_axis',(0.,-1.,0.));
#3365=DIRECTION('ref_axis',(-1.,0.,0.));
#3366=DIRECTION('',(0.,0.,1.));
#3367=DIRECTION('',(-1.,0.,0.));
#3368=DIRECTION('center_axis',(-1.,0.,0.));
#3369=DIRECTION('ref_axis',(0.,1.,0.));
#3370=DIRECTION('',(0.,1.,0.));
#3371=DIRECTION('center_axis',(0.,0.,-1.));
#3372=DIRECTION('ref_axis',(-1.,0.,0.));
#3373=DIRECTION('',(0.,-1.,0.));
#3374=DIRECTION('',(-1.,0.,0.));
#3375=DIRECTION('',(1.,0.,0.));
#3376=DIRECTION('',(0.,-1.,0.));
#3377=DIRECTION('',(-1.,0.,0.));
#3378=DIRECTION('',(0.,1.,0.));
#3379=DIRECTION('',(1.,0.,0.));
#3380=DIRECTION('',(-1.,0.,0.));
#3381=DIRECTION('center_axis',(0.,-1.,0.));
#3382=DIRECTION('ref_axis',(-1.,0.,0.));
#3383=DIRECTION('',(-1.,0.,0.));
#3384=DIRECTION('',(0.,0.,1.));
#3385=DIRECTION('',(0.,0.,-1.));
#3386=DIRECTION('',(-1.,0.,0.));
#3387=DIRECTION('',(0.,0.,-1.));
#3388=DIRECTION('center_axis',(0.,-1.,0.));
#3389=DIRECTION('ref_axis',(-1.,0.,0.));
#3390=DIRECTION('center_axis',(0.,-1.,0.));
#3391=DIRECTION('ref_axis',(-1.,0.,0.));
#3392=DIRECTION('',(0.,-1.,0.));
#3393=DIRECTION('center_axis',(0.,1.,0.));
#3394=DIRECTION('ref_axis',(-1.,0.,0.));
#3395=DIRECTION('center_axis',(0.,1.,0.));
#3396=DIRECTION('ref_axis',(-1.,0.,0.));
#3397=DIRECTION('center_axis',(0.,1.,0.));
#3398=DIRECTION('ref_axis',(-1.,0.,0.));
#3399=DIRECTION('',(1.,0.,0.));
#3400=DIRECTION('',(1.,0.,0.));
#3401=DIRECTION('',(0.,0.,1.));
#3402=DIRECTION('center_axis',(-1.,0.,0.));
#3403=DIRECTION('ref_axis',(0.,-1.,0.));
#3404=DIRECTION('',(0.,1.,0.));
#3405=DIRECTION('center_axis',(0.,0.,-1.));
#3406=DIRECTION('ref_axis',(1.,0.,0.));
#3407=DIRECTION('center_axis',(1.,0.,0.));
#3408=DIRECTION('ref_axis',(0.,-1.,0.));
#3409=DIRECTION('',(0.,1.,0.));
#3410=DIRECTION('',(0.,0.,-1.));
#3411=DIRECTION('',(0.,-1.,0.));
#3412=DIRECTION('',(0.,0.,-1.));
#3413=DIRECTION('center_axis',(0.,1.,0.));
#3414=DIRECTION('ref_axis',(1.,0.,0.));
#3415=DIRECTION('',(-1.,0.,0.));
#3416=DIRECTION('',(1.,0.,0.));
#3417=DIRECTION('',(0.,0.,-1.));
#3418=DIRECTION('center_axis',(-1.,0.,0.));
#3419=DIRECTION('ref_axis',(0.,1.,0.));
#3420=DIRECTION('',(0.,-1.,0.));
#3421=DIRECTION('',(0.,1.,0.));
#3422=DIRECTION('',(0.,0.,-1.));
#3423=DIRECTION('center_axis',(0.,0.,-1.));
#3424=DIRECTION('ref_axis',(-1.,0.,0.));
#3425=DIRECTION('center_axis',(0.,1.,0.));
#3426=DIRECTION('ref_axis',(-1.,0.,0.));
#3427=DIRECTION('',(-1.,0.,0.));
#3428=DIRECTION('',(0.,0.,1.));
#3429=DIRECTION('center_axis',(0.,1.,0.));
#3430=DIRECTION('ref_axis',(-1.,0.,0.));
#3431=DIRECTION('',(0.,0.,-1.));
#3432=DIRECTION('',(-1.,0.,0.));
#3433=DIRECTION('center_axis',(1.,0.,0.));
#3434=DIRECTION('ref_axis',(0.,-1.,0.));
#3435=DIRECTION('',(0.,-1.,0.));
#3436=DIRECTION('',(0.,0.,-1.));
#3437=DIRECTION('',(0.,0.,-1.));
#3438=DIRECTION('center_axis',(0.,1.,0.));
#3439=DIRECTION('ref_axis',(1.,0.,0.));
#3440=DIRECTION('',(1.,0.,0.));
#3441=DIRECTION('',(0.,0.,-1.));
#3442=DIRECTION('center_axis',(-1.,0.,0.));
#3443=DIRECTION('ref_axis',(0.,1.,0.));
#3444=DIRECTION('',(0.,1.,0.));
#3445=DIRECTION('',(0.,0.,-1.));
#3446=DIRECTION('center_axis',(0.,-1.,0.));
#3447=DIRECTION('ref_axis',(-1.,0.,0.));
#3448=DIRECTION('',(-1.,0.,0.));
#3449=DIRECTION('center_axis',(0.,-1.,0.));
#3450=DIRECTION('ref_axis',(-1.,0.,0.));
#3451=DIRECTION('',(-1.,0.,0.));
#3452=DIRECTION('',(0.,0.,-1.));
#3453=DIRECTION('',(0.,0.,-1.));
#3454=DIRECTION('center_axis',(1.,0.,0.));
#3455=DIRECTION('ref_axis',(0.,-1.,0.));
#3456=DIRECTION('',(0.,-1.,0.));
#3457=DIRECTION('',(0.,0.,-1.));
#3458=DIRECTION('center_axis',(0.,1.,0.));
#3459=DIRECTION('ref_axis',(1.,0.,0.));
#3460=DIRECTION('',(1.,0.,0.));
#3461=DIRECTION('',(0.,0.,-1.));
#3462=DIRECTION('center_axis',(-1.,0.,0.));
#3463=DIRECTION('ref_axis',(0.,1.,0.));
#3464=DIRECTION('',(0.,1.,0.));
#3465=DIRECTION('center_axis',(1.,0.,0.));
#3466=DIRECTION('ref_axis',(0.,-1.,0.));
#3467=DIRECTION('',(0.,-1.,0.));
#3468=DIRECTION('',(0.,0.,-1.));
#3469=DIRECTION('',(0.,0.,-1.));
#3470=DIRECTION('center_axis',(0.,1.,0.));
#3471=DIRECTION('ref_axis',(1.,0.,0.));
#3472=DIRECTION('',(1.,0.,0.));
#3473=DIRECTION('',(0.,0.,-1.));
#3474=DIRECTION('center_axis',(-1.,0.,0.));
#3475=DIRECTION('ref_axis',(0.,1.,0.));
#3476=DIRECTION('',(0.,1.,0.));
#3477=DIRECTION('',(0.,0.,-1.));
#3478=DIRECTION('center_axis',(0.,-1.,0.));
#3479=DIRECTION('ref_axis',(-1.,0.,0.));
#3480=DIRECTION('',(-1.,0.,0.));
#3481=DIRECTION('center_axis',(0.,-1.,0.));
#3482=DIRECTION('ref_axis',(-1.,0.,0.));
#3483=DIRECTION('',(-1.,0.,0.));
#3484=DIRECTION('',(0.,0.,-1.));
#3485=DIRECTION('',(0.,0.,-1.));
#3486=DIRECTION('center_axis',(1.,-4.22942104619107E-16,0.));
#3487=DIRECTION('ref_axis',(-4.22942104619107E-16,-1.,0.));
#3488=DIRECTION('',(-4.22942104619107E-16,-1.,0.));
#3489=DIRECTION('',(0.,0.,-1.));
#3490=DIRECTION('center_axis',(0.,1.,0.));
#3491=DIRECTION('ref_axis',(1.,0.,0.));
#3492=DIRECTION('',(1.,0.,0.));
#3493=DIRECTION('',(0.,0.,-1.));
#3494=DIRECTION('center_axis',(-1.,0.,0.));
#3495=DIRECTION('ref_axis',(0.,1.,0.));
#3496=DIRECTION('',(0.,1.,0.));
#3497=DIRECTION('center_axis',(0.,1.,0.));
#3498=DIRECTION('ref_axis',(1.,0.,0.));
#3499=DIRECTION('',(1.,0.,0.));
#3500=DIRECTION('',(0.,0.,-1.));
#3501=DIRECTION('center_axis',(-1.,0.,0.));
#3502=DIRECTION('ref_axis',(0.,1.,0.));
#3503=DIRECTION('',(0.,1.,0.));
#3504=DIRECTION('',(0.,0.,-1.));
#3505=DIRECTION('center_axis',(0.,-1.,0.));
#3506=DIRECTION('ref_axis',(-1.,0.,0.));
#3507=DIRECTION('',(-1.,0.,0.));
#3508=DIRECTION('center_axis',(1.,0.,0.));
#3509=DIRECTION('ref_axis',(0.,1.,0.));
#3510=DIRECTION('',(0.,1.,0.));
#3511=DIRECTION('',(0.,0.,1.));
#3512=DIRECTION('center_axis',(0.,-1.,0.));
#3513=DIRECTION('ref_axis',(1.,0.,0.));
#3514=DIRECTION('',(1.,0.,0.));
#3515=DIRECTION('',(0.,0.,1.));
#3516=DIRECTION('center_axis',(-1.,0.,0.));
#3517=DIRECTION('ref_axis',(0.,-1.,0.));
#3518=DIRECTION('',(0.,-1.,0.));
#3519=DIRECTION('center_axis',(0.,0.,1.));
#3520=DIRECTION('ref_axis',(1.,0.,0.));
#3521=DIRECTION('center_axis',(-1.,0.,0.));
#3522=DIRECTION('ref_axis',(0.,-1.,0.));
#3523=DIRECTION('',(0.,1.,0.));
#3524=DIRECTION('',(0.,0.,1.));
#3525=DIRECTION('',(0.,-1.,0.));
#3526=DIRECTION('',(0.,0.,1.));
#3527=DIRECTION('center_axis',(0.,1.,0.));
#3528=DIRECTION('ref_axis',(-1.,0.,0.));
#3529=DIRECTION('',(1.,0.,0.));
#3530=DIRECTION('',(-1.,0.,0.));
#3531=DIRECTION('',(0.,0.,1.));
#3532=DIRECTION('center_axis',(1.,0.,0.));
#3533=DIRECTION('ref_axis',(0.,1.,0.));
#3534=DIRECTION('',(0.,-1.,0.));
#3535=DIRECTION('',(0.,1.,0.));
#3536=DIRECTION('',(0.,0.,1.));
#3537=DIRECTION('center_axis',(0.,-1.,0.));
#3538=DIRECTION('ref_axis',(1.,0.,0.));
#3539=DIRECTION('',(-1.,0.,0.));
#3540=DIRECTION('',(1.,0.,0.));
#3541=DIRECTION('center_axis',(0.,0.,1.));
#3542=DIRECTION('ref_axis',(1.,0.,0.));
#3543=DIRECTION('',(0.,-1.,0.));
#3544=DIRECTION('',(-1.,2.53765262771464E-16,0.));
#3545=DIRECTION('',(0.,1.,0.));
#3546=DIRECTION('',(1.,0.,0.));
#3547=DIRECTION('center_axis',(0.,1.,0.));
#3548=DIRECTION('ref_axis',(1.,0.,0.));
#3549=DIRECTION('',(-1.,0.,0.));
#3550=DIRECTION('',(0.,0.,-1.));
#3551=DIRECTION('',(1.,0.,0.));
#3552=DIRECTION('',(0.,0.,-1.));
#3553=DIRECTION('center_axis',(1.,0.,0.));
#3554=DIRECTION('ref_axis',(0.,-1.,0.));
#3555=DIRECTION('',(0.,1.,0.));
#3556=DIRECTION('',(0.,-1.,0.));
#3557=DIRECTION('',(0.,0.,-1.));
#3558=DIRECTION('center_axis',(-1.,0.,0.));
#3559=DIRECTION('ref_axis',(0.,1.,0.));
#3560=DIRECTION('',(0.,1.,0.));
#3561=DIRECTION('',(0.,0.,1.));
#3562=DIRECTION('',(0.,1.,0.));
#3563=DIRECTION('',(0.,0.,-1.));
#3564=DIRECTION('center_axis',(1.20024110770287E-16,-1.,0.));
#3565=DIRECTION('ref_axis',(-1.,-1.20024110770287E-16,0.));
#3566=DIRECTION('',(-1.,-1.20024110770287E-16,0.));
#3567=DIRECTION('',(-1.,-1.20024110770287E-16,0.));
#3568=DIRECTION('',(0.,0.,-1.));
#3569=DIRECTION('center_axis',(-1.,0.,0.));
#3570=DIRECTION('ref_axis',(0.,1.,0.));
#3571=DIRECTION('',(0.,1.,0.));
#3572=DIRECTION('',(0.,1.,0.));
#3573=DIRECTION('',(0.,0.,-1.));
#3574=DIRECTION('center_axis',(1.,0.,0.));
#3575=DIRECTION('ref_axis',(0.,-1.,0.));
#3576=DIRECTION('',(0.,1.,0.));
#3577=DIRECTION('',(0.,0.,1.));
#3578=DIRECTION('',(0.,-1.,0.));
#3579=DIRECTION('center_axis',(0.,0.,1.));
#3580=DIRECTION('ref_axis',(-1.,0.,0.));
#3581=DIRECTION('',(1.,0.,0.));
#3582=DIRECTION('',(-1.,1.98254111540207E-16,0.));
#3583=DIRECTION('center_axis',(0.,1.,0.));
#3584=DIRECTION('ref_axis',(1.,0.,0.));
#3585=DIRECTION('',(1.,0.,0.));
#3586=DIRECTION('',(0.,0.,1.));
#3587=DIRECTION('',(1.,0.,0.));
#3588=DIRECTION('',(0.,0.,-1.));
#3589=DIRECTION('',(1.,0.,0.));
#3590=DIRECTION('',(0.,0.,-1.));
#3591=DIRECTION('',(0.,0.,1.));
#3592=DIRECTION('',(1.,0.,0.));
#3593=DIRECTION('center_axis',(0.,0.,-1.));
#3594=DIRECTION('ref_axis',(-1.,0.,0.));
#3595=DIRECTION('',(-1.,1.98254111540207E-16,0.));
#3596=DIRECTION('',(0.,1.,0.));
#3597=DIRECTION('',(1.,0.,0.));
#3598=DIRECTION('',(0.,1.,0.));
#3599=DIRECTION('center_axis',(0.,0.,-1.));
#3600=DIRECTION('ref_axis',(-1.,0.,0.));
#3601=DIRECTION('',(0.,1.,0.));
#3602=DIRECTION('',(-1.,1.98254111540207E-16,0.));
#3603=DIRECTION('center_axis',(0.,1.,0.));
#3604=DIRECTION('ref_axis',(1.,0.,0.));
#3605=DIRECTION('',(-1.,0.,0.));
#3606=DIRECTION('',(0.,0.,-1.));
#3607=DIRECTION('',(0.,0.,-1.));
#3608=DIRECTION('center_axis',(-1.,0.,0.));
#3609=DIRECTION('ref_axis',(0.,1.,0.));
#3610=DIRECTION('',(0.,1.,0.));
#3611=DIRECTION('',(0.,0.,-1.));
#3612=DIRECTION('center_axis',(1.,0.,0.));
#3613=DIRECTION('ref_axis',(0.,-1.,0.));
#3614=DIRECTION('',(0.,-1.,0.));
#3615=DIRECTION('',(0.,0.,1.));
#3616=DIRECTION('',(0.,-1.,0.));
#3617=DIRECTION('',(0.,0.,-1.));
#3618=DIRECTION('center_axis',(1.20024110770287E-16,-1.,0.));
#3619=DIRECTION('ref_axis',(-1.,-1.20024110770287E-16,0.));
#3620=DIRECTION('',(-1.,-1.20024110770287E-16,0.));
#3621=DIRECTION('',(-1.,-1.20024110770287E-16,0.));
#3622=DIRECTION('',(0.,0.,-1.));
#3623=DIRECTION('center_axis',(1.,0.,0.));
#3624=DIRECTION('ref_axis',(0.,-1.,0.));
#3625=DIRECTION('',(0.,-1.,0.));
#3626=DIRECTION('',(0.,-1.,0.));
#3627=DIRECTION('center_axis',(-1.,0.,0.));
#3628=DIRECTION('ref_axis',(0.,1.,0.));
#3629=DIRECTION('',(0.,-1.,0.));
#3630=DIRECTION('center_axis',(0.,0.,1.));
#3631=DIRECTION('ref_axis',(-1.,0.,0.));
#3632=DIRECTION('',(-1.,1.98254111540207E-16,0.));
#3633=DIRECTION('center_axis',(0.,0.,-1.));
#3634=DIRECTION('ref_axis',(-1.,0.,0.));
#3635=DIRECTION('',(-1.,1.98254111540207E-16,0.));
#3636=DIRECTION('',(0.,-1.,0.));
#3637=DIRECTION('center_axis',(-1.,0.,0.));
#3638=DIRECTION('ref_axis',(0.,1.,0.));
#3639=DIRECTION('',(0.,0.,-1.));
#3640=DIRECTION('center_axis',(-1.98254111540207E-16,-1.,0.));
#3641=DIRECTION('ref_axis',(-1.,1.98254111540207E-16,0.));
#3642=DIRECTION('',(0.,0.,-1.));
#3643=DIRECTION('center_axis',(1.,0.,0.));
#3644=DIRECTION('ref_axis',(0.,-1.,0.));
#3645=DIRECTION('center_axis',(0.,1.,0.));
#3646=DIRECTION('ref_axis',(-1.,0.,0.));
#3647=DIRECTION('',(-1.,0.,0.));
#3648=DIRECTION('',(0.,0.,1.));
#3649=DIRECTION('',(-1.,0.,0.));
#3650=DIRECTION('',(0.,0.,1.));
#3651=DIRECTION('center_axis',(1.,0.,0.));
#3652=DIRECTION('ref_axis',(0.,1.,0.));
#3653=DIRECTION('',(0.,1.,0.));
#3654=DIRECTION('',(0.,1.,0.));
#3655=DIRECTION('',(0.,0.,1.));
#3656=DIRECTION('center_axis',(-3.28692043842088E-32,-1.,0.));
#3657=DIRECTION('ref_axis',(1.,-3.28692043842088E-32,0.));
#3658=DIRECTION('',(1.,-3.28692043842088E-32,0.));
#3659=DIRECTION('',(1.,-3.28692043842088E-32,0.));
#3660=DIRECTION('',(0.,0.,1.));
#3661=DIRECTION('center_axis',(-1.,0.,0.));
#3662=DIRECTION('ref_axis',(0.,-1.,0.));
#3663=DIRECTION('',(0.,-1.,0.));
#3664=DIRECTION('',(0.,-1.,0.));
#3665=DIRECTION('center_axis',(0.,0.,1.));
#3666=DIRECTION('ref_axis',(1.,0.,0.));
#3667=DIRECTION('center_axis',(0.,0.,1.));
#3668=DIRECTION('ref_axis',(1.,0.,0.));
#3669=DIRECTION('center_axis',(0.,0.,1.));
#3670=DIRECTION('ref_axis',(1.,0.,0.));
#3671=DIRECTION('center_axis',(0.,0.,1.));
#3672=DIRECTION('ref_axis',(1.,0.,0.));
#3673=DIRECTION('',(0.,0.,-1.));
#3674=DIRECTION('center_axis',(0.,0.,1.));
#3675=DIRECTION('ref_axis',(1.,0.,0.));
#3676=DIRECTION('center_axis',(0.,0.,1.));
#3677=DIRECTION('ref_axis',(1.,0.,0.));
#3678=DIRECTION('center_axis',(0.,0.,1.));
#3679=DIRECTION('ref_axis',(1.,0.,0.));
#3680=DIRECTION('center_axis',(0.,0.,1.));
#3681=DIRECTION('ref_axis',(1.,0.,0.));
#3682=DIRECTION('center_axis',(0.,0.,1.));
#3683=DIRECTION('ref_axis',(1.,0.,0.));
#3684=DIRECTION('',(0.,0.,-1.));
#3685=DIRECTION('center_axis',(0.,0.,1.));
#3686=DIRECTION('ref_axis',(1.,0.,0.));
#3687=DIRECTION('center_axis',(0.,0.,1.));
#3688=DIRECTION('ref_axis',(1.,0.,0.));
#3689=DIRECTION('center_axis',(0.,0.,1.));
#3690=DIRECTION('ref_axis',(1.,0.,0.));
#3691=DIRECTION('center_axis',(0.,0.,1.));
#3692=DIRECTION('ref_axis',(1.,0.,0.));
#3693=DIRECTION('center_axis',(0.,0.,1.));
#3694=DIRECTION('ref_axis',(1.,0.,0.));
#3695=DIRECTION('',(0.,0.,-1.));
#3696=DIRECTION('center_axis',(0.,0.,1.));
#3697=DIRECTION('ref_axis',(1.,0.,0.));
#3698=DIRECTION('center_axis',(0.,0.,1.));
#3699=DIRECTION('ref_axis',(1.,0.,0.));
#3700=DIRECTION('center_axis',(0.,0.,1.));
#3701=DIRECTION('ref_axis',(1.,0.,0.));
#3702=DIRECTION('center_axis',(0.,0.,1.));
#3703=DIRECTION('ref_axis',(1.,0.,0.));
#3704=DIRECTION('center_axis',(0.,0.,1.));
#3705=DIRECTION('ref_axis',(1.,0.,0.));
#3706=DIRECTION('',(0.,0.,-1.));
#3707=DIRECTION('center_axis',(0.,0.,1.));
#3708=DIRECTION('ref_axis',(1.,0.,0.));
#3709=DIRECTION('center_axis',(0.,0.,1.));
#3710=DIRECTION('ref_axis',(1.,0.,0.));
#3711=DIRECTION('center_axis',(0.,0.,1.));
#3712=DIRECTION('ref_axis',(1.,0.,0.));
#3713=DIRECTION('center_axis',(1.,0.,0.));
#3714=DIRECTION('ref_axis',(0.,1.,0.));
#3715=DIRECTION('',(0.,-1.,0.));
#3716=DIRECTION('',(0.,0.,1.));
#3717=DIRECTION('',(0.,1.,0.));
#3718=DIRECTION('',(0.,0.,1.));
#3719=DIRECTION('center_axis',(0.,-1.,0.));
#3720=DIRECTION('ref_axis',(1.,0.,0.));
#3721=DIRECTION('',(-1.,0.,0.));
#3722=DIRECTION('',(1.,0.,0.));
#3723=DIRECTION('',(0.,0.,1.));
#3724=DIRECTION('center_axis',(0.,0.,1.));
#3725=DIRECTION('ref_axis',(1.,0.,0.));
#3726=DIRECTION('',(-1.,0.,0.));
#3727=DIRECTION('',(0.,-1.,0.));
#3728=DIRECTION('center_axis',(0.,1.,0.));
#3729=DIRECTION('ref_axis',(-1.,0.,0.));
#3730=DIRECTION('',(-1.,0.,0.));
#3731=DIRECTION('',(0.,0.,1.));
#3732=DIRECTION('',(1.,0.,0.));
#3733=DIRECTION('',(0.,0.,1.));
#3734=DIRECTION('center_axis',(0.,0.,1.));
#3735=DIRECTION('ref_axis',(1.,0.,0.));
#3736=DIRECTION('',(8.49384488293858E-33,-1.,0.));
#3737=DIRECTION('',(1.,0.,0.));
#3738=DIRECTION('',(0.,-1.,0.));
#3739=DIRECTION('',(1.,0.,0.));
#3740=DIRECTION('',(0.,1.,0.));
#3741=DIRECTION('center_axis',(0.,0.,-1.));
#3742=DIRECTION('ref_axis',(1.,0.,0.));
#3743=DIRECTION('center_axis',(0.,0.,-1.));
#3744=DIRECTION('ref_axis',(1.,0.,0.));
#3745=DIRECTION('center_axis',(0.,0.,1.));
#3746=DIRECTION('ref_axis',(1.,0.,0.));
#3747=DIRECTION('center_axis',(0.,0.,1.));
#3748=DIRECTION('ref_axis',(1.,0.,0.));
#3749=DIRECTION('',(0.,0.,-1.));
#3750=DIRECTION('center_axis',(0.,0.,1.));
#3751=DIRECTION('ref_axis',(1.,0.,0.));
#3752=DIRECTION('center_axis',(0.,1.,0.));
#3753=DIRECTION('ref_axis',(-1.,0.,0.));
#3754=DIRECTION('',(0.,0.,1.));
#3755=DIRECTION('',(-1.,0.,0.));
#3756=DIRECTION('',(0.,0.,1.));
#3757=DIRECTION('center_axis',(1.,0.,0.));
#3758=DIRECTION('ref_axis',(0.,1.,0.));
#3759=DIRECTION('',(0.,1.,0.));
#3760=DIRECTION('',(0.,0.,1.));
#3761=DIRECTION('center_axis',(0.,0.,1.));
#3762=DIRECTION('ref_axis',(1.,0.,0.));
#3763=DIRECTION('',(1.,0.,0.));
#3764=DIRECTION('',(0.,-1.,0.));
#3765=DIRECTION('center_axis',(-1.,-8.49384488293858E-33,0.));
#3766=DIRECTION('ref_axis',(8.49384488293858E-33,-1.,0.));
#3767=DIRECTION('',(-8.49384488293858E-33,1.,0.));
#3768=DIRECTION('',(0.,0.,1.));
#3769=DIRECTION('center_axis',(0.,0.,1.));
#3770=DIRECTION('ref_axis',(1.,0.,0.));
#3771=DIRECTION('center_axis',(0.,0.,1.));
#3772=DIRECTION('ref_axis',(1.,0.,0.));
#3773=DIRECTION('',(0.,0.,-1.));
#3774=DIRECTION('center_axis',(0.,0.,1.));
#3775=DIRECTION('ref_axis',(1.,0.,0.));
#3776=DIRECTION('center_axis',(1.,0.,0.));
#3777=DIRECTION('ref_axis',(0.,1.,0.));
#3778=DIRECTION('',(0.,-1.,0.));
#3779=DIRECTION('',(0.,0.,1.));
#3780=DIRECTION('center_axis',(0.,-1.,0.));
#3781=DIRECTION('ref_axis',(1.,0.,0.));
#3782=DIRECTION('',(-1.,0.,0.));
#3783=DIRECTION('center_axis',(0.,0.,1.));
#3784=DIRECTION('ref_axis',(1.,0.,0.));
#3785=DIRECTION('center_axis',(1.,0.,0.));
#3786=DIRECTION('ref_axis',(0.,1.,0.));
#3787=DIRECTION('',(0.,-1.,0.));
#3788=DIRECTION('',(0.,0.,1.));
#3789=DIRECTION('',(0.,1.,0.));
#3790=DIRECTION('',(0.,0.,1.));
#3791=DIRECTION('center_axis',(0.,0.,1.));
#3792=DIRECTION('ref_axis',(1.,0.,0.));
#3793=DIRECTION('',(1.,0.,0.));
#3794=DIRECTION('',(-1.,0.,0.));
#3795=DIRECTION('',(0.,1.,0.));
#3796=DIRECTION('center_axis',(-1.,0.,0.));
#3797=DIRECTION('ref_axis',(0.,-1.,0.));
#3798=DIRECTION('',(0.,-1.,0.));
#3799=DIRECTION('',(0.,0.,1.));
#3800=DIRECTION('',(0.,-1.,0.));
#3801=DIRECTION('',(0.,0.,1.));
#3802=DIRECTION('center_axis',(0.,0.,1.));
#3803=DIRECTION('ref_axis',(1.,0.,0.));
#3804=DIRECTION('',(0.,-1.,0.));
#3805=DIRECTION('',(-1.,3.5527136788005E-15,0.));
#3806=DIRECTION('',(1.,0.,0.));
#3807=DIRECTION('center_axis',(-1.,0.,0.));
#3808=DIRECTION('ref_axis',(0.,-1.,0.));
#3809=DIRECTION('',(0.,0.,1.));
#3810=DIRECTION('',(0.,-1.,0.));
#3811=DIRECTION('',(0.,0.,1.));
#3812=DIRECTION('center_axis',(-1.83129571072191E-16,1.,0.));
#3813=DIRECTION('ref_axis',(-1.,-1.83129571072191E-16,0.));
#3814=DIRECTION('',(1.,0.,0.));
#3815=DIRECTION('',(-1.,-1.83129571072191E-16,0.));
#3816=DIRECTION('',(0.,0.,1.));
#3817=DIRECTION('center_axis',(0.,-1.,0.));
#3818=DIRECTION('ref_axis',(1.,0.,0.));
#3819=DIRECTION('',(-1.,0.,0.));
#3820=DIRECTION('',(0.,0.,1.));
#3821=DIRECTION('',(1.,0.,0.));
#3822=DIRECTION('',(0.,0.,1.));
#3823=DIRECTION('center_axis',(-1.,0.,0.));
#3824=DIRECTION('ref_axis',(0.,-1.,0.));
#3825=DIRECTION('',(0.,1.,0.));
#3826=DIRECTION('',(0.,-1.,0.));
#3827=DIRECTION('',(0.,0.,1.));
#3828=DIRECTION('center_axis',(0.,-1.,0.));
#3829=DIRECTION('ref_axis',(1.,0.,0.));
#3830=DIRECTION('',(-1.,0.,0.));
#3831=DIRECTION('',(1.,0.,0.));
#3832=DIRECTION('',(0.,0.,1.));
#3833=DIRECTION('center_axis',(1.,0.,0.));
#3834=DIRECTION('ref_axis',(0.,1.,0.));
#3835=DIRECTION('',(0.,-1.,0.));
#3836=DIRECTION('',(0.,1.,0.));
#3837=DIRECTION('',(0.,0.,1.));
#3838=DIRECTION('center_axis',(0.,1.,0.));
#3839=DIRECTION('ref_axis',(-1.,0.,0.));
#3840=DIRECTION('',(1.,0.,0.));
#3841=DIRECTION('',(-1.,0.,0.));
#3842=DIRECTION('',(0.,0.,1.));
#3843=DIRECTION('center_axis',(-1.,0.,0.));
#3844=DIRECTION('ref_axis',(0.,-1.,0.));
#3845=DIRECTION('',(0.,1.,0.));
#3846=DIRECTION('',(0.,-1.,0.));
#3847=DIRECTION('',(0.,0.,1.));
#3848=DIRECTION('center_axis',(0.,1.,0.));
#3849=DIRECTION('ref_axis',(-1.,0.,0.));
#3850=DIRECTION('',(1.,0.,0.));
#3851=DIRECTION('',(-1.,0.,0.));
#3852=DIRECTION('',(0.,0.,1.));
#3853=DIRECTION('center_axis',(0.,-1.,0.));
#3854=DIRECTION('ref_axis',(1.,0.,0.));
#3855=DIRECTION('',(-1.,0.,0.));
#3856=DIRECTION('',(0.,0.,1.));
#3857=DIRECTION('',(1.,0.,0.));
#3858=DIRECTION('center_axis',(0.,0.,1.));
#3859=DIRECTION('ref_axis',(1.,0.,0.));
#3860=DIRECTION('',(0.,1.,0.));
#3861=DIRECTION('',(0.,1.,0.));
#3862=DIRECTION('center_axis',(1.,0.,0.));
#3863=DIRECTION('ref_axis',(0.,1.,0.));
#3864=DIRECTION('',(0.,1.,0.));
#3865=DIRECTION('center_axis',(0.,0.,1.));
#3866=DIRECTION('ref_axis',(1.,0.,0.));
#3867=DIRECTION('center_axis',(0.,0.,1.));
#3868=DIRECTION('ref_axis',(1.,0.,0.));
#3869=CARTESIAN_POINT('',(0.,0.,0.));
#3870=CARTESIAN_POINT('Origin',(106.75,28.,0.));
#3871=CARTESIAN_POINT('',(105.5,28.,0.));
#3872=CARTESIAN_POINT('',(106.75,28.,0.));
#3873=CARTESIAN_POINT('',(105.5,28.,0.));
#3874=CARTESIAN_POINT('',(106.75,28.,-5.5));
#3875=CARTESIAN_POINT('',(106.75,28.,0.));
#3876=CARTESIAN_POINT('',(105.5,28.,-5.5));
#3877=CARTESIAN_POINT('',(105.5,28.,-5.5));
#3878=CARTESIAN_POINT('',(105.5,28.,2.5));
#3879=CARTESIAN_POINT('Origin',(112.5,65.,0.));
#3880=CARTESIAN_POINT('',(112.5,60.,0.));
#3881=CARTESIAN_POINT('',(112.5,60.,-5.5));
#3882=CARTESIAN_POINT('',(112.5,60.,0.));
#3883=CARTESIAN_POINT('',(112.5,65.,0.));
#3884=CARTESIAN_POINT('',(112.5,65.,0.));
#3885=CARTESIAN_POINT('',(112.5,65.,-5.5));
#3886=CARTESIAN_POINT('',(112.5,65.,0.));
#3887=CARTESIAN_POINT('',(112.5,65.,-5.5));
#3888=CARTESIAN_POINT('Origin',(109.,46.5,-5.5));
#3889=CARTESIAN_POINT('',(106.75,60.,-5.5));
#3890=CARTESIAN_POINT('',(106.75,53.25,-5.5));
#3891=CARTESIAN_POINT('',(126.375,60.,-5.5));
#3892=CARTESIAN_POINT('',(105.5,65.,-5.5));
#3893=CARTESIAN_POINT('',(107.25,65.,-5.5));
#3894=CARTESIAN_POINT('',(105.5,60.25,-5.5));
#3895=CARTESIAN_POINT('Origin',(75.,52.5,0.));
#3896=CARTESIAN_POINT('',(105.5,5.,0.));
#3897=CARTESIAN_POINT('',(105.5,28.75,0.));
#3898=CARTESIAN_POINT('',(5.,5.,0.));
#3899=CARTESIAN_POINT('',(40.,5.,0.));
#3900=CARTESIAN_POINT('',(5.,100.,0.));
#3901=CARTESIAN_POINT('',(5.,76.25,0.));
#3902=CARTESIAN_POINT('',(65.0000009685755,100.,0.));
#3903=CARTESIAN_POINT('',(110.,100.,0.));
#3904=CARTESIAN_POINT('',(65.,170.,0.));
#3905=CARTESIAN_POINT('',(65.,105.,0.));
#3906=CARTESIAN_POINT('',(85.,170.,0.));
#3907=CARTESIAN_POINT('',(65.,170.,0.));
#3908=CARTESIAN_POINT('',(85.0000012665987,100.,0.));
#3909=CARTESIAN_POINT('',(85.,105.,0.));
#3910=CARTESIAN_POINT('',(145.,100.,0.));
#3911=CARTESIAN_POINT('',(110.,100.,0.));
#3912=CARTESIAN_POINT('',(145.,65.,0.));
#3913=CARTESIAN_POINT('',(145.,28.75,0.));
#3914=CARTESIAN_POINT('',(132.75,65.,3.69778549322349E-31));
#3915=CARTESIAN_POINT('',(90.25,65.,0.));
#3916=CARTESIAN_POINT('',(132.75,60.,0.));
#3917=CARTESIAN_POINT('',(132.75,65.,3.69778549322349E-31));
#3918=CARTESIAN_POINT('',(143.75,60.,0.));
#3919=CARTESIAN_POINT('',(109.375,60.,0.));
#3920=CARTESIAN_POINT('',(143.75,44.2870878105034,2.77555756156289E-15));
#3921=CARTESIAN_POINT('',(143.75,31.2500000745058,0.));
#3922=CARTESIAN_POINT('',(143.75,25.7129121894967,2.77555756156289E-15));
#3923=CARTESIAN_POINT('Origin',(127.75,35.,0.));
#3924=CARTESIAN_POINT('',(143.75,10.0000001490116,0.));
#3925=CARTESIAN_POINT('',(143.75,31.2500000745058,0.));
#3926=CARTESIAN_POINT('',(110.5,10.0000001490116,0.));
#3927=CARTESIAN_POINT('',(92.75,10.0000001490116,0.));
#3928=CARTESIAN_POINT('',(106.75,10.0000000372529,0.));
#3929=CARTESIAN_POINT('',(90.8750006332994,9.99999956414105,0.));
#3930=CARTESIAN_POINT('',(106.75,56.25,0.));
#3931=CARTESIAN_POINT('',(117.75,60.,0.));
#3932=CARTESIAN_POINT('',(109.375,60.,0.));
#3933=CARTESIAN_POINT('',(117.75,65.,0.));
#3934=CARTESIAN_POINT('',(117.75,65.,0.));
#3935=CARTESIAN_POINT('',(90.25,65.,0.));
#3936=CARTESIAN_POINT('',(105.5,31.,0.));
#3937=CARTESIAN_POINT('',(105.5,74.,0.));
#3938=CARTESIAN_POINT('',(105.5,63.25,0.));
#3939=CARTESIAN_POINT('',(44.5,74.,0.));
#3940=CARTESIAN_POINT('',(59.75,74.,0.));
#3941=CARTESIAN_POINT('',(44.5,31.,0.));
#3942=CARTESIAN_POINT('',(44.5,41.75,0.));
#3943=CARTESIAN_POINT('',(90.25,31.,0.));
#3944=CARTESIAN_POINT('',(27.5,17.,0.));
#3945=CARTESIAN_POINT('',(27.5,27.5,0.));
#3946=CARTESIAN_POINT('',(27.5,40.,0.));
#3947=CARTESIAN_POINT('',(17.,27.5,0.));
#3948=CARTESIAN_POINT('',(46.,27.5,0.));
#3949=CARTESIAN_POINT('',(17.,17.,0.));
#3950=CARTESIAN_POINT('',(17.,34.75,0.));
#3951=CARTESIAN_POINT('',(51.25,17.,0.));
#3952=CARTESIAN_POINT('',(17.,47.25,0.));
#3953=CARTESIAN_POINT('',(27.5,47.25,0.));
#3954=CARTESIAN_POINT('',(51.25,47.25,0.));
#3955=CARTESIAN_POINT('',(27.5,57.75,0.));
#3956=CARTESIAN_POINT('',(27.5,55.125,0.));
#3957=CARTESIAN_POINT('',(17.,57.75,0.));
#3958=CARTESIAN_POINT('',(46.,57.75,0.));
#3959=CARTESIAN_POINT('',(17.,49.875,0.));
#3960=CARTESIAN_POINT('',(133.,81.5,0.));
#3961=CARTESIAN_POINT('',(133.,84.5,0.));
#3962=CARTESIAN_POINT('',(133.,68.5,0.));
#3963=CARTESIAN_POINT('',(122.5,84.5,0.));
#3964=CARTESIAN_POINT('',(98.75,84.5,0.));
#3965=CARTESIAN_POINT('',(122.5,81.5,0.));
#3966=CARTESIAN_POINT('',(122.5,67.,0.));
#3967=CARTESIAN_POINT('',(104.,81.5,0.));
#3968=CARTESIAN_POINT('',(17.,77.5,0.));
#3969=CARTESIAN_POINT('',(27.5,77.5,0.));
#3970=CARTESIAN_POINT('',(51.25,77.5,0.));
#3971=CARTESIAN_POINT('',(27.5,88.,0.));
#3972=CARTESIAN_POINT('',(27.5,70.25,0.));
#3973=CARTESIAN_POINT('',(17.,88.,0.));
#3974=CARTESIAN_POINT('',(46.,88.,0.));
#3975=CARTESIAN_POINT('',(17.,65.,0.));
#3976=CARTESIAN_POINT('Origin',(105.5,74.,5.));
#3977=CARTESIAN_POINT('',(105.5,31.,5.));
#3978=CARTESIAN_POINT('',(105.5,31.,5.));
#3979=CARTESIAN_POINT('',(105.5,74.,5.));
#3980=CARTESIAN_POINT('',(105.5,63.25,5.));
#3981=CARTESIAN_POINT('',(105.5,74.,5.));
#3982=CARTESIAN_POINT('Origin',(105.5,74.,5.));
#3983=CARTESIAN_POINT('',(105.5,65.,-20.5));
#3984=CARTESIAN_POINT('',(105.5,65.,0.));
#3985=CARTESIAN_POINT('',(105.5,5.,-20.5));
#3986=CARTESIAN_POINT('',(105.5,65.,-20.5));
#3987=CARTESIAN_POINT('',(105.5,5.,-18.));
#3988=CARTESIAN_POINT('',(105.5,5.,-15.5));
#3989=CARTESIAN_POINT('',(105.5,5.,0.));
#3990=CARTESIAN_POINT('Origin',(105.5,65.,0.));
#3991=CARTESIAN_POINT('',(117.75,65.,-10.));
#3992=CARTESIAN_POINT('',(117.75,65.,0.));
#3993=CARTESIAN_POINT('',(132.75,65.,-10.));
#3994=CARTESIAN_POINT('',(111.625,65.,-10.));
#3995=CARTESIAN_POINT('',(132.75,65.,-5.));
#3996=CARTESIAN_POINT('',(145.,65.,-18.));
#3997=CARTESIAN_POINT('',(145.,65.,0.));
#3998=CARTESIAN_POINT('',(145.,65.,-20.5));
#3999=CARTESIAN_POINT('',(145.,65.,-15.5));
#4000=CARTESIAN_POINT('',(145.,65.,-20.5));
#4001=CARTESIAN_POINT('Origin',(132.75,65.,-10.));
#4002=CARTESIAN_POINT('',(132.75,60.,-10.));
#4003=CARTESIAN_POINT('',(132.75,65.,-10.));
#4004=CARTESIAN_POINT('',(132.75,60.,-5.));
#4005=CARTESIAN_POINT('Origin',(117.75,65.,-10.));
#4006=CARTESIAN_POINT('',(117.75,60.,-10.));
#4007=CARTESIAN_POINT('',(117.75,65.,-10.));
#4008=CARTESIAN_POINT('',(130.75,60.,-10.));
#4009=CARTESIAN_POINT('Origin',(117.75,65.,0.));
#4010=CARTESIAN_POINT('',(117.75,60.,0.));
#4011=CARTESIAN_POINT('Origin',(143.75,60.,0.));
#4012=CARTESIAN_POINT('',(106.75,60.,-15.5));
#4013=CARTESIAN_POINT('',(106.75,60.,0.));
#4014=CARTESIAN_POINT('',(143.75,60.,-15.5));
#4015=CARTESIAN_POINT('',(105.5,60.,-15.5));
#4016=CARTESIAN_POINT('',(143.75,60.,0.));
#4017=CARTESIAN_POINT('Origin',(143.75,59.3,-20.5));
#4018=CARTESIAN_POINT('',(106.75,59.3,-18.5));
#4019=CARTESIAN_POINT('',(143.75,59.3,-18.5));
#4020=CARTESIAN_POINT('',(143.75,59.3,-18.5));
#4021=CARTESIAN_POINT('',(143.75,59.3,-15.5));
#4022=CARTESIAN_POINT('',(143.75,59.3,-20.5));
#4023=CARTESIAN_POINT('',(106.75,59.3,-15.5));
#4024=CARTESIAN_POINT('',(134.5,59.3,-15.5));
#4025=CARTESIAN_POINT('',(106.75,59.3,-20.5));
#4026=CARTESIAN_POINT('Origin',(106.75,10.7,-20.5));
#4027=CARTESIAN_POINT('',(143.75,10.7,-18.5));
#4028=CARTESIAN_POINT('',(106.75,10.7,-18.5));
#4029=CARTESIAN_POINT('',(106.75,10.7,-18.5));
#4030=CARTESIAN_POINT('',(106.75,10.7,-15.5));
#4031=CARTESIAN_POINT('',(106.75,10.7,-20.5));
#4032=CARTESIAN_POINT('',(143.75,10.7,-15.5));
#4033=CARTESIAN_POINT('',(116.,10.7,-15.5));
#4034=CARTESIAN_POINT('',(143.75,10.7,-20.5));
#4035=CARTESIAN_POINT('Origin',(125.25,35.,-15.5));
#4036=CARTESIAN_POINT('',(143.75,5.7,-15.5));
#4037=CARTESIAN_POINT('',(106.75,64.3,-15.5));
#4038=CARTESIAN_POINT('Origin',(125.25,35.,-15.5));
#4039=CARTESIAN_POINT('',(106.75,10.0000000372529,-15.5));
#4040=CARTESIAN_POINT('',(106.75,64.3,-15.5));
#4041=CARTESIAN_POINT('',(110.5,10.0000001490116,-15.5));
#4042=CARTESIAN_POINT('',(110.5,10.0000001490116,-15.5));
#4043=CARTESIAN_POINT('',(143.75,10.0000001490116,-15.5));
#4044=CARTESIAN_POINT('',(145.,10.0000001490116,-15.5));
#4045=CARTESIAN_POINT('',(143.75,5.7,-15.5));
#4046=CARTESIAN_POINT('Origin',(143.75,64.3,-20.5));
#4047=CARTESIAN_POINT('',(143.75,64.3,-20.5));
#4048=CARTESIAN_POINT('',(106.75,64.3,-20.5));
#4049=CARTESIAN_POINT('',(134.5,64.3,-20.5));
#4050=CARTESIAN_POINT('',(143.75,64.3,-18.5));
#4051=CARTESIAN_POINT('',(143.75,64.3,-20.5));
#4052=CARTESIAN_POINT('',(106.75,64.3,-18.5));
#4053=CARTESIAN_POINT('',(143.75,64.3,-18.5));
#4054=CARTESIAN_POINT('',(106.75,64.3,-20.5));
#4055=CARTESIAN_POINT('Origin',(125.25,61.8,-18.5));
#4056=CARTESIAN_POINT('',(143.75,5.7,-18.5));
#4057=CARTESIAN_POINT('',(106.75,64.3,-18.5));
#4058=CARTESIAN_POINT('Origin',(106.75,5.7,-20.5));
#4059=CARTESIAN_POINT('',(106.75,5.7,-20.5));
#4060=CARTESIAN_POINT('',(143.75,5.7,-20.5));
#4061=CARTESIAN_POINT('',(116.,5.7,-20.5));
#4062=CARTESIAN_POINT('',(106.75,5.7,-18.5));
#4063=CARTESIAN_POINT('',(106.75,5.7,-20.5));
#4064=CARTESIAN_POINT('',(143.75,5.7,-18.5));
#4065=CARTESIAN_POINT('',(106.75,5.7,-18.5));
#4066=CARTESIAN_POINT('',(143.75,5.7,-20.5));
#4067=CARTESIAN_POINT('Origin',(125.25,8.2,-18.5));
#4068=CARTESIAN_POINT('',(106.75,64.3,-18.5));
#4069=CARTESIAN_POINT('',(143.75,5.7,-18.5));
#4070=CARTESIAN_POINT('Origin',(145.,5.,-15.5));
#4071=CARTESIAN_POINT('',(145.,5.,-18.));
#4072=CARTESIAN_POINT('',(5.,5.,-18.));
#4073=CARTESIAN_POINT('',(145.,5.,-20.5));
#4074=CARTESIAN_POINT('',(105.5,5.,-20.5));
#4075=CARTESIAN_POINT('',(145.,5.,-15.5));
#4076=CARTESIAN_POINT('Origin',(145.,65.,-15.5));
#4077=CARTESIAN_POINT('',(145.,5.,-18.));
#4078=CARTESIAN_POINT('',(145.,5.,-20.5));
#4079=CARTESIAN_POINT('Origin',(125.25,35.,-20.5));
#4080=CARTESIAN_POINT('',(143.75,47.15,-20.5));
#4081=CARTESIAN_POINT('',(106.75,22.85,-20.5));
#4082=CARTESIAN_POINT('Origin',(145.,5.,0.));
#4083=CARTESIAN_POINT('',(145.,100.,-18.));
#4084=CARTESIAN_POINT('',(145.,100.,0.));
#4085=CARTESIAN_POINT('',(145.,5.,-18.));
#4086=CARTESIAN_POINT('Origin',(143.75,10.0000001490116,0.));
#4087=CARTESIAN_POINT('',(143.75,10.0000001490116,0.));
#4088=CARTESIAN_POINT('',(143.75,5.7,0.));
#4089=CARTESIAN_POINT('Origin',(110.5,10.0000001490116,0.));
#4090=CARTESIAN_POINT('',(110.5,10.0000001490116,0.));
#4091=CARTESIAN_POINT('Origin',(106.75,10.0000000372529,0.));
#4092=CARTESIAN_POINT('',(106.75,10.0000000372529,0.));
#4093=CARTESIAN_POINT('Origin',(106.75,60.,0.));
#4094=CARTESIAN_POINT('Origin',(145.,100.,0.));
#4095=CARTESIAN_POINT('',(85.0000012665987,100.,-18.));
#4096=CARTESIAN_POINT('',(85.0000012665987,100.,0.));
#4097=CARTESIAN_POINT('',(145.,100.,-18.));
#4098=CARTESIAN_POINT('Origin',(75.,52.5,-18.));
#4099=CARTESIAN_POINT('',(65.0000009685755,102.5,-18.));
#4100=CARTESIAN_POINT('',(65.0000009685755,100.,-18.));
#4101=CARTESIAN_POINT('',(65.0000009685755,76.25,-18.));
#4102=CARTESIAN_POINT('',(5.,100.,-18.));
#4103=CARTESIAN_POINT('',(145.,100.,-18.));
#4104=CARTESIAN_POINT('',(5.,5.,-18.));
#4105=CARTESIAN_POINT('',(5.,100.,-18.));
#4106=CARTESIAN_POINT('',(5.,5.,-18.));
#4107=CARTESIAN_POINT('',(85.0000012665987,102.5,-18.));
#4108=CARTESIAN_POINT('',(85.0000012665987,76.25,-18.));
#4109=CARTESIAN_POINT('',(147.5,102.5,-18.));
#4110=CARTESIAN_POINT('',(111.25,102.5,-18.));
#4111=CARTESIAN_POINT('',(147.5,2.5,-18.));
#4112=CARTESIAN_POINT('',(147.5,27.5,-18.));
#4113=CARTESIAN_POINT('',(2.5,2.5,-18.));
#4114=CARTESIAN_POINT('',(38.75,2.5,-18.));
#4115=CARTESIAN_POINT('',(2.5,102.5,-18.));
#4116=CARTESIAN_POINT('',(2.5,77.5,-18.));
#4117=CARTESIAN_POINT('',(111.25,102.5,-18.));
#4118=CARTESIAN_POINT('Origin',(147.5,102.5,0.));
#4119=CARTESIAN_POINT('',(85.0000012665987,102.5,-25.));
#4120=CARTESIAN_POINT('',(85.0000012665987,102.5,0.));
#4121=CARTESIAN_POINT('',(147.5,102.5,-25.));
#4122=CARTESIAN_POINT('',(147.5,102.5,-25.));
#4123=CARTESIAN_POINT('',(147.5,102.5,0.));
#4124=CARTESIAN_POINT('Origin',(85.,105.,-30.));
#4125=CARTESIAN_POINT('',(85.,105.,-25.));
#4126=CARTESIAN_POINT('',(85.,105.,-30.));
#4127=CARTESIAN_POINT('',(85.,105.,-12.5));
#4128=CARTESIAN_POINT('',(85.0000012665987,76.25,-25.));
#4129=CARTESIAN_POINT('',(85.,170.,-30.));
#4130=CARTESIAN_POINT('',(85.,170.,-30.));
#4131=CARTESIAN_POINT('',(85.,105.,-30.));
#4132=CARTESIAN_POINT('Origin',(145.,100.,0.));
#4133=CARTESIAN_POINT('',(65.0000009685755,100.,-13.0000001937151));
#4134=CARTESIAN_POINT('',(5.,100.,0.));
#4135=CARTESIAN_POINT('Origin',(5.,5.,0.));
#4136=CARTESIAN_POINT('',(5.,5.,0.));
#4137=CARTESIAN_POINT('Origin',(5.,100.,0.));
#4138=CARTESIAN_POINT('Origin',(75.,52.5,0.));
#4139=CARTESIAN_POINT('',(146.25,35.,-1.66533453693773E-15));
#4140=CARTESIAN_POINT('Origin',(127.75,35.,0.));
#4141=CARTESIAN_POINT('Origin',(127.75,35.,0.));
#4142=CARTESIAN_POINT('Origin',(2.5,102.5,0.));
#4143=CARTESIAN_POINT('',(2.5,2.5,-25.));
#4144=CARTESIAN_POINT('',(2.5,2.5,0.));
#4145=CARTESIAN_POINT('',(2.5,102.5,-25.));
#4146=CARTESIAN_POINT('',(2.5,102.5,-25.));
#4147=CARTESIAN_POINT('',(2.5,102.5,0.));
#4148=CARTESIAN_POINT('Origin',(2.5,2.5,0.));
#4149=CARTESIAN_POINT('',(147.5,2.5,-25.));
#4150=CARTESIAN_POINT('',(147.5,2.5,0.));
#4151=CARTESIAN_POINT('',(2.5,2.5,-25.));
#4152=CARTESIAN_POINT('Origin',(127.75,35.,2.5));
#4153=CARTESIAN_POINT('',(141.25,35.,5.));
#4154=CARTESIAN_POINT('',(143.75,35.,2.5));
#4155=CARTESIAN_POINT('Origin',(127.75,35.,5.));
#4156=CARTESIAN_POINT('Origin',(147.5,102.5,0.));
#4157=CARTESIAN_POINT('',(65.0000009685755,102.5,-25.));
#4158=CARTESIAN_POINT('',(65.0000009685755,102.5,-13.0000001937151));
#4159=CARTESIAN_POINT('',(147.5,102.5,-25.));
#4160=CARTESIAN_POINT('Origin',(147.5,2.5,0.));
#4161=CARTESIAN_POINT('',(147.5,2.5,-25.));
#4162=CARTESIAN_POINT('Origin',(75.,52.5,-25.));
#4163=CARTESIAN_POINT('',(65.,105.,-25.));
#4164=CARTESIAN_POINT('',(65.0000009685755,76.25,-25.));
#4165=CARTESIAN_POINT('',(90.,105.,-25.));
#4166=CARTESIAN_POINT('',(82.5,105.,-25.));
#4167=CARTESIAN_POINT('',(150.,105.,-25.));
#4168=CARTESIAN_POINT('',(150.,105.,-25.));
#4169=CARTESIAN_POINT('',(150.,0.,-25.));
#4170=CARTESIAN_POINT('',(150.,0.,-25.));
#4171=CARTESIAN_POINT('',(0.,0.,-25.));
#4172=CARTESIAN_POINT('',(0.,0.,-25.));
#4173=CARTESIAN_POINT('',(0.,105.,-25.));
#4174=CARTESIAN_POINT('',(0.,105.,-25.));
#4175=CARTESIAN_POINT('',(60.,105.,-25.));
#4176=CARTESIAN_POINT('',(150.,105.,-25.));
#4177=CARTESIAN_POINT('',(82.5,105.,-25.));
#4178=CARTESIAN_POINT('Origin',(90.,105.,5.));
#4179=CARTESIAN_POINT('',(65.,105.,-30.));
#4180=CARTESIAN_POINT('',(82.5,105.,-30.));
#4181=CARTESIAN_POINT('',(65.,105.,-12.5));
#4182=CARTESIAN_POINT('',(60.,105.,-35.));
#4183=CARTESIAN_POINT('',(60.,105.,5.));
#4184=CARTESIAN_POINT('',(90.,105.,-35.));
#4185=CARTESIAN_POINT('',(60.,105.,-35.));
#4186=CARTESIAN_POINT('',(90.,105.,5.));
#4187=CARTESIAN_POINT('Origin',(75.,175.,-24.9));
#4188=CARTESIAN_POINT('',(80.1,175.,-24.9));
#4189=CARTESIAN_POINT('Origin',(75.,175.,-24.9));
#4190=CARTESIAN_POINT('',(80.1,170.,-24.9));
#4191=CARTESIAN_POINT('',(80.1,175.,-24.9));
#4192=CARTESIAN_POINT('',(75.,170.,-30.));
#4193=CARTESIAN_POINT('Origin',(75.,170.,-24.9));
#4194=CARTESIAN_POINT('Origin',(75.,170.,-24.9));
#4195=CARTESIAN_POINT('Origin',(85.,170.,-30.));
#4196=CARTESIAN_POINT('',(65.,170.,-30.));
#4197=CARTESIAN_POINT('',(65.,170.,-30.));
#4198=CARTESIAN_POINT('',(65.,170.,-30.));
#4199=CARTESIAN_POINT('',(65.,170.,-30.));
#4200=CARTESIAN_POINT('Origin',(65.,170.,-30.));
#4201=CARTESIAN_POINT('',(65.,105.,-30.));
#4202=CARTESIAN_POINT('Origin',(75.,137.5,-30.));
#4203=CARTESIAN_POINT('Origin',(90.,175.,5.));
#4204=CARTESIAN_POINT('',(90.,105.,5.));
#4205=CARTESIAN_POINT('',(90.,175.,5.));
#4206=CARTESIAN_POINT('',(90.,105.,5.));
#4207=CARTESIAN_POINT('',(90.,105.,5.));
#4208=CARTESIAN_POINT('',(90.,175.,-35.));
#4209=CARTESIAN_POINT('',(90.,105.,-35.));
#4210=CARTESIAN_POINT('',(90.,175.,5.));
#4211=CARTESIAN_POINT('Origin',(60.,175.,5.));
#4212=CARTESIAN_POINT('',(60.,175.,5.));
#4213=CARTESIAN_POINT('',(90.,175.,5.));
#4214=CARTESIAN_POINT('',(60.,175.,-35.));
#4215=CARTESIAN_POINT('',(90.,175.,-35.));
#4216=CARTESIAN_POINT('',(60.,175.,5.));
#4217=CARTESIAN_POINT('Origin',(60.,105.,5.));
#4218=CARTESIAN_POINT('',(60.,105.,5.));
#4219=CARTESIAN_POINT('',(60.,175.,5.));
#4220=CARTESIAN_POINT('',(60.,175.,-35.));
#4221=CARTESIAN_POINT('',(60.,105.,5.));
#4222=CARTESIAN_POINT('Origin',(75.,140.,-35.));
#4223=CARTESIAN_POINT('Origin',(150.,105.,0.));
#4224=CARTESIAN_POINT('',(150.,105.,5.));
#4225=CARTESIAN_POINT('',(150.,105.,5.));
#4226=CARTESIAN_POINT('',(150.,105.,0.));
#4227=CARTESIAN_POINT('Origin',(150.,105.,0.));
#4228=CARTESIAN_POINT('',(0.,105.,5.));
#4229=CARTESIAN_POINT('',(0.,105.,0.));
#4230=CARTESIAN_POINT('',(150.,105.,5.));
#4231=CARTESIAN_POINT('Origin',(27.5,27.5,5.));
#4232=CARTESIAN_POINT('',(27.5,27.5,5.));
#4233=CARTESIAN_POINT('',(27.5,17.,5.));
#4234=CARTESIAN_POINT('',(27.5,40.,5.));
#4235=CARTESIAN_POINT('',(27.5,27.5,5.));
#4236=CARTESIAN_POINT('',(27.5,17.,5.));
#4237=CARTESIAN_POINT('Origin',(17.,27.5,5.));
#4238=CARTESIAN_POINT('',(17.,27.5,5.));
#4239=CARTESIAN_POINT('',(46.,27.5,5.));
#4240=CARTESIAN_POINT('',(17.,27.5,5.));
#4241=CARTESIAN_POINT('Origin',(17.,17.,5.));
#4242=CARTESIAN_POINT('',(17.,17.,5.));
#4243=CARTESIAN_POINT('',(17.,34.75,5.));
#4244=CARTESIAN_POINT('',(17.,17.,5.));
#4245=CARTESIAN_POINT('Origin',(27.5,17.,5.));
#4246=CARTESIAN_POINT('',(51.25,17.,5.));
#4247=CARTESIAN_POINT('Origin',(27.5,47.25,5.));
#4248=CARTESIAN_POINT('',(27.5,47.25,5.));
#4249=CARTESIAN_POINT('',(17.,47.25,5.));
#4250=CARTESIAN_POINT('',(51.25,47.25,5.));
#4251=CARTESIAN_POINT('',(27.5,47.25,5.));
#4252=CARTESIAN_POINT('',(17.,47.25,5.));
#4253=CARTESIAN_POINT('Origin',(27.5,57.75,5.));
#4254=CARTESIAN_POINT('',(27.5,57.75,5.));
#4255=CARTESIAN_POINT('',(27.5,55.125,5.));
#4256=CARTESIAN_POINT('',(27.5,57.75,5.));
#4257=CARTESIAN_POINT('Origin',(17.,57.75,5.));
#4258=CARTESIAN_POINT('',(17.,57.75,5.));
#4259=CARTESIAN_POINT('',(46.,57.75,5.));
#4260=CARTESIAN_POINT('',(17.,57.75,5.));
#4261=CARTESIAN_POINT('Origin',(17.,47.25,5.));
#4262=CARTESIAN_POINT('',(17.,49.875,5.));
#4263=CARTESIAN_POINT('Origin',(133.,84.5,5.));
#4264=CARTESIAN_POINT('',(133.,84.5,5.));
#4265=CARTESIAN_POINT('',(133.,81.5,5.));
#4266=CARTESIAN_POINT('',(133.,68.5,5.));
#4267=CARTESIAN_POINT('',(133.,84.5,5.));
#4268=CARTESIAN_POINT('',(133.,81.5,5.));
#4269=CARTESIAN_POINT('Origin',(122.5,84.5,5.));
#4270=CARTESIAN_POINT('',(122.5,84.5,5.));
#4271=CARTESIAN_POINT('',(98.75,84.5,5.));
#4272=CARTESIAN_POINT('',(122.5,84.5,5.));
#4273=CARTESIAN_POINT('Origin',(122.5,81.5,5.));
#4274=CARTESIAN_POINT('',(122.5,81.5,5.));
#4275=CARTESIAN_POINT('',(122.5,67.,5.));
#4276=CARTESIAN_POINT('',(122.5,81.5,5.));
#4277=CARTESIAN_POINT('Origin',(133.,81.5,5.));
#4278=CARTESIAN_POINT('',(104.,81.5,5.));
#4279=CARTESIAN_POINT('Origin',(27.5,77.5,5.));
#4280=CARTESIAN_POINT('',(27.5,77.5,5.));
#4281=CARTESIAN_POINT('',(17.,77.5,5.));
#4282=CARTESIAN_POINT('',(51.25,77.5,5.));
#4283=CARTESIAN_POINT('',(27.5,77.5,5.));
#4284=CARTESIAN_POINT('',(17.,77.5,5.));
#4285=CARTESIAN_POINT('Origin',(27.5,88.,5.));
#4286=CARTESIAN_POINT('',(27.5,88.,5.));
#4287=CARTESIAN_POINT('',(27.5,70.25,5.));
#4288=CARTESIAN_POINT('',(27.5,88.,5.));
#4289=CARTESIAN_POINT('Origin',(17.,88.,5.));
#4290=CARTESIAN_POINT('',(17.,88.,5.));
#4291=CARTESIAN_POINT('',(46.,88.,5.));
#4292=CARTESIAN_POINT('',(17.,88.,5.));
#4293=CARTESIAN_POINT('Origin',(17.,77.5,5.));
#4294=CARTESIAN_POINT('',(17.,65.,5.));
#4295=CARTESIAN_POINT('Origin',(44.5,74.,5.));
#4296=CARTESIAN_POINT('',(44.5,74.,5.));
#4297=CARTESIAN_POINT('',(59.75,74.,5.));
#4298=CARTESIAN_POINT('',(44.5,74.,5.));
#4299=CARTESIAN_POINT('Origin',(44.5,31.,5.));
#4300=CARTESIAN_POINT('',(44.5,31.,5.));
#4301=CARTESIAN_POINT('',(44.5,41.75,5.));
#4302=CARTESIAN_POINT('',(44.5,31.,5.));
#4303=CARTESIAN_POINT('Origin',(105.5,31.,5.));
#4304=CARTESIAN_POINT('',(90.25,31.,5.));
#4305=CARTESIAN_POINT('Origin',(150.,0.,0.));
#4306=CARTESIAN_POINT('',(150.,0.,5.));
#4307=CARTESIAN_POINT('',(150.,0.,5.));
#4308=CARTESIAN_POINT('',(150.,0.,0.));
#4309=CARTESIAN_POINT('Origin',(0.,0.,0.));
#4310=CARTESIAN_POINT('',(0.,0.,5.));
#4311=CARTESIAN_POINT('',(0.,0.,5.));
#4312=CARTESIAN_POINT('',(0.,0.,0.));
#4313=CARTESIAN_POINT('Origin',(0.,105.,0.));
#4314=CARTESIAN_POINT('',(0.,105.,5.));
#4315=CARTESIAN_POINT('Origin',(75.,52.5,5.));
#4316=CARTESIAN_POINT('Origin',(182.5,102.5,25.));
#4317=CARTESIAN_POINT('',(182.5,2.5,25.));
#4318=CARTESIAN_POINT('',(182.5,102.5,25.));
#4319=CARTESIAN_POINT('',(182.5,77.5,25.));
#4320=CARTESIAN_POINT('',(182.5,2.5,32.));
#4321=CARTESIAN_POINT('',(182.5,2.5,25.));
#4322=CARTESIAN_POINT('',(182.5,102.5,32.));
#4323=CARTESIAN_POINT('',(182.5,2.5,32.));
#4324=CARTESIAN_POINT('',(182.5,102.5,25.));
#4325=CARTESIAN_POINT('Origin',(327.5,102.5,25.));
#4326=CARTESIAN_POINT('',(327.5,102.5,25.));
#4327=CARTESIAN_POINT('',(291.25,102.5,25.));
#4328=CARTESIAN_POINT('',(327.5,102.5,32.));
#4329=CARTESIAN_POINT('',(182.5,102.5,32.));
#4330=CARTESIAN_POINT('',(327.5,102.5,25.));
#4331=CARTESIAN_POINT('Origin',(327.5,2.5,25.));
#4332=CARTESIAN_POINT('',(327.5,2.5,25.));
#4333=CARTESIAN_POINT('',(327.5,27.5,25.));
#4334=CARTESIAN_POINT('',(327.5,2.5,32.));
#4335=CARTESIAN_POINT('',(327.5,102.5,32.));
#4336=CARTESIAN_POINT('',(327.5,2.5,25.));
#4337=CARTESIAN_POINT('Origin',(182.5,2.5,25.));
#4338=CARTESIAN_POINT('',(218.75,2.5,25.));
#4339=CARTESIAN_POINT('',(327.5,2.5,32.));
#4340=CARTESIAN_POINT('Origin',(255.,52.5,32.));
#4341=CARTESIAN_POINT('',(325.,100.,32.));
#4342=CARTESIAN_POINT('',(325.,4.99999999999996,32.));
#4343=CARTESIAN_POINT('',(325.,100.,32.));
#4344=CARTESIAN_POINT('',(185.,5.,32.));
#4345=CARTESIAN_POINT('',(325.,4.99999999999996,32.));
#4346=CARTESIAN_POINT('',(185.,100.,32.));
#4347=CARTESIAN_POINT('',(185.,5.,32.));
#4348=CARTESIAN_POINT('',(185.,100.,32.));
#4349=CARTESIAN_POINT('Origin',(204.5,23.,15.));
#4350=CARTESIAN_POINT('',(225.5,23.,15.));
#4351=CARTESIAN_POINT('',(204.5,23.,15.));
#4352=CARTESIAN_POINT('',(305.5,23.,15.));
#4353=CARTESIAN_POINT('',(225.5,23.,5.));
#4354=CARTESIAN_POINT('',(225.5,23.,15.));
#4355=CARTESIAN_POINT('',(204.5,23.,5.));
#4356=CARTESIAN_POINT('',(229.75,23.,5.));
#4357=CARTESIAN_POINT('',(204.5,23.,15.));
#4358=CARTESIAN_POINT('Origin',(204.5,100.,15.));
#4359=CARTESIAN_POINT('',(204.5,100.,15.));
#4360=CARTESIAN_POINT('',(204.5,23.,15.));
#4361=CARTESIAN_POINT('',(204.5,100.,5.));
#4362=CARTESIAN_POINT('',(204.5,76.25,5.));
#4363=CARTESIAN_POINT('',(204.5,100.,20.));
#4364=CARTESIAN_POINT('Origin',(199.5,18.,15.));
#4365=CARTESIAN_POINT('',(199.5,18.,15.));
#4366=CARTESIAN_POINT('',(199.5,100.,15.));
#4367=CARTESIAN_POINT('',(199.5,18.,15.));
#4368=CARTESIAN_POINT('',(199.5,100.,5.));
#4369=CARTESIAN_POINT('',(199.5,100.,20.));
#4370=CARTESIAN_POINT('',(199.5,18.,5.));
#4371=CARTESIAN_POINT('',(199.5,35.25,5.));
#4372=CARTESIAN_POINT('',(199.5,18.,15.));
#4373=CARTESIAN_POINT('Origin',(220.5,18.,15.));
#4374=CARTESIAN_POINT('',(220.5,18.,15.));
#4375=CARTESIAN_POINT('',(310.5,18.,15.));
#4376=CARTESIAN_POINT('',(220.5,18.,5.));
#4377=CARTESIAN_POINT('',(237.75,18.,5.));
#4378=CARTESIAN_POINT('',(220.5,18.,15.));
#4379=CARTESIAN_POINT('Origin',(220.5,4.99999999999999,15.));
#4380=CARTESIAN_POINT('',(220.5,4.99999999999999,15.));
#4381=CARTESIAN_POINT('',(220.5,4.99999999999999,15.));
#4382=CARTESIAN_POINT('',(220.5,4.99999999999999,5.));
#4383=CARTESIAN_POINT('',(220.5,28.75,5.));
#4384=CARTESIAN_POINT('',(220.5,4.99999999999999,20.));
#4385=CARTESIAN_POINT('Origin',(225.5,23.,15.));
#4386=CARTESIAN_POINT('',(225.5,4.99999999999999,15.));
#4387=CARTESIAN_POINT('',(225.5,4.99999999999999,15.));
#4388=CARTESIAN_POINT('',(225.5,4.99999999999999,5.));
#4389=CARTESIAN_POINT('',(225.5,4.99999999999999,20.));
#4390=CARTESIAN_POINT('',(225.5,37.75,5.));
#4391=CARTESIAN_POINT('Origin',(212.5,52.5,15.));
#4392=CARTESIAN_POINT('',(198.75,100.,15.));
#4393=CARTESIAN_POINT('',(268.75,4.99999999999999,15.));
#4394=CARTESIAN_POINT('Origin',(185.,100.,25.));
#4395=CARTESIAN_POINT('',(305.5,100.,5.));
#4396=CARTESIAN_POINT('',(325.,100.,5.));
#4397=CARTESIAN_POINT('',(305.5,100.,15.));
#4398=CARTESIAN_POINT('',(305.5,100.,20.));
#4399=CARTESIAN_POINT('',(310.5,100.,15.));
#4400=CARTESIAN_POINT('',(241.25,100.,15.));
#4401=CARTESIAN_POINT('',(310.5,100.,5.));
#4402=CARTESIAN_POINT('',(310.5,100.,20.));
#4403=CARTESIAN_POINT('',(325.,100.,5.));
#4404=CARTESIAN_POINT('',(325.,100.,5.));
#4405=CARTESIAN_POINT('',(325.,100.,25.));
#4406=CARTESIAN_POINT('',(185.,100.,5.));
#4407=CARTESIAN_POINT('',(185.,100.,25.));
#4408=CARTESIAN_POINT('',(325.,100.,5.));
#4409=CARTESIAN_POINT('Origin',(255.,52.5,5.));
#4410=CARTESIAN_POINT('',(284.5,5.,5.));
#4411=CARTESIAN_POINT('',(185.,5.,5.));
#4412=CARTESIAN_POINT('',(284.5,23.,5.));
#4413=CARTESIAN_POINT('',(284.5,28.75,5.));
#4414=CARTESIAN_POINT('',(305.5,23.,5.));
#4415=CARTESIAN_POINT('',(269.75,23.,5.));
#4416=CARTESIAN_POINT('',(305.5,37.75,5.));
#4417=CARTESIAN_POINT('Origin',(255.,52.5,5.));
#4418=CARTESIAN_POINT('',(185.,5.,5.));
#4419=CARTESIAN_POINT('',(185.,100.,5.));
#4420=CARTESIAN_POINT('',(185.,5.,5.));
#4421=CARTESIAN_POINT('Origin',(284.5,23.,15.));
#4422=CARTESIAN_POINT('',(305.5,23.,15.));
#4423=CARTESIAN_POINT('',(284.5,23.,15.));
#4424=CARTESIAN_POINT('',(305.5,23.,15.));
#4425=CARTESIAN_POINT('',(305.5,23.,15.));
#4426=CARTESIAN_POINT('',(284.5,23.,15.));
#4427=CARTESIAN_POINT('Origin',(284.5,5.,15.));
#4428=CARTESIAN_POINT('',(284.5,5.,15.));
#4429=CARTESIAN_POINT('',(284.5,18.,15.));
#4430=CARTESIAN_POINT('',(284.5,4.99999999999998,20.));
#4431=CARTESIAN_POINT('Origin',(289.5,18.,15.));
#4432=CARTESIAN_POINT('',(289.5,18.,15.));
#4433=CARTESIAN_POINT('',(289.5,4.99999999999999,15.));
#4434=CARTESIAN_POINT('',(289.5,18.,15.));
#4435=CARTESIAN_POINT('',(289.5,5.,5.));
#4436=CARTESIAN_POINT('',(289.5,4.99999999999998,20.));
#4437=CARTESIAN_POINT('',(289.5,18.,5.));
#4438=CARTESIAN_POINT('',(289.5,35.25,5.));
#4439=CARTESIAN_POINT('',(289.5,18.,15.));
#4440=CARTESIAN_POINT('Origin',(310.5,18.,15.));
#4441=CARTESIAN_POINT('',(310.5,18.,15.));
#4442=CARTESIAN_POINT('',(310.5,18.,15.));
#4443=CARTESIAN_POINT('',(310.5,18.,5.));
#4444=CARTESIAN_POINT('',(282.75,18.,5.));
#4445=CARTESIAN_POINT('',(310.5,18.,15.));
#4446=CARTESIAN_POINT('Origin',(310.5,100.,15.));
#4447=CARTESIAN_POINT('',(310.5,100.,15.));
#4448=CARTESIAN_POINT('',(310.5,76.25,5.));
#4449=CARTESIAN_POINT('Origin',(305.5,23.,15.));
#4450=CARTESIAN_POINT('',(305.5,100.,15.));
#4451=CARTESIAN_POINT('Origin',(297.5,52.5,15.));
#4452=CARTESIAN_POINT('',(311.25,4.99999999999998,15.));
#4453=CARTESIAN_POINT('Origin',(255.,52.5,5.));
#4454=CARTESIAN_POINT('',(325.,4.99999999999996,5.));
#4455=CARTESIAN_POINT('',(185.,5.,5.));
#4456=CARTESIAN_POINT('',(325.,4.99999999999997,5.));
#4457=CARTESIAN_POINT('Origin',(185.,5.,25.));
#4458=CARTESIAN_POINT('',(185.,5.,25.));
#4459=CARTESIAN_POINT('Origin',(325.,4.99999999999997,25.));
#4460=CARTESIAN_POINT('',(325.,4.99999999999997,25.));
#4461=CARTESIAN_POINT('Origin',(325.,100.,25.));
#4462=CARTESIAN_POINT('Origin',(330.,105.,0.));
#4463=CARTESIAN_POINT('',(330.,105.,0.));
#4464=CARTESIAN_POINT('',(180.,105.,0.));
#4465=CARTESIAN_POINT('',(330.,105.,0.));
#4466=CARTESIAN_POINT('',(180.,105.,25.));
#4467=CARTESIAN_POINT('',(180.,105.,0.));
#4468=CARTESIAN_POINT('',(330.,105.,25.));
#4469=CARTESIAN_POINT('',(330.,105.,25.));
#4470=CARTESIAN_POINT('',(330.,105.,0.));
#4471=CARTESIAN_POINT('Origin',(330.,5.51091059616308E-15,0.));
#4472=CARTESIAN_POINT('',(330.,5.51091059616308E-15,0.));
#4473=CARTESIAN_POINT('',(330.,5.51091059616308E-15,0.));
#4474=CARTESIAN_POINT('',(330.,0.,25.));
#4475=CARTESIAN_POINT('',(330.,5.51091059616308E-15,25.));
#4476=CARTESIAN_POINT('',(330.,5.51091059616308E-15,0.));
#4477=CARTESIAN_POINT('Origin',(180.,5.51091059616309E-15,0.));
#4478=CARTESIAN_POINT('',(180.,0.,0.));
#4479=CARTESIAN_POINT('',(180.,5.51091059616309E-15,0.));
#4480=CARTESIAN_POINT('',(180.,0.,25.));
#4481=CARTESIAN_POINT('',(180.,5.51091059616309E-15,25.));
#4482=CARTESIAN_POINT('',(180.,0.,0.));
#4483=CARTESIAN_POINT('Origin',(180.,105.,0.));
#4484=CARTESIAN_POINT('',(180.,105.,0.));
#4485=CARTESIAN_POINT('',(180.,105.,25.));
#4486=CARTESIAN_POINT('Origin',(255.,52.5,25.));
#4487=CARTESIAN_POINT('Origin',(255.,52.5,0.));
#4488=CARTESIAN_POINT('Origin',(0.,-10.,0.));
#4489=CARTESIAN_POINT('',(-1.5,-10.,25.));
#4490=CARTESIAN_POINT('Origin',(0.,-10.,25.));
#4491=CARTESIAN_POINT('',(-1.5,-10.,0.));
#4492=CARTESIAN_POINT('',(-1.5,-10.,0.));
#4493=CARTESIAN_POINT('Origin',(0.,-10.,0.));
#4494=CARTESIAN_POINT('Origin',(0.,-10.,25.));
#4495=CARTESIAN_POINT('Origin',(0.,-10.,0.));
#4496=CARTESIAN_POINT('Origin',(0.,-15.0000002235174,0.));
#4497=CARTESIAN_POINT('',(-1.5,-15.0000002235174,25.));
#4498=CARTESIAN_POINT('Origin',(0.,-15.0000002235174,25.));
#4499=CARTESIAN_POINT('',(-1.5,-15.0000002235174,0.));
#4500=CARTESIAN_POINT('',(-1.5,-15.0000002235174,0.));
#4501=CARTESIAN_POINT('Origin',(0.,-15.0000002235174,0.));
#4502=CARTESIAN_POINT('Origin',(0.,-15.0000002235174,25.));
#4503=CARTESIAN_POINT('Origin',(0.,-15.0000002235174,0.));
#4504=CARTESIAN_POINT('Origin',(4.00000005960464,-10.0000001490116,0.));
#4505=CARTESIAN_POINT('',(2.50000005960464,-10.0000001490116,25.));
#4506=CARTESIAN_POINT('Origin',(4.00000005960464,-10.0000001490116,25.));
#4507=CARTESIAN_POINT('',(2.50000005960464,-10.0000001490116,0.));
#4508=CARTESIAN_POINT('',(2.50000005960464,-10.0000001490116,0.));
#4509=CARTESIAN_POINT('Origin',(4.00000005960464,-10.0000001490116,0.));
#4510=CARTESIAN_POINT('Origin',(4.00000005960464,-10.0000001490116,25.));
#4511=CARTESIAN_POINT('Origin',(4.00000005960464,-10.0000001490116,0.));
#4512=CARTESIAN_POINT('Origin',(4.00000005960464,-15.0000002235174,0.));
#4513=CARTESIAN_POINT('',(2.50000005960464,-15.0000002235174,25.));
#4514=CARTESIAN_POINT('Origin',(4.00000005960464,-15.0000002235174,25.));
#4515=CARTESIAN_POINT('',(2.50000005960464,-15.0000002235174,0.));
#4516=CARTESIAN_POINT('',(2.50000005960464,-15.0000002235174,0.));
#4517=CARTESIAN_POINT('Origin',(4.00000005960464,-15.0000002235174,0.));
#4518=CARTESIAN_POINT('Origin',(4.00000005960464,-15.0000002235174,25.));
#4519=CARTESIAN_POINT('Origin',(4.00000005960464,-15.0000002235174,0.));
#4520=CARTESIAN_POINT('Origin',(5.,-45.,0.));
#4521=CARTESIAN_POINT('',(5.,-35.,5.));
#4522=CARTESIAN_POINT('',(5.,-45.,5.));
#4523=CARTESIAN_POINT('',(5.,-49.75,5.));
#4524=CARTESIAN_POINT('',(5.,-35.,20.5));
#4525=CARTESIAN_POINT('',(5.,-35.,0.));
#4526=CARTESIAN_POINT('',(5.,-45.,20.5));
#4527=CARTESIAN_POINT('',(5.,-35.,20.5));
#4528=CARTESIAN_POINT('',(5.,-45.,0.));
#4529=CARTESIAN_POINT('Origin',(0.,-45.,0.));
#4530=CARTESIAN_POINT('',(0.,-45.,5.));
#4531=CARTESIAN_POINT('',(12.5,-45.,5.));
#4532=CARTESIAN_POINT('',(0.,-45.,20.5));
#4533=CARTESIAN_POINT('',(5.,-45.,20.5));
#4534=CARTESIAN_POINT('',(0.,-45.,0.));
#4535=CARTESIAN_POINT('Origin',(2.5,-40.,20.5));
#4536=CARTESIAN_POINT('',(0.,-35.,20.5));
#4537=CARTESIAN_POINT('',(0.,-35.,20.5));
#4538=CARTESIAN_POINT('',(0.,-45.,20.5));
#4539=CARTESIAN_POINT('Origin',(50.,-35.,0.));
#4540=CARTESIAN_POINT('',(50.,-35.,5.));
#4541=CARTESIAN_POINT('',(0.,-35.,5.));
#4542=CARTESIAN_POINT('',(50.,-35.,0.));
#4543=CARTESIAN_POINT('',(50.,-35.,0.));
#4544=CARTESIAN_POINT('',(0.,-35.,0.));
#4545=CARTESIAN_POINT('',(0.,-35.,0.));
#4546=CARTESIAN_POINT('',(0.,-35.,0.));
#4547=CARTESIAN_POINT('Origin',(25.,-54.5,5.));
#4548=CARTESIAN_POINT('',(0.,-64.,5.));
#4549=CARTESIAN_POINT('',(3.31259950434605E-31,-74.,5.));
#4550=CARTESIAN_POINT('',(5.,-64.,5.));
#4551=CARTESIAN_POINT('',(15.,-64.,5.));
#4552=CARTESIAN_POINT('',(5.,-74.,5.));
#4553=CARTESIAN_POINT('',(5.,-64.25,5.));
#4554=CARTESIAN_POINT('',(50.,-74.,5.));
#4555=CARTESIAN_POINT('',(50.,-74.,5.));
#4556=CARTESIAN_POINT('',(50.,-35.,5.));
#4557=CARTESIAN_POINT('',(43.2322330470336,-39.2677669529664,5.));
#4558=CARTESIAN_POINT('Origin',(45.7322330470336,-39.2677669529664,5.));
#4559=CARTESIAN_POINT('',(43.2322329153247,-69.7322331787426,5.));
#4560=CARTESIAN_POINT('Origin',(45.7322329153247,-69.7322331787426,5.));
#4561=CARTESIAN_POINT('Origin',(45.7322329153247,-69.7322331787426,0.));
#4562=CARTESIAN_POINT('',(43.2322329153247,-69.7322331787426,20.5));
#4563=CARTESIAN_POINT('Origin',(45.7322329153247,-69.7322331787426,20.5));
#4564=CARTESIAN_POINT('',(43.2322329153247,-69.7322331787426,0.));
#4565=CARTESIAN_POINT('Origin',(45.7322329153247,-69.7322331787426,20.5));
#4566=CARTESIAN_POINT('Origin',(5.,-64.,0.));
#4567=CARTESIAN_POINT('',(0.,-64.,20.5));
#4568=CARTESIAN_POINT('',(0.,-64.,0.));
#4569=CARTESIAN_POINT('',(5.,-64.,20.5));
#4570=CARTESIAN_POINT('',(0.,-64.,20.5));
#4571=CARTESIAN_POINT('',(5.,-64.,0.));
#4572=CARTESIAN_POINT('Origin',(5.,-74.,0.));
#4573=CARTESIAN_POINT('',(5.,-74.,20.5));
#4574=CARTESIAN_POINT('',(5.,-64.,20.5));
#4575=CARTESIAN_POINT('',(5.,-74.,0.));
#4576=CARTESIAN_POINT('Origin',(2.5,-69.,20.5));
#4577=CARTESIAN_POINT('',(0.,-74.,20.5));
#4578=CARTESIAN_POINT('',(5.,-74.,20.5));
#4579=CARTESIAN_POINT('',(0.,-74.,20.5));
#4580=CARTESIAN_POINT('Origin',(0.,-35.,0.));
#4581=CARTESIAN_POINT('',(3.31259950434605E-31,-74.,0.));
#4582=CARTESIAN_POINT('',(3.31259950434605E-31,-74.,0.));
#4583=CARTESIAN_POINT('',(3.31259950434605E-31,-74.,0.));
#4584=CARTESIAN_POINT('Origin',(45.7322330470336,-39.2677669529664,0.));
#4585=CARTESIAN_POINT('',(43.2322330470336,-39.2677669529664,20.5));
#4586=CARTESIAN_POINT('Origin',(45.7322330470336,-39.2677669529664,20.5));
#4587=CARTESIAN_POINT('',(43.2322330470336,-39.2677669529664,0.));
#4588=CARTESIAN_POINT('Origin',(45.7322330470336,-39.2677669529664,20.5));
#4589=CARTESIAN_POINT('Origin',(50.,-74.,0.));
#4590=CARTESIAN_POINT('',(50.,-74.,0.));
#4591=CARTESIAN_POINT('',(50.,-35.,0.));
#4592=CARTESIAN_POINT('',(50.,-74.,0.));
#4593=CARTESIAN_POINT('Origin',(0.,-74.,0.));
#4594=CARTESIAN_POINT('',(50.,-74.,0.));
#4595=CARTESIAN_POINT('Origin',(25.,-54.5,0.));
#4596=CARTESIAN_POINT('Origin',(140.150913873591,-65.9247409698009,0.));
#4597=CARTESIAN_POINT('',(140.150913873591,-28.9247409698009,0.));
#4598=CARTESIAN_POINT('',(140.150913873591,-65.9247409698009,0.));
#4599=CARTESIAN_POINT('',(140.150913873591,-28.9247409698009,0.));
#4600=CARTESIAN_POINT('',(140.150913873591,-28.9247409698009,2.));
#4601=CARTESIAN_POINT('',(140.150913873591,-28.9247409698009,0.));
#4602=CARTESIAN_POINT('',(140.150913873591,-65.9247409698009,2.));
#4603=CARTESIAN_POINT('',(140.150913873591,-28.9247409698009,2.));
#4604=CARTESIAN_POINT('',(140.150913873591,-65.9247409698009,0.));
#4605=CARTESIAN_POINT('Origin',(137.650913873591,-47.4247409698009,2.));
#4606=CARTESIAN_POINT('',(135.150913873591,-65.9247409698009,2.));
#4607=CARTESIAN_POINT('',(140.150913873591,-65.9247409698009,2.));
#4608=CARTESIAN_POINT('',(135.150913873591,-28.9247409698009,2.));
#4609=CARTESIAN_POINT('',(135.150913873591,-28.9247409698009,2.));
#4610=CARTESIAN_POINT('',(135.150913873591,-52.5497409698009,2.));
#4611=CARTESIAN_POINT('Origin',(81.6509138735913,-28.9247409698009,0.));
#4612=CARTESIAN_POINT('',(81.6509138735913,-28.9247409698009,0.));
#4613=CARTESIAN_POINT('',(81.6509138735913,-65.9247409698009,0.));
#4614=CARTESIAN_POINT('',(81.6509138735913,-28.9247409698009,0.));
#4615=CARTESIAN_POINT('',(81.6509138735913,-65.9247409698009,2.));
#4616=CARTESIAN_POINT('',(81.6509138735913,-65.9247409698009,0.));
#4617=CARTESIAN_POINT('',(81.6509138735913,-28.9247409698009,2.));
#4618=CARTESIAN_POINT('',(81.6509138735913,-28.9247409698009,2.));
#4619=CARTESIAN_POINT('',(81.6509138735913,-28.9247409698009,0.));
#4620=CARTESIAN_POINT('Origin',(84.1509138735913,-47.4247409698009,2.));
#4621=CARTESIAN_POINT('',(86.6509138735913,-28.9247409698009,2.));
#4622=CARTESIAN_POINT('',(86.6509138735913,-65.9247409698009,2.));
#4623=CARTESIAN_POINT('',(86.6509138735913,-38.1747409698009,2.));
#4624=CARTESIAN_POINT('',(86.6509138735913,-28.9247409698009,2.));
#4625=CARTESIAN_POINT('',(81.6509138735913,-65.9247409698009,2.));
#4626=CARTESIAN_POINT('Origin',(86.6509138735913,-28.9247409698009,0.));
#4627=CARTESIAN_POINT('',(86.6509138735913,-65.9247409698009,11.));
#4628=CARTESIAN_POINT('',(86.6509138735913,-65.9247409698009,0.));
#4629=CARTESIAN_POINT('',(86.6509138735913,-28.9247409698009,11.));
#4630=CARTESIAN_POINT('',(86.6509138735913,-65.9247409698009,11.));
#4631=CARTESIAN_POINT('',(86.6509138735913,-28.9247409698009,0.));
#4632=CARTESIAN_POINT('Origin',(135.150913873591,-28.9247409698009,0.));
#4633=CARTESIAN_POINT('',(135.150913873591,-28.9247409698009,0.));
#4634=CARTESIAN_POINT('',(135.150913873591,-28.9247409698009,11.));
#4635=CARTESIAN_POINT('',(86.6509138735913,-28.9247409698009,11.));
#4636=CARTESIAN_POINT('',(135.150913873591,-28.9247409698009,0.));
#4637=CARTESIAN_POINT('Origin',(130.150913873591,-42.6747409698009,0.));
#4638=CARTESIAN_POINT('',(135.150913873591,-42.6747409698009,5.));
#4639=CARTESIAN_POINT('',(130.150913873591,-42.6747409698009,5.));
#4640=CARTESIAN_POINT('',(130.150913873591,-42.6747409698009,5.));
#4641=CARTESIAN_POINT('',(135.150913873591,-42.6747409698009,11.));
#4642=CARTESIAN_POINT('',(135.150913873591,-42.6747409698009,0.));
#4643=CARTESIAN_POINT('',(130.150913873591,-42.6747409698009,11.));
#4644=CARTESIAN_POINT('',(130.150913873591,-42.6747409698009,11.));
#4645=CARTESIAN_POINT('',(130.150913873591,-42.6747409698009,0.));
#4646=CARTESIAN_POINT('Origin',(130.150913873591,-34.9247409698009,0.));
#4647=CARTESIAN_POINT('',(130.150913873591,-34.9247409698009,5.));
#4648=CARTESIAN_POINT('',(130.150913873591,-34.9247409698009,5.));
#4649=CARTESIAN_POINT('',(130.150913873591,-34.9247409698009,11.));
#4650=CARTESIAN_POINT('',(130.150913873591,-34.9247409698009,11.));
#4651=CARTESIAN_POINT('',(130.150913873591,-34.9247409698009,0.));
#4652=CARTESIAN_POINT('Origin',(94.6509138735913,-34.9247409698009,0.));
#4653=CARTESIAN_POINT('',(94.6509138735913,-34.9247409698009,5.));
#4654=CARTESIAN_POINT('',(94.6509138735913,-34.9247409698009,5.));
#4655=CARTESIAN_POINT('',(94.6509138735913,-34.9247409698009,11.));
#4656=CARTESIAN_POINT('',(94.6509138735913,-34.9247409698009,11.));
#4657=CARTESIAN_POINT('',(94.6509138735913,-34.9247409698009,0.));
#4658=CARTESIAN_POINT('Origin',(94.6509138735913,-62.4247409698009,0.));
#4659=CARTESIAN_POINT('',(94.6509138735913,-62.4247409698009,5.));
#4660=CARTESIAN_POINT('',(94.6509138735913,-62.4247409698009,5.));
#4661=CARTESIAN_POINT('',(94.6509138735913,-62.4247409698009,11.));
#4662=CARTESIAN_POINT('',(94.6509138735913,-62.4247409698009,11.));
#4663=CARTESIAN_POINT('',(94.6509138735913,-62.4247409698009,0.));
#4664=CARTESIAN_POINT('Origin',(130.150913873591,-62.4247409698009,0.));
#4665=CARTESIAN_POINT('',(130.150913873591,-62.4247409698009,5.));
#4666=CARTESIAN_POINT('',(130.150913873591,-62.4247409698009,5.));
#4667=CARTESIAN_POINT('',(130.150913873591,-62.4247409698009,11.));
#4668=CARTESIAN_POINT('',(130.150913873591,-62.4247409698009,11.));
#4669=CARTESIAN_POINT('',(130.150913873591,-62.4247409698009,0.));
#4670=CARTESIAN_POINT('Origin',(130.150913873591,-57.6747409698009,0.));
#4671=CARTESIAN_POINT('',(130.150913873591,-57.6747409698009,5.));
#4672=CARTESIAN_POINT('',(130.150913873591,-34.9247409698009,5.));
#4673=CARTESIAN_POINT('',(130.150913873591,-57.6747409698009,11.));
#4674=CARTESIAN_POINT('',(130.150913873591,-34.9247409698009,11.));
#4675=CARTESIAN_POINT('',(130.150913873591,-57.6747409698009,0.));
#4676=CARTESIAN_POINT('Origin',(135.150913873591,-57.6747409698009,0.));
#4677=CARTESIAN_POINT('',(135.150913873591,-57.6747409698009,5.));
#4678=CARTESIAN_POINT('',(135.150913873591,-57.6747409698009,5.));
#4679=CARTESIAN_POINT('',(135.150913873591,-57.6747409698009,11.));
#4680=CARTESIAN_POINT('',(135.150913873591,-57.6747409698009,11.));
#4681=CARTESIAN_POINT('',(135.150913873591,-57.6747409698009,0.));
#4682=CARTESIAN_POINT('Origin',(86.6509138735913,-65.9247409698009,0.));
#4683=CARTESIAN_POINT('',(135.150913873591,-65.9247409698009,0.));
#4684=CARTESIAN_POINT('',(135.150913873591,-65.9247409698009,11.));
#4685=CARTESIAN_POINT('',(135.150913873591,-65.9247409698009,0.));
#4686=CARTESIAN_POINT('',(135.150913873591,-65.9247409698009,11.));
#4687=CARTESIAN_POINT('Origin',(110.900913873591,-47.4247409698009,11.));
#4688=CARTESIAN_POINT('',(135.150913873591,-65.9247409698009,11.));
#4689=CARTESIAN_POINT('',(135.150913873591,-65.9247409698009,11.));
#4690=CARTESIAN_POINT('Origin',(135.150913873591,-57.6747409698009,0.));
#4691=CARTESIAN_POINT('',(135.150913873591,-65.9247409698009,5.));
#4692=CARTESIAN_POINT('Origin',(114.900913873591,-48.6747409698009,5.));
#4693=CARTESIAN_POINT('Origin',(114.900913873591,-48.6747409698009,0.));
#4694=UNCERTAINTY_MEASURE_WITH_UNIT(LENGTH_MEASURE(0.01),#4698,
'DISTANCE_ACCURACY_VALUE',
'Maximum model space distance between geometric entities at asserted c
onnectivities');
#4695=UNCERTAINTY_MEASURE_WITH_UNIT(LENGTH_MEASURE(0.01),#4698,
'DISTANCE_ACCURACY_VALUE',
'Maximum model space distance between geometric entities at asserted c
onnectivities');
#4696=(
GEOMETRIC_REPRESENTATION_CONTEXT(3)
GLOBAL_UNCERTAINTY_ASSIGNED_CONTEXT((#4694))
GLOBAL_UNIT_ASSIGNED_CONTEXT((#4698,#4700,#4701))
REPRESENTATION_CONTEXT('','3D')
);
#4697=(
GEOMETRIC_REPRESENTATION_CONTEXT(3)
GLOBAL_UNCERTAINTY_ASSIGNED_CONTEXT((#4695))
GLOBAL_UNIT_ASSIGNED_CONTEXT((#4698,#4700,#4701))
REPRESENTATION_CONTEXT('','3D')
);
#4698=(
LENGTH_UNIT()
NAMED_UNIT(*)
SI_UNIT(.MILLI.,.METRE.)
);
#4699=(
LENGTH_UNIT()
NAMED_UNIT(*)
SI_UNIT($,.METRE.)
);
#4700=(
NAMED_UNIT(*)
PLANE_ANGLE_UNIT()
SI_UNIT($,.RADIAN.)
);
#4701=(
NAMED_UNIT(*)
SI_UNIT($,.STERADIAN.)
SOLID_ANGLE_UNIT()
);
#4702=SHAPE_DEFINITION_REPRESENTATION(#4703,#4704);
#4703=PRODUCT_DEFINITION_SHAPE('',$,#4706);
#4704=SHAPE_REPRESENTATION('',(#2965),#4696);
#4705=PRODUCT_DEFINITION_CONTEXT('part definition',#4710,'design');
#4706=PRODUCT_DEFINITION('2026-06-10-22-25-07-125','Remote_Cad_V10 v2',
#4707,#4705);
#4707=PRODUCT_DEFINITION_FORMATION('',$,#4712);
#4708=PRODUCT_RELATED_PRODUCT_CATEGORY('Remote_Cad_V10 v2',
'Remote_Cad_V10 v2',(#4712));
#4709=APPLICATION_PROTOCOL_DEFINITION('international standard',
'automotive_design',2009,#4710);
#4710=APPLICATION_CONTEXT(
'Core Data for Automotive Mechanical Design Process');
#4711=PRODUCT_CONTEXT('part definition',#4710,'mechanical');
#4712=PRODUCT('2026-06-10-22-25-07-125','Remote_Cad_V10 v2',$,(#4711));
#4713=PRESENTATION_STYLE_ASSIGNMENT((#4714));
#4714=SURFACE_STYLE_USAGE(.BOTH.,#4715);
#4715=SURFACE_SIDE_STYLE('',(#4716));
#4716=SURFACE_STYLE_FILL_AREA(#4717);
#4717=FILL_AREA_STYLE('Steel - Satin',(#4718));
#4718=FILL_AREA_STYLE_COLOUR('Steel - Satin',#4719);
#4719=COLOUR_RGB('Steel - Satin',0.627450980392157,0.627450980392157,0.627450980392157);
ENDSEC;
END-ISO-10303-21;
