ISO-10303-21;
HEADER;
/* Generated by software containing ST-Developer
 * from STEP Tools, Inc. (www.steptools.com) 
 */

FILE_DESCRIPTION(
/* description */ (''),
/* implementation_level */ '2;1');

FILE_NAME(
/* name */ '814e7a64-1de6-4c33-957b-90fac6e145eb.stp',
/* time_stamp */ '2026-08-18T20:54:54Z',
/* author */ (''),
/* organization */ (''),
/* preprocessor_version */ 'ST-DEVELOPER v20.1',
/* originating_system */ 'Autodesk Translation Framework v15.8.0.0',
/* authorisation */ '');

FILE_SCHEMA (('AUTOMOTIVE_DESIGN { 1 0 10303 214 3 1 1 }'));
ENDSEC;

DATA;
#10=MECHANICAL_DESIGN_GEOMETRIC_PRESENTATION_REPRESENTATION('',(#13,#14),
#7829);
#11=SHAPE_REPRESENTATION_RELATIONSHIP('SRR','None',#7836,#12);
#12=ADVANCED_BREP_SHAPE_REPRESENTATION('',(#15,#16),#7828);
#13=STYLED_ITEM('',(#7845),#15);
#14=STYLED_ITEM('',(#7845),#16);
#15=MANIFOLD_SOLID_BREP('Body1',#3920);
#16=MANIFOLD_SOLID_BREP('Body2',#3921);
#17=FACE_BOUND('',#694,.T.);
#18=FACE_BOUND('',#714,.T.);
#19=FACE_BOUND('',#716,.T.);
#20=FACE_BOUND('',#717,.T.);
#21=FACE_BOUND('',#718,.T.);
#22=FACE_BOUND('',#719,.T.);
#23=FACE_BOUND('',#720,.T.);
#24=FACE_BOUND('',#721,.T.);
#25=FACE_BOUND('',#722,.T.);
#26=FACE_BOUND('',#723,.T.);
#27=FACE_BOUND('',#742,.T.);
#28=FACE_BOUND('',#806,.T.);
#29=FACE_BOUND('',#839,.T.);
#30=FACE_BOUND('',#840,.T.);
#31=B_SPLINE_CURVE_WITH_KNOTS('',3,(#4557,#4558,#4559,#4560,#4561),
 .UNSPECIFIED.,.F.,.F.,(4,1,4),(0.,0.105172801781704,0.208987486073776),
 .UNSPECIFIED.);
#32=B_SPLINE_CURVE_WITH_KNOTS('',3,(#4563,#4564,#4565,#4566,#4567),
 .UNSPECIFIED.,.F.,.F.,(4,1,4),(-0.208987486073776,-0.105172801781704,0.),
 .UNSPECIFIED.);
#33=B_SPLINE_CURVE_WITH_KNOTS('',3,(#4580,#4581,#4582,#4583,#4584),
 .UNSPECIFIED.,.F.,.F.,(4,1,4),(0.,0.129959002349897,0.190262026463063),
 .UNSPECIFIED.);
#34=B_SPLINE_CURVE_WITH_KNOTS('',3,(#4586,#4587,#4588,#4589,#4590),
 .UNSPECIFIED.,.F.,.F.,(4,1,4),(-0.190262026463063,-0.129959002349897,0.),
 .UNSPECIFIED.);
#35=B_SPLINE_CURVE_WITH_KNOTS('',3,(#4621,#4622,#4623,#4624,#4625),
 .UNSPECIFIED.,.F.,.F.,(4,1,4),(0.,0.18843793502221,0.362671348326283),
 .UNSPECIFIED.);
#36=B_SPLINE_CURVE_WITH_KNOTS('',3,(#4627,#4628,#4629,#4630,#4631),
 .UNSPECIFIED.,.F.,.F.,(4,1,4),(-0.362671348326283,-0.18843793502221,0.),
 .UNSPECIFIED.);
#37=B_SPLINE_CURVE_WITH_KNOTS('',3,(#4644,#4645,#4646,#4647,#4648),
 .UNSPECIFIED.,.F.,.F.,(4,1,4),(0.,0.104157337054069,0.223238239869301),
 .UNSPECIFIED.);
#38=B_SPLINE_CURVE_WITH_KNOTS('',3,(#4650,#4651,#4652,#4653,#4654),
 .UNSPECIFIED.,.F.,.F.,(4,1,4),(-0.223238239869301,-0.104157337054069,0.),
 .UNSPECIFIED.);
#39=B_SPLINE_CURVE_WITH_KNOTS('',3,(#4697,#4698,#4699,#4700,#4701),
 .UNSPECIFIED.,.F.,.F.,(4,1,4),(0.,0.0799284364533426,0.12145427120196),
 .UNSPECIFIED.);
#40=B_SPLINE_CURVE_WITH_KNOTS('',3,(#4703,#4704,#4705,#4706,#4707),
 .UNSPECIFIED.,.F.,.F.,(4,1,4),(-0.12145427120196,-0.0799284364533426,0.),
 .UNSPECIFIED.);
#41=B_SPLINE_CURVE_WITH_KNOTS('',3,(#4720,#4721,#4722,#4723,#4724),
 .UNSPECIFIED.,.F.,.F.,(4,1,4),(0.,0.0655599658497882,0.120946124949142),
 .UNSPECIFIED.);
#42=B_SPLINE_CURVE_WITH_KNOTS('',3,(#4726,#4727,#4728,#4729,#4730),
 .UNSPECIFIED.,.F.,.F.,(4,1,4),(-0.120946124949142,-0.0655599658497882,
0.),.UNSPECIFIED.);
#43=B_SPLINE_CURVE_WITH_KNOTS('',3,(#4762,#4763,#4764,#4765,#4766),
 .UNSPECIFIED.,.F.,.F.,(4,1,4),(0.,0.0673043672973322,0.127814267735121),
 .UNSPECIFIED.);
#44=B_SPLINE_CURVE_WITH_KNOTS('',3,(#4768,#4769,#4770,#4771,#4772),
 .UNSPECIFIED.,.F.,.F.,(4,1,4),(-0.127814267735121,-0.0673043672973322,
0.),.UNSPECIFIED.);
#45=B_SPLINE_CURVE_WITH_KNOTS('',3,(#4785,#4786,#4787,#4788,#4789),
 .UNSPECIFIED.,.F.,.F.,(4,1,4),(0.,0.0631551948361298,0.138393588477396),
 .UNSPECIFIED.);
#46=B_SPLINE_CURVE_WITH_KNOTS('',3,(#4791,#4792,#4793,#4794,#4795),
 .UNSPECIFIED.,.F.,.F.,(4,1,4),(-0.138393588477396,-0.0631551948361298,
0.),.UNSPECIFIED.);
#47=B_SPLINE_CURVE_WITH_KNOTS('',3,(#4808,#4809,#4810,#4811,#4812),
 .UNSPECIFIED.,.F.,.F.,(4,1,4),(0.,0.0741715634583177,0.132094318242236),
 .UNSPECIFIED.);
#48=B_SPLINE_CURVE_WITH_KNOTS('',3,(#4814,#4815,#4816,#4817,#4818),
 .UNSPECIFIED.,.F.,.F.,(4,1,4),(-0.132094318242236,-0.0741715634583177,
0.),.UNSPECIFIED.);
#49=B_SPLINE_CURVE_WITH_KNOTS('',3,(#4831,#4832,#4833,#4834,#4835),
 .UNSPECIFIED.,.F.,.F.,(4,1,4),(0.,0.048408243160958,0.0929984725768322),
 .UNSPECIFIED.);
#50=B_SPLINE_CURVE_WITH_KNOTS('',3,(#4837,#4838,#4839,#4840,#4841),
 .UNSPECIFIED.,.F.,.F.,(4,1,4),(-0.0929984725768322,-0.048408243160958,
0.),.UNSPECIFIED.);
#51=B_SPLINE_CURVE_WITH_KNOTS('',3,(#4854,#4855,#4856,#4857,#4858),
 .UNSPECIFIED.,.F.,.F.,(4,1,4),(0.,0.038258922887553,0.0774579637553417),
 .UNSPECIFIED.);
#52=B_SPLINE_CURVE_WITH_KNOTS('',3,(#4860,#4861,#4862,#4863,#4864),
 .UNSPECIFIED.,.F.,.F.,(4,1,4),(-0.0774579637553417,-0.038258922887553,
0.),.UNSPECIFIED.);
#53=B_SPLINE_CURVE_WITH_KNOTS('',3,(#4877,#4878,#4879,#4880,#4881),
 .UNSPECIFIED.,.F.,.F.,(4,1,4),(0.,0.0477626979439927,0.132465447861098),
 .UNSPECIFIED.);
#54=B_SPLINE_CURVE_WITH_KNOTS('',3,(#4883,#4884,#4885,#4886,#4887),
 .UNSPECIFIED.,.F.,.F.,(4,1,4),(-0.132465447861098,-0.0477626979439927,
0.),.UNSPECIFIED.);
#55=B_SPLINE_CURVE_WITH_KNOTS('',3,(#4900,#4901,#4902,#4903,#4904),
 .UNSPECIFIED.,.F.,.F.,(4,1,4),(0.,0.118682517440957,0.196494041604928),
 .UNSPECIFIED.);
#56=B_SPLINE_CURVE_WITH_KNOTS('',3,(#4906,#4907,#4908,#4909,#4910),
 .UNSPECIFIED.,.F.,.F.,(4,1,4),(-0.196494041604928,-0.118682517440957,0.),
 .UNSPECIFIED.);
#57=B_SPLINE_CURVE_WITH_KNOTS('',3,(#4923,#4924,#4925,#4926,#4927),
 .UNSPECIFIED.,.F.,.F.,(4,1,4),(0.,0.054633398929602,0.106055230128558),
 .UNSPECIFIED.);
#58=B_SPLINE_CURVE_WITH_KNOTS('',3,(#4929,#4930,#4931,#4932,#4933),
 .UNSPECIFIED.,.F.,.F.,(4,1,4),(-0.106055230128558,-0.054633398929602,0.),
 .UNSPECIFIED.);
#59=B_SPLINE_CURVE_WITH_KNOTS('',3,(#4946,#4947,#4948,#4949,#4950),
 .UNSPECIFIED.,.F.,.F.,(4,1,4),(0.,0.0505173065535383,0.101864855674107),
 .UNSPECIFIED.);
#60=B_SPLINE_CURVE_WITH_KNOTS('',3,(#4952,#4953,#4954,#4955,#4956),
 .UNSPECIFIED.,.F.,.F.,(4,1,4),(-0.101864855674107,-0.0505173065535383,
0.),.UNSPECIFIED.);
#61=B_SPLINE_CURVE_WITH_KNOTS('',3,(#4969,#4970,#4971,#4972,#4973),
 .UNSPECIFIED.,.F.,.F.,(4,1,4),(0.,0.0469686546395782,0.0931266353065198),
 .UNSPECIFIED.);
#62=B_SPLINE_CURVE_WITH_KNOTS('',3,(#4975,#4976,#4977,#4978,#4979),
 .UNSPECIFIED.,.F.,.F.,(4,1,4),(-0.0931266353065198,-0.0469686546395782,
0.),.UNSPECIFIED.);
#63=B_SPLINE_CURVE_WITH_KNOTS('',3,(#4992,#4993,#4994,#4995,#4996),
 .UNSPECIFIED.,.F.,.F.,(4,1,4),(0.,0.0459566172450847,0.0919624639945723),
 .UNSPECIFIED.);
#64=B_SPLINE_CURVE_WITH_KNOTS('',3,(#4998,#4999,#5000,#5001,#5002),
 .UNSPECIFIED.,.F.,.F.,(4,1,4),(-0.0919624639945723,-0.0459566172450847,
0.),.UNSPECIFIED.);
#65=B_SPLINE_CURVE_WITH_KNOTS('',3,(#5015,#5016,#5017,#5018,#5019),
 .UNSPECIFIED.,.F.,.F.,(4,1,4),(0.,0.039078485868669,0.0862331918900633),
 .UNSPECIFIED.);
#66=B_SPLINE_CURVE_WITH_KNOTS('',3,(#5021,#5022,#5023,#5024,#5025),
 .UNSPECIFIED.,.F.,.F.,(4,1,4),(-0.0862331918900633,-0.039078485868669,
0.),.UNSPECIFIED.);
#67=B_SPLINE_CURVE_WITH_KNOTS('',3,(#5038,#5039,#5040,#5041,#5042),
 .UNSPECIFIED.,.F.,.F.,(4,1,4),(0.,0.052412127853234,0.107360370679453),
 .UNSPECIFIED.);
#68=B_SPLINE_CURVE_WITH_KNOTS('',3,(#5044,#5045,#5046,#5047,#5048),
 .UNSPECIFIED.,.F.,.F.,(4,1,4),(-0.107360370679453,-0.052412127853234,0.),
 .UNSPECIFIED.);
#69=B_SPLINE_CURVE_WITH_KNOTS('',3,(#5061,#5062,#5063,#5064,#5065),
 .UNSPECIFIED.,.F.,.F.,(4,1,4),(0.,0.0802997914631077,0.152355861806031),
 .UNSPECIFIED.);
#70=B_SPLINE_CURVE_WITH_KNOTS('',3,(#5067,#5068,#5069,#5070,#5071),
 .UNSPECIFIED.,.F.,.F.,(4,1,4),(-0.152355861806031,-0.0802997914631077,
0.),.UNSPECIFIED.);
#71=B_SPLINE_CURVE_WITH_KNOTS('',3,(#5084,#5085,#5086,#5087,#5088),
 .UNSPECIFIED.,.F.,.F.,(4,1,4),(0.,0.0630375080503729,0.117311159713042),
 .UNSPECIFIED.);
#72=B_SPLINE_CURVE_WITH_KNOTS('',3,(#5090,#5091,#5092,#5093,#5094),
 .UNSPECIFIED.,.F.,.F.,(4,1,4),(-0.117311159713042,-0.0630375080503729,
0.),.UNSPECIFIED.);
#73=B_SPLINE_CURVE_WITH_KNOTS('',3,(#5107,#5108,#5109,#5110,#5111),
 .UNSPECIFIED.,.F.,.F.,(4,1,4),(0.,0.0554584002222632,0.12072705699977),
 .UNSPECIFIED.);
#74=B_SPLINE_CURVE_WITH_KNOTS('',3,(#5113,#5114,#5115,#5116,#5117),
 .UNSPECIFIED.,.F.,.F.,(4,1,4),(-0.12072705699977,-0.0554584002222632,0.),
 .UNSPECIFIED.);
#75=B_SPLINE_CURVE_WITH_KNOTS('',3,(#5136,#5137,#5138,#5139,#5140),
 .UNSPECIFIED.,.F.,.F.,(4,1,4),(0.,0.0522858386284682,0.101249704576685),
 .UNSPECIFIED.);
#76=B_SPLINE_CURVE_WITH_KNOTS('',3,(#5142,#5143,#5144,#5145,#5146),
 .UNSPECIFIED.,.F.,.F.,(4,1,4),(-0.101249704576685,-0.0522858386284682,
0.),.UNSPECIFIED.);
#77=B_SPLINE_CURVE_WITH_KNOTS('',3,(#5159,#5160,#5161,#5162,#5163),
 .UNSPECIFIED.,.F.,.F.,(4,1,4),(0.,0.0528511496025701,0.116856962316291),
 .UNSPECIFIED.);
#78=B_SPLINE_CURVE_WITH_KNOTS('',3,(#5165,#5166,#5167,#5168,#5169),
 .UNSPECIFIED.,.F.,.F.,(4,1,4),(-0.116856962316291,-0.0528511496025701,
0.),.UNSPECIFIED.);
#79=B_SPLINE_CURVE_WITH_KNOTS('',3,(#5182,#5183,#5184,#5185,#5186),
 .UNSPECIFIED.,.F.,.F.,(4,1,4),(0.,0.072812381334673,0.125434282157279),
 .UNSPECIFIED.);
#80=B_SPLINE_CURVE_WITH_KNOTS('',3,(#5188,#5189,#5190,#5191,#5192),
 .UNSPECIFIED.,.F.,.F.,(4,1,4),(-0.125434282157279,-0.072812381334673,0.),
 .UNSPECIFIED.);
#81=B_SPLINE_CURVE_WITH_KNOTS('',3,(#5205,#5206,#5207,#5208,#5209),
 .UNSPECIFIED.,.F.,.F.,(4,1,4),(0.,0.0407015144629629,0.0769751180786286),
 .UNSPECIFIED.);
#82=B_SPLINE_CURVE_WITH_KNOTS('',3,(#5211,#5212,#5213,#5214,#5215),
 .UNSPECIFIED.,.F.,.F.,(4,1,4),(-0.0769751180786286,-0.0407015144629629,
0.),.UNSPECIFIED.);
#83=B_SPLINE_CURVE_WITH_KNOTS('',3,(#5228,#5229,#5230,#5231,#5232),
 .UNSPECIFIED.,.F.,.F.,(4,1,4),(0.,0.02298896500722,0.0461944786594609),
 .UNSPECIFIED.);
#84=B_SPLINE_CURVE_WITH_KNOTS('',3,(#5234,#5235,#5236,#5237,#5238),
 .UNSPECIFIED.,.F.,.F.,(4,1,4),(-0.0461944786594609,-0.02298896500722,0.),
 .UNSPECIFIED.);
#85=B_SPLINE_CURVE_WITH_KNOTS('',3,(#5251,#5252,#5253,#5254,#5255),
 .UNSPECIFIED.,.F.,.F.,(4,1,4),(0.,0.0264215225702992,0.0578498931280283),
 .UNSPECIFIED.);
#86=B_SPLINE_CURVE_WITH_KNOTS('',3,(#5257,#5258,#5259,#5260,#5261),
 .UNSPECIFIED.,.F.,.F.,(4,1,4),(-0.0578498931280283,-0.0264215225702992,
0.),.UNSPECIFIED.);
#87=B_SPLINE_CURVE_WITH_KNOTS('',3,(#5274,#5275,#5276,#5277,#5278),
 .UNSPECIFIED.,.F.,.F.,(4,1,4),(0.,0.0380270919423356,0.112916225070249),
 .UNSPECIFIED.);
#88=B_SPLINE_CURVE_WITH_KNOTS('',3,(#5280,#5281,#5282,#5283,#5284),
 .UNSPECIFIED.,.F.,.F.,(4,1,4),(-0.112916225070249,-0.0380270919423356,
0.),.UNSPECIFIED.);
#89=B_SPLINE_CURVE_WITH_KNOTS('',3,(#5297,#5298,#5299,#5300,#5301),
 .UNSPECIFIED.,.F.,.F.,(4,1,4),(0.,0.115025359444378,0.190592255405525),
 .UNSPECIFIED.);
#90=B_SPLINE_CURVE_WITH_KNOTS('',3,(#5303,#5304,#5305,#5306,#5307),
 .UNSPECIFIED.,.F.,.F.,(4,1,4),(-0.190592255405525,-0.115025359444378,0.),
 .UNSPECIFIED.);
#91=B_SPLINE_CURVE_WITH_KNOTS('',3,(#5320,#5321,#5322,#5323,#5324),
 .UNSPECIFIED.,.F.,.F.,(4,1,4),(0.,0.0534040838797845,0.104439305334663),
 .UNSPECIFIED.);
#92=B_SPLINE_CURVE_WITH_KNOTS('',3,(#5326,#5327,#5328,#5329,#5330),
 .UNSPECIFIED.,.F.,.F.,(4,1,4),(-0.104439305334663,-0.0534040838797845,
0.),.UNSPECIFIED.);
#93=B_SPLINE_CURVE_WITH_KNOTS('',3,(#5343,#5344,#5345,#5346,#5347),
 .UNSPECIFIED.,.F.,.F.,(4,1,4),(0.,0.0522633461313371,0.110367742027447),
 .UNSPECIFIED.);
#94=B_SPLINE_CURVE_WITH_KNOTS('',3,(#5349,#5350,#5351,#5352,#5353),
 .UNSPECIFIED.,.F.,.F.,(4,1,4),(-0.110367742027447,-0.0522633461313371,
0.),.UNSPECIFIED.);
#95=B_SPLINE_CURVE_WITH_KNOTS('',3,(#5366,#5367,#5368,#5369,#5370),
 .UNSPECIFIED.,.F.,.F.,(4,1,4),(0.,0.0602696174507591,0.122395389736737),
 .UNSPECIFIED.);
#96=B_SPLINE_CURVE_WITH_KNOTS('',3,(#5372,#5373,#5374,#5375,#5376),
 .UNSPECIFIED.,.F.,.F.,(4,1,4),(-0.122395389736737,-0.0602696174507591,
0.),.UNSPECIFIED.);
#97=B_SPLINE_CURVE_WITH_KNOTS('',3,(#5389,#5390,#5391,#5392,#5393),
 .UNSPECIFIED.,.F.,.F.,(4,1,4),(0.,0.0650075600561553,0.13453987389407),
 .UNSPECIFIED.);
#98=B_SPLINE_CURVE_WITH_KNOTS('',3,(#5395,#5396,#5397,#5398,#5399),
 .UNSPECIFIED.,.F.,.F.,(4,1,4),(-0.13453987389407,-0.0650075600561553,0.),
 .UNSPECIFIED.);
#99=B_SPLINE_CURVE_WITH_KNOTS('',3,(#5412,#5413,#5414,#5415,#5416),
 .UNSPECIFIED.,.F.,.F.,(4,1,4),(0.,0.0753269599691056,0.156498879599064),
 .UNSPECIFIED.);
#100=B_SPLINE_CURVE_WITH_KNOTS('',3,(#5418,#5419,#5420,#5421,#5422),
 .UNSPECIFIED.,.F.,.F.,(4,1,4),(-0.156498879599064,-0.0753269599691056,
0.),.UNSPECIFIED.);
#101=B_SPLINE_CURVE_WITH_KNOTS('',3,(#5435,#5436,#5437,#5438,#5439),
 .UNSPECIFIED.,.F.,.F.,(4,1,4),(0.,0.125264493380398,0.226170020033292),
 .UNSPECIFIED.);
#102=B_SPLINE_CURVE_WITH_KNOTS('',3,(#5441,#5442,#5443,#5444,#5445),
 .UNSPECIFIED.,.F.,.F.,(4,1,4),(-0.226170020033292,-0.125264493380398,0.),
 .UNSPECIFIED.);
#103=B_SPLINE_CURVE_WITH_KNOTS('',3,(#5457,#5458,#5459,#5460,#5461),
 .UNSPECIFIED.,.F.,.F.,(4,1,4),(0.,0.0947503550852873,0.201391014785672),
 .UNSPECIFIED.);
#104=B_SPLINE_CURVE_WITH_KNOTS('',3,(#5462,#5463,#5464,#5465,#5466),
 .UNSPECIFIED.,.F.,.F.,(4,1,4),(-0.201391014785672,-0.0947503550852873,
0.),.UNSPECIFIED.);
#105=B_SPLINE_CURVE_WITH_KNOTS('',3,(#5480,#5481,#5482,#5483,#5484),
 .UNSPECIFIED.,.F.,.F.,(4,1,4),(0.,0.122470680276133,0.219481466679232),
 .UNSPECIFIED.);
#106=B_SPLINE_CURVE_WITH_KNOTS('',3,(#5488,#5489,#5490,#5491,#5492),
 .UNSPECIFIED.,.F.,.F.,(4,1,4),(-0.219481466679232,-0.122470680276133,0.),
 .UNSPECIFIED.);
#107=B_SPLINE_CURVE_WITH_KNOTS('',3,(#5505,#5506,#5507,#5508,#5509),
 .UNSPECIFIED.,.F.,.F.,(4,1,4),(0.,0.082215620275626,0.158703068638057),
 .UNSPECIFIED.);
#108=B_SPLINE_CURVE_WITH_KNOTS('',3,(#5511,#5512,#5513,#5514,#5515),
 .UNSPECIFIED.,.F.,.F.,(4,1,4),(-0.158703068638057,-0.082215620275626,0.),
 .UNSPECIFIED.);
#109=B_SPLINE_CURVE_WITH_KNOTS('',3,(#5528,#5529,#5530,#5531,#5532),
 .UNSPECIFIED.,.F.,.F.,(4,1,4),(0.,0.0762345065625095,0.155747074077284),
 .UNSPECIFIED.);
#110=B_SPLINE_CURVE_WITH_KNOTS('',3,(#5534,#5535,#5536,#5537,#5538),
 .UNSPECIFIED.,.F.,.F.,(4,1,4),(-0.155747074077284,-0.0762345065625095,
0.),.UNSPECIFIED.);
#111=B_SPLINE_CURVE_WITH_KNOTS('',3,(#5551,#5552,#5553,#5554,#5555),
 .UNSPECIFIED.,.F.,.F.,(4,1,4),(0.,0.093234872938661,0.211824697052694),
 .UNSPECIFIED.);
#112=B_SPLINE_CURVE_WITH_KNOTS('',3,(#5557,#5558,#5559,#5560,#5561),
 .UNSPECIFIED.,.F.,.F.,(4,1,4),(-0.211824697052694,-0.093234872938661,0.),
 .UNSPECIFIED.);
#113=B_SPLINE_CURVE_WITH_KNOTS('',3,(#5574,#5575,#5576,#5577,#5578),
 .UNSPECIFIED.,.F.,.F.,(4,1,4),(0.,0.129715655380311,0.228871096816503),
 .UNSPECIFIED.);
#114=B_SPLINE_CURVE_WITH_KNOTS('',3,(#5580,#5581,#5582,#5583,#5584),
 .UNSPECIFIED.,.F.,.F.,(4,1,4),(-0.228871096816503,-0.129715655380311,0.),
 .UNSPECIFIED.);
#115=B_SPLINE_CURVE_WITH_KNOTS('',3,(#5597,#5598,#5599,#5600,#5601),
 .UNSPECIFIED.,.F.,.F.,(4,1,4),(0.,0.0825384733748682,0.161723510980715),
 .UNSPECIFIED.);
#116=B_SPLINE_CURVE_WITH_KNOTS('',3,(#5603,#5604,#5605,#5606,#5607),
 .UNSPECIFIED.,.F.,.F.,(4,1,4),(-0.161723510980715,-0.0825384733748682,
0.),.UNSPECIFIED.);
#117=B_SPLINE_CURVE_WITH_KNOTS('',3,(#5620,#5621,#5622,#5623,#5624),
 .UNSPECIFIED.,.F.,.F.,(4,1,4),(0.,0.0769560514028451,0.156416785843025),
 .UNSPECIFIED.);
#118=B_SPLINE_CURVE_WITH_KNOTS('',3,(#5626,#5627,#5628,#5629,#5630),
 .UNSPECIFIED.,.F.,.F.,(4,1,4),(-0.156416785843025,-0.0769560514028451,
0.),.UNSPECIFIED.);
#119=B_SPLINE_CURVE_WITH_KNOTS('',3,(#5642,#5643,#5644,#5645,#5646),
 .UNSPECIFIED.,.F.,.F.,(4,1,4),(0.,0.0954594600104961,0.220872034152471),
 .UNSPECIFIED.);
#120=B_SPLINE_CURVE_WITH_KNOTS('',3,(#5647,#5648,#5649,#5650,#5651),
 .UNSPECIFIED.,.F.,.F.,(4,1,4),(-0.220872034152471,-0.0954594600104961,
0.),.UNSPECIFIED.);
#121=B_SPLINE_CURVE_WITH_KNOTS('',3,(#5672,#5673,#5674,#5675,#5676),
 .UNSPECIFIED.,.F.,.F.,(4,1,4),(0.,0.117367284851676,0.237913569048928),
 .UNSPECIFIED.);
#122=B_SPLINE_CURVE_WITH_KNOTS('',3,(#5678,#5679,#5680,#5681,#5682),
 .UNSPECIFIED.,.F.,.F.,(4,1,4),(-0.237913569048928,-0.117367284851676,0.),
 .UNSPECIFIED.);
#123=B_SPLINE_CURVE_WITH_KNOTS('',3,(#5695,#5696,#5697,#5698,#5699),
 .UNSPECIFIED.,.F.,.F.,(4,1,4),(0.,0.0839868390620785,0.168130810182509),
 .UNSPECIFIED.);
#124=B_SPLINE_CURVE_WITH_KNOTS('',3,(#5701,#5702,#5703,#5704,#5705),
 .UNSPECIFIED.,.F.,.F.,(4,1,4),(-0.168130810182509,-0.0839868390620785,
0.),.UNSPECIFIED.);
#125=B_SPLINE_CURVE_WITH_KNOTS('',3,(#5718,#5719,#5720,#5721,#5722),
 .UNSPECIFIED.,.F.,.F.,(4,1,4),(0.,0.0861895587974706,0.176246952312926),
 .UNSPECIFIED.);
#126=B_SPLINE_CURVE_WITH_KNOTS('',3,(#5724,#5725,#5726,#5727,#5728),
 .UNSPECIFIED.,.F.,.F.,(4,1,4),(-0.176246952312926,-0.0861895587974706,
0.),.UNSPECIFIED.);
#127=B_SPLINE_CURVE_WITH_KNOTS('',3,(#5741,#5742,#5743,#5744,#5745),
 .UNSPECIFIED.,.F.,.F.,(4,1,4),(0.,0.0967474645281708,0.202013277230113),
 .UNSPECIFIED.);
#128=B_SPLINE_CURVE_WITH_KNOTS('',3,(#5747,#5748,#5749,#5750,#5751),
 .UNSPECIFIED.,.F.,.F.,(4,1,4),(-0.202013277230113,-0.0967474645281708,
0.),.UNSPECIFIED.);
#129=B_SPLINE_CURVE_WITH_KNOTS('',3,(#5764,#5765,#5766,#5767,#5768),
 .UNSPECIFIED.,.F.,.F.,(4,1,4),(0.,0.103821846167937,0.201045688773814),
 .UNSPECIFIED.);
#130=B_SPLINE_CURVE_WITH_KNOTS('',3,(#5770,#5771,#5772,#5773,#5774),
 .UNSPECIFIED.,.F.,.F.,(4,1,4),(-0.201045688773814,-0.103821846167937,0.),
 .UNSPECIFIED.);
#131=B_SPLINE_CURVE_WITH_KNOTS('',3,(#5787,#5788,#5789,#5790,#5791),
 .UNSPECIFIED.,.F.,.F.,(4,1,4),(0.,0.0901614349278042,0.175576508373503),
 .UNSPECIFIED.);
#132=B_SPLINE_CURVE_WITH_KNOTS('',3,(#5793,#5794,#5795,#5796,#5797),
 .UNSPECIFIED.,.F.,.F.,(4,1,4),(-0.175576508373503,-0.0901614349278042,
0.),.UNSPECIFIED.);
#133=B_SPLINE_CURVE_WITH_KNOTS('',3,(#5810,#5811,#5812,#5813,#5814),
 .UNSPECIFIED.,.F.,.F.,(4,1,4),(0.,0.0843140001339814,0.170219079283629),
 .UNSPECIFIED.);
#134=B_SPLINE_CURVE_WITH_KNOTS('',3,(#5816,#5817,#5818,#5819,#5820),
 .UNSPECIFIED.,.F.,.F.,(4,1,4),(-0.170219079283629,-0.0843140001339814,
0.),.UNSPECIFIED.);
#135=B_SPLINE_CURVE_WITH_KNOTS('',3,(#5833,#5834,#5835,#5836,#5837),
 .UNSPECIFIED.,.F.,.F.,(4,1,4),(0.,0.0622870874738188,0.12081802418515),
 .UNSPECIFIED.);
#136=B_SPLINE_CURVE_WITH_KNOTS('',3,(#5839,#5840,#5841,#5842,#5843),
 .UNSPECIFIED.,.F.,.F.,(4,1,4),(-0.12081802418515,-0.0622870874738188,0.),
 .UNSPECIFIED.);
#137=B_SPLINE_CURVE_WITH_KNOTS('',3,(#5856,#5857,#5858,#5859,#5860),
 .UNSPECIFIED.,.F.,.F.,(4,1,4),(0.,0.0562414984471932,0.110735956191665),
 .UNSPECIFIED.);
#138=B_SPLINE_CURVE_WITH_KNOTS('',3,(#5862,#5863,#5864,#5865,#5866),
 .UNSPECIFIED.,.F.,.F.,(4,1,4),(-0.110735956191665,-0.0562414984471932,
0.),.UNSPECIFIED.);
#139=B_SPLINE_CURVE_WITH_KNOTS('',3,(#5903,#5904,#5905,#5906,#5907),
 .UNSPECIFIED.,.F.,.F.,(4,1,4),(0.,0.122617521317218,0.220560235710631),
 .UNSPECIFIED.);
#140=B_SPLINE_CURVE_WITH_KNOTS('',3,(#5911,#5912,#5913,#5914,#5915),
 .UNSPECIFIED.,.F.,.F.,(4,1,4),(-0.220560235710631,-0.122617521317218,0.),
 .UNSPECIFIED.);
#141=B_SPLINE_CURVE_WITH_KNOTS('',3,(#5928,#5929,#5930,#5931,#5932),
 .UNSPECIFIED.,.F.,.F.,(4,1,4),(0.,0.086000367536698,0.172002998955604),
 .UNSPECIFIED.);
#142=B_SPLINE_CURVE_WITH_KNOTS('',3,(#5934,#5935,#5936,#5937,#5938),
 .UNSPECIFIED.,.F.,.F.,(4,1,4),(-0.172002998955604,-0.086000367536698,0.),
 .UNSPECIFIED.);
#143=B_SPLINE_CURVE_WITH_KNOTS('',3,(#5951,#5952,#5953,#5954,#5955),
 .UNSPECIFIED.,.F.,.F.,(4,1,4),(0.,0.0855193033863361,0.171538535523901),
 .UNSPECIFIED.);
#144=B_SPLINE_CURVE_WITH_KNOTS('',3,(#5957,#5958,#5959,#5960,#5961),
 .UNSPECIFIED.,.F.,.F.,(4,1,4),(-0.171538535523901,-0.0855193033863361,
0.),.UNSPECIFIED.);
#145=B_SPLINE_CURVE_WITH_KNOTS('',3,(#5974,#5975,#5976,#5977,#5978),
 .UNSPECIFIED.,.F.,.F.,(4,1,4),(0.,0.0989251885359925,0.224166097618094),
 .UNSPECIFIED.);
#146=B_SPLINE_CURVE_WITH_KNOTS('',3,(#5980,#5981,#5982,#5983,#5984),
 .UNSPECIFIED.,.F.,.F.,(4,1,4),(-0.224166097618094,-0.0989251885359925,
0.),.UNSPECIFIED.);
#147=B_SPLINE_CURVE_WITH_KNOTS('',3,(#5997,#5998,#5999,#6000,#6001),
 .UNSPECIFIED.,.F.,.F.,(4,1,4),(0.,0.119075688516835,0.21608344532109),
 .UNSPECIFIED.);
#148=B_SPLINE_CURVE_WITH_KNOTS('',3,(#6003,#6004,#6005,#6006,#6007),
 .UNSPECIFIED.,.F.,.F.,(4,1,4),(-0.21608344532109,-0.119075688516835,0.),
 .UNSPECIFIED.);
#149=B_SPLINE_CURVE_WITH_KNOTS('',3,(#6020,#6021,#6022,#6023,#6024),
 .UNSPECIFIED.,.F.,.F.,(4,1,4),(0.,0.0859323084094143,0.171016415042026),
 .UNSPECIFIED.);
#150=B_SPLINE_CURVE_WITH_KNOTS('',3,(#6026,#6027,#6028,#6029,#6030),
 .UNSPECIFIED.,.F.,.F.,(4,1,4),(-0.171016415042026,-0.0859323084094143,
0.),.UNSPECIFIED.);
#151=B_SPLINE_CURVE_WITH_KNOTS('',3,(#6043,#6044,#6045,#6046,#6047),
 .UNSPECIFIED.,.F.,.F.,(4,1,4),(0.,0.0859855175685639,0.171831661105314),
 .UNSPECIFIED.);
#152=B_SPLINE_CURVE_WITH_KNOTS('',3,(#6049,#6050,#6051,#6052,#6053),
 .UNSPECIFIED.,.F.,.F.,(4,1,4),(-0.171831661105314,-0.0859855175685639,
0.),.UNSPECIFIED.);
#153=B_SPLINE_CURVE_WITH_KNOTS('',3,(#6065,#6066,#6067,#6068,#6069),
 .UNSPECIFIED.,.F.,.F.,(4,1,4),(0.,0.0977162357993563,0.220249237525521),
 .UNSPECIFIED.);
#154=B_SPLINE_CURVE_WITH_KNOTS('',3,(#6070,#6071,#6072,#6073,#6074),
 .UNSPECIFIED.,.F.,.F.,(4,1,4),(-0.220249237525521,-0.0977162357993563,
0.),.UNSPECIFIED.);
#155=B_SPLINE_CURVE_WITH_KNOTS('',3,(#6087,#6088,#6089,#6090,#6091),
 .UNSPECIFIED.,.F.,.F.,(4,1,4),(0.,0.177355443893693,0.326207827241926),
 .UNSPECIFIED.);
#156=B_SPLINE_CURVE_WITH_KNOTS('',3,(#6095,#6096,#6097,#6098,#6099),
 .UNSPECIFIED.,.F.,.F.,(4,1,4),(-0.326207827241926,-0.177355443893693,0.),
 .UNSPECIFIED.);
#157=B_SPLINE_CURVE_WITH_KNOTS('',3,(#6112,#6113,#6114,#6115,#6116),
 .UNSPECIFIED.,.F.,.F.,(4,1,4),(0.,0.1199775023854,0.245745170816491),
 .UNSPECIFIED.);
#158=B_SPLINE_CURVE_WITH_KNOTS('',3,(#6118,#6119,#6120,#6121,#6122),
 .UNSPECIFIED.,.F.,.F.,(4,1,4),(-0.245745170816491,-0.1199775023854,0.),
 .UNSPECIFIED.);
#159=B_SPLINE_CURVE_WITH_KNOTS('',3,(#6135,#6136,#6137,#6138,#6139),
 .UNSPECIFIED.,.F.,.F.,(4,1,4),(0.,0.137931781826059,0.268900746858058),
 .UNSPECIFIED.);
#160=B_SPLINE_CURVE_WITH_KNOTS('',3,(#6141,#6142,#6143,#6144,#6145),
 .UNSPECIFIED.,.F.,.F.,(4,1,4),(-0.268900746858058,-0.137931781826059,0.),
 .UNSPECIFIED.);
#161=B_SPLINE_CURVE_WITH_KNOTS('',3,(#6158,#6159,#6160,#6161,#6162),
 .UNSPECIFIED.,.F.,.F.,(4,1,4),(0.,0.136538918987928,0.292258717596213),
 .UNSPECIFIED.);
#162=B_SPLINE_CURVE_WITH_KNOTS('',3,(#6164,#6165,#6166,#6167,#6168),
 .UNSPECIFIED.,.F.,.F.,(4,1,4),(-0.292258717596213,-0.136538918987928,0.),
 .UNSPECIFIED.);
#163=B_SPLINE_CURVE_WITH_KNOTS('',3,(#6181,#6182,#6183,#6184,#6185),
 .UNSPECIFIED.,.F.,.F.,(4,1,4),(0.,0.125354247813493,0.225496796135211),
 .UNSPECIFIED.);
#164=B_SPLINE_CURVE_WITH_KNOTS('',3,(#6187,#6188,#6189,#6190,#6191),
 .UNSPECIFIED.,.F.,.F.,(4,1,4),(-0.225496796135211,-0.125354247813493,0.),
 .UNSPECIFIED.);
#165=B_SPLINE_CURVE_WITH_KNOTS('',3,(#6204,#6205,#6206,#6207,#6208),
 .UNSPECIFIED.,.F.,.F.,(4,1,4),(0.,0.087871306990112,0.17632692769689),
 .UNSPECIFIED.);
#166=B_SPLINE_CURVE_WITH_KNOTS('',3,(#6210,#6211,#6212,#6213,#6214),
 .UNSPECIFIED.,.F.,.F.,(4,1,4),(-0.17632692769689,-0.087871306990112,0.),
 .UNSPECIFIED.);
#167=B_SPLINE_CURVE_WITH_KNOTS('',3,(#6227,#6228,#6229,#6230,#6231),
 .UNSPECIFIED.,.F.,.F.,(4,1,4),(0.,0.0901721958203958,0.1819930419251),
 .UNSPECIFIED.);
#168=B_SPLINE_CURVE_WITH_KNOTS('',3,(#6233,#6234,#6235,#6236,#6237),
 .UNSPECIFIED.,.F.,.F.,(4,1,4),(-0.1819930419251,-0.0901721958203958,0.),
 .UNSPECIFIED.);
#169=B_SPLINE_CURVE_WITH_KNOTS('',3,(#6250,#6251,#6252,#6253,#6254),
 .UNSPECIFIED.,.F.,.F.,(4,1,4),(0.,0.139679365891702,0.270434383139052),
 .UNSPECIFIED.);
#170=B_SPLINE_CURVE_WITH_KNOTS('',3,(#6256,#6257,#6258,#6259,#6260),
 .UNSPECIFIED.,.F.,.F.,(4,1,4),(-0.270434383139052,-0.139679365891702,0.),
 .UNSPECIFIED.);
#171=B_SPLINE_CURVE_WITH_KNOTS('',3,(#6272,#6273,#6274,#6275,#6276),
 .UNSPECIFIED.,.F.,.F.,(4,1,4),(0.,0.13826349538741,0.301957066227685),
 .UNSPECIFIED.);
#172=B_SPLINE_CURVE_WITH_KNOTS('',3,(#6277,#6278,#6279,#6280,#6281),
 .UNSPECIFIED.,.F.,.F.,(4,1,4),(-0.301957066227685,-0.13826349538741,0.),
 .UNSPECIFIED.);
#173=B_SPLINE_CURVE_WITH_KNOTS('',3,(#6294,#6295,#6296,#6297,#6298),
 .UNSPECIFIED.,.F.,.F.,(4,1,4),(0.,0.177355443893693,0.326207827241926),
 .UNSPECIFIED.);
#174=B_SPLINE_CURVE_WITH_KNOTS('',3,(#6300,#6301,#6302,#6303,#6304),
 .UNSPECIFIED.,.F.,.F.,(4,1,4),(0.,0.119977914463996,0.245745112201002),
 .UNSPECIFIED.);
#175=B_SPLINE_CURVE_WITH_KNOTS('',3,(#6306,#6307,#6308,#6309,#6310),
 .UNSPECIFIED.,.F.,.F.,(4,1,4),(0.,0.137931781826059,0.268900746858058),
 .UNSPECIFIED.);
#176=B_SPLINE_CURVE_WITH_KNOTS('',3,(#6312,#6313,#6314,#6315,#6316),
 .UNSPECIFIED.,.F.,.F.,(4,1,4),(0.,0.136538670642359,0.292258541835226),
 .UNSPECIFIED.);
#177=B_SPLINE_CURVE_WITH_KNOTS('',3,(#6318,#6319,#6320,#6321,#6322),
 .UNSPECIFIED.,.F.,.F.,(4,1,4),(0.,0.125354287708188,0.225496686216515),
 .UNSPECIFIED.);
#178=B_SPLINE_CURVE_WITH_KNOTS('',3,(#6324,#6325,#6326,#6327,#6328),
 .UNSPECIFIED.,.F.,.F.,(4,1,4),(0.,0.087871306990112,0.17632692769689),
 .UNSPECIFIED.);
#179=B_SPLINE_CURVE_WITH_KNOTS('',3,(#6330,#6331,#6332,#6333,#6334),
 .UNSPECIFIED.,.F.,.F.,(4,1,4),(0.,0.0901721958203958,0.1819930419251),
 .UNSPECIFIED.);
#180=B_SPLINE_CURVE_WITH_KNOTS('',3,(#6336,#6337,#6338,#6339,#6340),
 .UNSPECIFIED.,.F.,.F.,(4,1,4),(0.,0.139678896377931,0.270434308840614),
 .UNSPECIFIED.);
#181=B_SPLINE_CURVE_WITH_KNOTS('',3,(#6341,#6342,#6343,#6344,#6345),
 .UNSPECIFIED.,.F.,.F.,(4,1,4),(0.,0.13826349538741,0.301957066227685),
 .UNSPECIFIED.);
#182=B_SPLINE_CURVE_WITH_KNOTS('',3,(#6354,#6355,#6356,#6357,#6358),
 .UNSPECIFIED.,.F.,.F.,(4,1,4),(0.,0.105172840633421,0.208987524925493),
 .UNSPECIFIED.);
#183=B_SPLINE_CURVE_WITH_KNOTS('',3,(#6360,#6361,#6362,#6363,#6364),
 .UNSPECIFIED.,.F.,.F.,(4,1,4),(0.,0.129959009310871,0.190261997184444),
 .UNSPECIFIED.);
#184=B_SPLINE_CURVE_WITH_KNOTS('',3,(#6372,#6373,#6374,#6375,#6376),
 .UNSPECIFIED.,.F.,.F.,(4,1,4),(0.,0.188437949694141,0.362671352263969),
 .UNSPECIFIED.);
#185=B_SPLINE_CURVE_WITH_KNOTS('',3,(#6378,#6379,#6380,#6381,#6382),
 .UNSPECIFIED.,.F.,.F.,(4,1,4),(0.,0.104157387409739,0.223238290224972),
 .UNSPECIFIED.);
#186=B_SPLINE_CURVE_WITH_KNOTS('',3,(#6394,#6395,#6396,#6397,#6398),
 .UNSPECIFIED.,.F.,.F.,(4,1,4),(0.,0.0799284522224667,0.121454301657632),
 .UNSPECIFIED.);
#187=B_SPLINE_CURVE_WITH_KNOTS('',3,(#6400,#6401,#6402,#6403,#6404),
 .UNSPECIFIED.,.F.,.F.,(4,1,4),(0.,0.0655599934472723,0.120946106850338),
 .UNSPECIFIED.);
#188=B_SPLINE_CURVE_WITH_KNOTS('',3,(#6412,#6413,#6414,#6415,#6416),
 .UNSPECIFIED.,.F.,.F.,(4,1,4),(0.,0.0497907235540038,0.0935322522194925),
 .UNSPECIFIED.);
#189=B_SPLINE_CURVE_WITH_KNOTS('',3,(#6418,#6419,#6420,#6421,#6422),
 .UNSPECIFIED.,.F.,.F.,(4,1,4),(0.,0.0595800004794781,0.1066695185202),
 .UNSPECIFIED.);
#190=B_SPLINE_CURVE_WITH_KNOTS('',3,(#6424,#6425,#6426,#6427,#6428),
 .UNSPECIFIED.,.F.,.F.,(4,1,4),(0.,0.0397921522082957,0.0770392990940713),
 .UNSPECIFIED.);
#191=B_SPLINE_CURVE_WITH_KNOTS('',3,(#6430,#6431,#6432,#6433,#6434),
 .UNSPECIFIED.,.F.,.F.,(4,1,4),(0.,0.0546336764849918,0.14620107547574),
 .UNSPECIFIED.);
#192=B_SPLINE_CURVE_WITH_KNOTS('',3,(#6458,#6459,#6460,#6461,#6462),
 .UNSPECIFIED.,.F.,.F.,(4,1,4),(0.,0.0431749890397572,0.0680407556361972),
 .UNSPECIFIED.);
#193=B_SPLINE_CURVE_WITH_KNOTS('',3,(#6464,#6465,#6466,#6467,#6468),
 .UNSPECIFIED.,.F.,.F.,(4,1,4),(0.,0.0159435260010109,0.0322976210793504),
 .UNSPECIFIED.);
#194=B_SPLINE_CURVE_WITH_KNOTS('',3,(#6470,#6471,#6472,#6473,#6474),
 .UNSPECIFIED.,.F.,.F.,(4,1,4),(0.,0.0190212218326788,0.0432531908388436),
 .UNSPECIFIED.);
#195=B_SPLINE_CURVE_WITH_KNOTS('',3,(#6475,#6476,#6477,#6478,#6479),
 .UNSPECIFIED.,.F.,.F.,(4,1,4),(0.,0.0237340865120168,0.0541298313601488),
 .UNSPECIFIED.);
#196=B_SPLINE_CURVE_WITH_KNOTS('',3,(#6484,#6485,#6486,#6487,#6488),
 .UNSPECIFIED.,.F.,.F.,(4,1,4),(0.,0.10761667690737,0.208258112866928),
 .UNSPECIFIED.);
#197=B_SPLINE_CURVE_WITH_KNOTS('',3,(#6490,#6491,#6492,#6493,#6494),
 .UNSPECIFIED.,.F.,.F.,(4,1,4),(0.,0.103261967180955,0.219220658189223),
 .UNSPECIFIED.);
#198=B_SPLINE_CURVE_WITH_KNOTS('',3,(#6496,#6497,#6498,#6499,#6500),
 .UNSPECIFIED.,.F.,.F.,(4,1,4),(0.,0.144565793098633,0.276454054794962),
 .UNSPECIFIED.);
#199=B_SPLINE_CURVE_WITH_KNOTS('',3,(#6502,#6503,#6504,#6505,#6506),
 .UNSPECIFIED.,.F.,.F.,(4,1,4),(0.,0.136755720082662,0.295446977880188),
 .UNSPECIFIED.);
#200=B_SPLINE_CURVE_WITH_KNOTS('',3,(#6508,#6509,#6510,#6511,#6512),
 .UNSPECIFIED.,.F.,.F.,(4,1,4),(0.,0.164043358793266,0.304495953934922),
 .UNSPECIFIED.);
#201=B_SPLINE_CURVE_WITH_KNOTS('',3,(#6514,#6515,#6516,#6517,#6518),
 .UNSPECIFIED.,.F.,.F.,(4,1,4),(0.,0.131993471146857,0.270398794763804),
 .UNSPECIFIED.);
#202=B_SPLINE_CURVE_WITH_KNOTS('',3,(#6520,#6521,#6522,#6523,#6524),
 .UNSPECIFIED.,.F.,.F.,(4,1,4),(0.,0.134287948895676,0.263166580362941),
 .UNSPECIFIED.);
#203=B_SPLINE_CURVE_WITH_KNOTS('',3,(#6526,#6527,#6528,#6529,#6530),
 .UNSPECIFIED.,.F.,.F.,(4,1,4),(0.,0.137617295583108,0.298549362942771),
 .UNSPECIFIED.);
#204=B_SPLINE_CURVE_WITH_KNOTS('',3,(#6532,#6533,#6534,#6535,#6536),
 .UNSPECIFIED.,.F.,.F.,(4,1,4),(0.,0.0136436145152145,0.0327500595241844),
 .UNSPECIFIED.);
#205=B_SPLINE_CURVE_WITH_KNOTS('',3,(#6540,#6541,#6542,#6543,#6544),
 .UNSPECIFIED.,.F.,.F.,(4,1,4),(0.,0.107324887136278,0.198019249617392),
 .UNSPECIFIED.);
#206=B_SPLINE_CURVE_WITH_KNOTS('',3,(#6546,#6547,#6548,#6549,#6550),
 .UNSPECIFIED.,.F.,.F.,(4,1,4),(0.,0.0831667270095637,0.167884098125012),
 .UNSPECIFIED.);
#207=B_SPLINE_CURVE_WITH_KNOTS('',3,(#6552,#6553,#6554,#6555,#6556),
 .UNSPECIFIED.,.F.,.F.,(4,1,4),(0.,0.0632103505693358,0.122239349585641),
 .UNSPECIFIED.);
#208=B_SPLINE_CURVE_WITH_KNOTS('',3,(#6557,#6558,#6559,#6560,#6561),
 .UNSPECIFIED.,.F.,.F.,(4,1,4),(0.,0.0628661920406909,0.137683989249252),
 .UNSPECIFIED.);
#209=B_SPLINE_CURVE_WITH_KNOTS('',3,(#6574,#6575,#6576,#6577,#6578),
 .UNSPECIFIED.,.F.,.F.,(4,1,4),(0.,0.122617521317218,0.220560235710631),
 .UNSPECIFIED.);
#210=B_SPLINE_CURVE_WITH_KNOTS('',3,(#6582,#6583,#6584,#6585,#6586),
 .UNSPECIFIED.,.F.,.F.,(4,1,4),(-0.220560235710631,-0.122617521317218,0.),
 .UNSPECIFIED.);
#211=B_SPLINE_CURVE_WITH_KNOTS('',3,(#6599,#6600,#6601,#6602,#6603),
 .UNSPECIFIED.,.F.,.F.,(4,1,4),(0.,0.086000367536698,0.172002998955604),
 .UNSPECIFIED.);
#212=B_SPLINE_CURVE_WITH_KNOTS('',3,(#6605,#6606,#6607,#6608,#6609),
 .UNSPECIFIED.,.F.,.F.,(4,1,4),(-0.172002998955604,-0.086000367536698,0.),
 .UNSPECIFIED.);
#213=B_SPLINE_CURVE_WITH_KNOTS('',3,(#6622,#6623,#6624,#6625,#6626),
 .UNSPECIFIED.,.F.,.F.,(4,1,4),(0.,0.0855193033863361,0.171538535523901),
 .UNSPECIFIED.);
#214=B_SPLINE_CURVE_WITH_KNOTS('',3,(#6628,#6629,#6630,#6631,#6632),
 .UNSPECIFIED.,.F.,.F.,(4,1,4),(-0.171538535523901,-0.0855193033863361,
0.),.UNSPECIFIED.);
#215=B_SPLINE_CURVE_WITH_KNOTS('',3,(#6645,#6646,#6647,#6648,#6649),
 .UNSPECIFIED.,.F.,.F.,(4,1,4),(0.,0.0989254080081013,0.224166317090203),
 .UNSPECIFIED.);
#216=B_SPLINE_CURVE_WITH_KNOTS('',3,(#6651,#6652,#6653,#6654,#6655),
 .UNSPECIFIED.,.F.,.F.,(4,1,4),(-0.224166317090203,-0.0989254080081013,
0.),.UNSPECIFIED.);
#217=B_SPLINE_CURVE_WITH_KNOTS('',3,(#6668,#6669,#6670,#6671,#6672),
 .UNSPECIFIED.,.F.,.F.,(4,1,4),(0.,0.119075688516835,0.216083670389878),
 .UNSPECIFIED.);
#218=B_SPLINE_CURVE_WITH_KNOTS('',3,(#6674,#6675,#6676,#6677,#6678),
 .UNSPECIFIED.,.F.,.F.,(4,1,4),(-0.216083670389878,-0.119075688516835,0.),
 .UNSPECIFIED.);
#219=B_SPLINE_CURVE_WITH_KNOTS('',3,(#6691,#6692,#6693,#6694,#6695),
 .UNSPECIFIED.,.F.,.F.,(4,1,4),(0.,0.0859323084094143,0.171016415042026),
 .UNSPECIFIED.);
#220=B_SPLINE_CURVE_WITH_KNOTS('',3,(#6697,#6698,#6699,#6700,#6701),
 .UNSPECIFIED.,.F.,.F.,(4,1,4),(-0.171016415042026,-0.0859323084094143,
0.),.UNSPECIFIED.);
#221=B_SPLINE_CURVE_WITH_KNOTS('',3,(#6714,#6715,#6716,#6717,#6718),
 .UNSPECIFIED.,.F.,.F.,(4,1,4),(0.,0.0859855175685639,0.171831661105314),
 .UNSPECIFIED.);
#222=B_SPLINE_CURVE_WITH_KNOTS('',3,(#6720,#6721,#6722,#6723,#6724),
 .UNSPECIFIED.,.F.,.F.,(4,1,4),(-0.171831661105314,-0.0859855175685639,
0.),.UNSPECIFIED.);
#223=B_SPLINE_CURVE_WITH_KNOTS('',3,(#6736,#6737,#6738,#6739,#6740),
 .UNSPECIFIED.,.F.,.F.,(4,1,4),(0.,0.0977162357993563,0.220249237525521),
 .UNSPECIFIED.);
#224=B_SPLINE_CURVE_WITH_KNOTS('',3,(#6741,#6742,#6743,#6744,#6745),
 .UNSPECIFIED.,.F.,.F.,(4,1,4),(-0.220249237525521,-0.0977162357993563,
0.),.UNSPECIFIED.);
#225=B_SPLINE_CURVE_WITH_KNOTS('',3,(#6759,#6760,#6761,#6762,#6763),
 .UNSPECIFIED.,.F.,.F.,(4,1,4),(-0.326207827241926,-0.177355443893693,0.),
 .UNSPECIFIED.);
#226=B_SPLINE_CURVE_WITH_KNOTS('',3,(#6776,#6777,#6778,#6779,#6780),
 .UNSPECIFIED.,.F.,.F.,(4,1,4),(-0.245745112201002,-0.119977914463996,0.),
 .UNSPECIFIED.);
#227=B_SPLINE_CURVE_WITH_KNOTS('',3,(#6793,#6794,#6795,#6796,#6797),
 .UNSPECIFIED.,.F.,.F.,(4,1,4),(-0.268900746858058,-0.137931781826059,0.),
 .UNSPECIFIED.);
#228=B_SPLINE_CURVE_WITH_KNOTS('',3,(#6810,#6811,#6812,#6813,#6814),
 .UNSPECIFIED.,.F.,.F.,(4,1,4),(-0.292258541835226,-0.136538670642359,0.),
 .UNSPECIFIED.);
#229=B_SPLINE_CURVE_WITH_KNOTS('',3,(#6827,#6828,#6829,#6830,#6831),
 .UNSPECIFIED.,.F.,.F.,(4,1,4),(-0.225496686216515,-0.125354287708188,0.),
 .UNSPECIFIED.);
#230=B_SPLINE_CURVE_WITH_KNOTS('',3,(#6844,#6845,#6846,#6847,#6848),
 .UNSPECIFIED.,.F.,.F.,(4,1,4),(-0.17632692769689,-0.087871306990112,0.),
 .UNSPECIFIED.);
#231=B_SPLINE_CURVE_WITH_KNOTS('',3,(#6861,#6862,#6863,#6864,#6865),
 .UNSPECIFIED.,.F.,.F.,(4,1,4),(-0.1819930419251,-0.0901721958203958,0.),
 .UNSPECIFIED.);
#232=B_SPLINE_CURVE_WITH_KNOTS('',3,(#6878,#6879,#6880,#6881,#6882),
 .UNSPECIFIED.,.F.,.F.,(4,1,4),(-0.270434308840614,-0.139678896377931,0.),
 .UNSPECIFIED.);
#233=B_SPLINE_CURVE_WITH_KNOTS('',3,(#6894,#6895,#6896,#6897,#6898),
 .UNSPECIFIED.,.F.,.F.,(4,1,4),(-0.301957066227685,-0.13826349538741,0.),
 .UNSPECIFIED.);
#234=B_SPLINE_CURVE_WITH_KNOTS('',3,(#6926,#6927,#6928,#6929,#6930),
 .UNSPECIFIED.,.F.,.F.,(4,1,4),(-0.208987524925493,-0.105172840633421,0.),
 .UNSPECIFIED.);
#235=B_SPLINE_CURVE_WITH_KNOTS('',3,(#6943,#6944,#6945,#6946,#6947),
 .UNSPECIFIED.,.F.,.F.,(4,1,4),(-0.190261997184444,-0.129959009310871,0.),
 .UNSPECIFIED.);
#236=B_SPLINE_CURVE_WITH_KNOTS('',3,(#6972,#6973,#6974,#6975,#6976),
 .UNSPECIFIED.,.F.,.F.,(4,1,4),(-0.362671352263969,-0.188437949694141,0.),
 .UNSPECIFIED.);
#237=B_SPLINE_CURVE_WITH_KNOTS('',3,(#6989,#6990,#6991,#6992,#6993),
 .UNSPECIFIED.,.F.,.F.,(4,1,4),(-0.223238290224972,-0.104157387409739,0.),
 .UNSPECIFIED.);
#238=B_SPLINE_CURVE_WITH_KNOTS('',3,(#7026,#7027,#7028,#7029,#7030),
 .UNSPECIFIED.,.F.,.F.,(4,1,4),(-0.121454301657632,-0.0799284522224667,
0.),.UNSPECIFIED.);
#239=B_SPLINE_CURVE_WITH_KNOTS('',3,(#7043,#7044,#7045,#7046,#7047),
 .UNSPECIFIED.,.F.,.F.,(4,1,4),(-0.120946106850338,-0.0655599934472723,
0.),.UNSPECIFIED.);
#240=B_SPLINE_CURVE_WITH_KNOTS('',3,(#7073,#7074,#7075,#7076,#7077),
 .UNSPECIFIED.,.F.,.F.,(4,1,4),(-0.0935322522194925,-0.0497907235540038,
0.),.UNSPECIFIED.);
#241=B_SPLINE_CURVE_WITH_KNOTS('',3,(#7090,#7091,#7092,#7093,#7094),
 .UNSPECIFIED.,.F.,.F.,(4,1,4),(-0.1066695185202,-0.0595800004794781,0.),
 .UNSPECIFIED.);
#242=B_SPLINE_CURVE_WITH_KNOTS('',3,(#7107,#7108,#7109,#7110,#7111),
 .UNSPECIFIED.,.F.,.F.,(4,1,4),(-0.0770392990940713,-0.0397921522082957,
0.),.UNSPECIFIED.);
#243=B_SPLINE_CURVE_WITH_KNOTS('',3,(#7124,#7125,#7126,#7127,#7128),
 .UNSPECIFIED.,.F.,.F.,(4,1,4),(-0.14620107547574,-0.0546336764849918,0.),
 .UNSPECIFIED.);
#244=B_SPLINE_CURVE_WITH_KNOTS('',3,(#7185,#7186,#7187,#7188,#7189),
 .UNSPECIFIED.,.F.,.F.,(4,1,4),(-0.0680407556361972,-0.0431749890397572,
0.),.UNSPECIFIED.);
#245=B_SPLINE_CURVE_WITH_KNOTS('',3,(#7202,#7203,#7204,#7205,#7206),
 .UNSPECIFIED.,.F.,.F.,(4,1,4),(-0.0322976210793504,-0.0159435260010109,
0.),.UNSPECIFIED.);
#246=B_SPLINE_CURVE_WITH_KNOTS('',3,(#7219,#7220,#7221,#7222,#7223),
 .UNSPECIFIED.,.F.,.F.,(4,1,4),(-0.0432531908388436,-0.0190212218326788,
0.),.UNSPECIFIED.);
#247=B_SPLINE_CURVE_WITH_KNOTS('',3,(#7235,#7236,#7237,#7238,#7239),
 .UNSPECIFIED.,.F.,.F.,(4,1,4),(-0.0541298313601488,-0.0237340865120168,
0.),.UNSPECIFIED.);
#248=B_SPLINE_CURVE_WITH_KNOTS('',3,(#7261,#7262,#7263,#7264,#7265),
 .UNSPECIFIED.,.F.,.F.,(4,1,4),(0.,0.081503791990215,0.146356462786072),
 .UNSPECIFIED.);
#249=B_SPLINE_CURVE_WITH_KNOTS('',3,(#7267,#7268,#7269,#7270,#7271),
 .UNSPECIFIED.,.F.,.F.,(4,1,4),(-0.146356462786072,-0.081503791990215,0.),
 .UNSPECIFIED.);
#250=B_SPLINE_CURVE_WITH_KNOTS('',3,(#7284,#7285,#7286,#7287,#7288),
 .UNSPECIFIED.,.F.,.F.,(4,1,4),(0.,0.0858386069476378,0.17242880700158),
 .UNSPECIFIED.);
#251=B_SPLINE_CURVE_WITH_KNOTS('',3,(#7290,#7291,#7292,#7293,#7294),
 .UNSPECIFIED.,.F.,.F.,(4,1,4),(-0.17242880700158,-0.0858386069476378,0.),
 .UNSPECIFIED.);
#252=B_SPLINE_CURVE_WITH_KNOTS('',3,(#7307,#7308,#7309,#7310,#7311),
 .UNSPECIFIED.,.F.,.F.,(4,1,4),(0.,0.0791241252853186,0.156242960790344),
 .UNSPECIFIED.);
#253=B_SPLINE_CURVE_WITH_KNOTS('',3,(#7313,#7314,#7315,#7316,#7317),
 .UNSPECIFIED.,.F.,.F.,(4,1,4),(-0.156242960790344,-0.0791241252853186,
0.),.UNSPECIFIED.);
#254=B_SPLINE_CURVE_WITH_KNOTS('',3,(#7329,#7330,#7331,#7332,#7333),
 .UNSPECIFIED.,.F.,.F.,(4,1,4),(0.,0.0798866278390394,0.167247005442539),
 .UNSPECIFIED.);
#255=B_SPLINE_CURVE_WITH_KNOTS('',3,(#7334,#7335,#7336,#7337,#7338),
 .UNSPECIFIED.,.F.,.F.,(4,1,4),(-0.167247005442539,-0.0798866278390394,
0.),.UNSPECIFIED.);
#256=B_SPLINE_CURVE_WITH_KNOTS('',3,(#7356,#7357,#7358,#7359,#7360),
 .UNSPECIFIED.,.F.,.F.,(4,1,4),(-0.208258112866928,-0.10761667690737,0.),
 .UNSPECIFIED.);
#257=B_SPLINE_CURVE_WITH_KNOTS('',3,(#7373,#7374,#7375,#7376,#7377),
 .UNSPECIFIED.,.F.,.F.,(4,1,4),(-0.219220658189223,-0.103261967180955,0.),
 .UNSPECIFIED.);
#258=B_SPLINE_CURVE_WITH_KNOTS('',3,(#7390,#7391,#7392,#7393,#7394),
 .UNSPECIFIED.,.F.,.F.,(4,1,4),(-0.276454054794962,-0.144565793098633,0.),
 .UNSPECIFIED.);
#259=B_SPLINE_CURVE_WITH_KNOTS('',3,(#7407,#7408,#7409,#7410,#7411),
 .UNSPECIFIED.,.F.,.F.,(4,1,4),(-0.295446977880188,-0.136755720082662,0.),
 .UNSPECIFIED.);
#260=B_SPLINE_CURVE_WITH_KNOTS('',3,(#7424,#7425,#7426,#7427,#7428),
 .UNSPECIFIED.,.F.,.F.,(4,1,4),(-0.304495953934922,-0.164043358793266,0.),
 .UNSPECIFIED.);
#261=B_SPLINE_CURVE_WITH_KNOTS('',3,(#7441,#7442,#7443,#7444,#7445),
 .UNSPECIFIED.,.F.,.F.,(4,1,4),(-0.270398794763804,-0.131993471146857,0.),
 .UNSPECIFIED.);
#262=B_SPLINE_CURVE_WITH_KNOTS('',3,(#7458,#7459,#7460,#7461,#7462),
 .UNSPECIFIED.,.F.,.F.,(4,1,4),(-0.263166580362941,-0.134287948895676,0.),
 .UNSPECIFIED.);
#263=B_SPLINE_CURVE_WITH_KNOTS('',3,(#7475,#7476,#7477,#7478,#7479),
 .UNSPECIFIED.,.F.,.F.,(4,1,4),(-0.298549362942771,-0.137617295583108,0.),
 .UNSPECIFIED.);
#264=B_SPLINE_CURVE_WITH_KNOTS('',3,(#7492,#7493,#7494,#7495,#7496),
 .UNSPECIFIED.,.F.,.F.,(4,1,4),(-0.0327500595241844,-0.0136436145152145,
0.),.UNSPECIFIED.);
#265=B_SPLINE_CURVE_WITH_KNOTS('',3,(#7513,#7514,#7515,#7516,#7517),
 .UNSPECIFIED.,.F.,.F.,(4,1,4),(-0.198019249617392,-0.107324887136278,0.),
 .UNSPECIFIED.);
#266=B_SPLINE_CURVE_WITH_KNOTS('',3,(#7530,#7531,#7532,#7533,#7534),
 .UNSPECIFIED.,.F.,.F.,(4,1,4),(-0.167884098125012,-0.0831667270095637,
0.),.UNSPECIFIED.);
#267=B_SPLINE_CURVE_WITH_KNOTS('',3,(#7547,#7548,#7549,#7550,#7551),
 .UNSPECIFIED.,.F.,.F.,(4,1,4),(-0.122239349585641,-0.0632103505693358,
0.),.UNSPECIFIED.);
#268=B_SPLINE_CURVE_WITH_KNOTS('',3,(#7563,#7564,#7565,#7566,#7567),
 .UNSPECIFIED.,.F.,.F.,(4,1,4),(-0.137683989249252,-0.0628661920406909,
0.),.UNSPECIFIED.);
#269=B_SPLINE_CURVE_WITH_KNOTS('',3,(#7620,#7621,#7622,#7623,#7624),
 .UNSPECIFIED.,.F.,.F.,(4,1,4),(0.,0.134038466898513,0.257940049594156),
 .UNSPECIFIED.);
#270=B_SPLINE_CURVE_WITH_KNOTS('',3,(#7626,#7627,#7628,#7629,#7630),
 .UNSPECIFIED.,.F.,.F.,(4,1,4),(-0.257940049594156,-0.134038466898513,0.),
 .UNSPECIFIED.);
#271=B_SPLINE_CURVE_WITH_KNOTS('',3,(#7643,#7644,#7645,#7646,#7647),
 .UNSPECIFIED.,.F.,.F.,(4,1,4),(0.,0.128411910923079,0.25858294535899),
 .UNSPECIFIED.);
#272=B_SPLINE_CURVE_WITH_KNOTS('',3,(#7649,#7650,#7651,#7652,#7653),
 .UNSPECIFIED.,.F.,.F.,(4,1,4),(-0.25858294535899,-0.128411910923079,0.),
 .UNSPECIFIED.);
#273=B_SPLINE_CURVE_WITH_KNOTS('',3,(#7703,#7704,#7705,#7706,#7707),
 .UNSPECIFIED.,.F.,.F.,(4,1,4),(0.,0.0996642379726691,0.21605836396688),
 .UNSPECIFIED.);
#274=B_SPLINE_CURVE_WITH_KNOTS('',3,(#7709,#7710,#7711,#7712,#7713),
 .UNSPECIFIED.,.F.,.F.,(4,1,4),(-0.21605836396688,-0.0996642379726691,0.),
 .UNSPECIFIED.);
#275=B_SPLINE_CURVE_WITH_KNOTS('',3,(#7726,#7727,#7728,#7729,#7730),
 .UNSPECIFIED.,.F.,.F.,(4,1,4),(0.,0.116518577246725,0.216191672845868),
 .UNSPECIFIED.);
#276=B_SPLINE_CURVE_WITH_KNOTS('',3,(#7732,#7733,#7734,#7735,#7736),
 .UNSPECIFIED.,.F.,.F.,(4,1,4),(-0.216191672845868,-0.116518577246725,0.),
 .UNSPECIFIED.);
#277=B_SPLINE_CURVE_WITH_KNOTS('',3,(#7755,#7756,#7757,#7758,#7759),
 .UNSPECIFIED.,.F.,.F.,(4,1,4),(0.,0.165569143962716,0.323248661461401),
 .UNSPECIFIED.);
#278=B_SPLINE_CURVE_WITH_KNOTS('',3,(#7761,#7762,#7763,#7764,#7765),
 .UNSPECIFIED.,.F.,.F.,(4,1,4),(-0.323248661461401,-0.165569143962716,0.),
 .UNSPECIFIED.);
#279=B_SPLINE_CURVE_WITH_KNOTS('',3,(#7778,#7779,#7780,#7781,#7782),
 .UNSPECIFIED.,.F.,.F.,(4,1,4),(0.,0.141823980299018,0.260021489352813),
 .UNSPECIFIED.);
#280=B_SPLINE_CURVE_WITH_KNOTS('',3,(#7784,#7785,#7786,#7787,#7788),
 .UNSPECIFIED.,.F.,.F.,(4,1,4),(-0.260021489352813,-0.141823980299018,0.),
 .UNSPECIFIED.);
#281=B_SPLINE_SURFACE_WITH_KNOTS('',3,1,((#4546,#4547),(#4548,#4549),(#4550,
#4551),(#4552,#4553),(#4554,#4555)),.UNSPECIFIED.,.F.,.F.,.F.,(4,1,4),(2,
2),(-0.208987486073776,-0.105172801781704,0.),(0.,0.3),.UNSPECIFIED.);
#282=B_SPLINE_SURFACE_WITH_KNOTS('',3,1,((#4569,#4570),(#4571,#4572),(#4573,
#4574),(#4575,#4576),(#4577,#4578)),.UNSPECIFIED.,.F.,.F.,.F.,(4,1,4),(2,
2),(-0.190262026463063,-0.129959002349897,0.),(0.,0.3),.UNSPECIFIED.);
#283=B_SPLINE_SURFACE_WITH_KNOTS('',3,1,((#4610,#4611),(#4612,#4613),(#4614,
#4615),(#4616,#4617),(#4618,#4619)),.UNSPECIFIED.,.F.,.F.,.F.,(4,1,4),(2,
2),(-0.362671348326283,-0.18843793502221,0.),(0.,0.3),.UNSPECIFIED.);
#284=B_SPLINE_SURFACE_WITH_KNOTS('',3,1,((#4633,#4634),(#4635,#4636),(#4637,
#4638),(#4639,#4640),(#4641,#4642)),.UNSPECIFIED.,.F.,.F.,.F.,(4,1,4),(2,
2),(-0.223238239869301,-0.104157337054069,0.),(0.,0.3),.UNSPECIFIED.);
#285=B_SPLINE_SURFACE_WITH_KNOTS('',3,1,((#4686,#4687),(#4688,#4689),(#4690,
#4691),(#4692,#4693),(#4694,#4695)),.UNSPECIFIED.,.F.,.F.,.F.,(4,1,4),(2,
2),(-0.12145427120196,-0.0799284364533426,0.),(0.,0.3),.UNSPECIFIED.);
#286=B_SPLINE_SURFACE_WITH_KNOTS('',3,1,((#4709,#4710),(#4711,#4712),(#4713,
#4714),(#4715,#4716),(#4717,#4718)),.UNSPECIFIED.,.F.,.F.,.F.,(4,1,4),(2,
2),(-0.120946124949142,-0.0655599658497882,0.),(0.,0.3),.UNSPECIFIED.);
#287=B_SPLINE_SURFACE_WITH_KNOTS('',3,1,((#4751,#4752),(#4753,#4754),(#4755,
#4756),(#4757,#4758),(#4759,#4760)),.UNSPECIFIED.,.F.,.F.,.F.,(4,1,4),(2,
2),(-0.127814267735121,-0.0673043672973322,0.),(0.,0.3),.UNSPECIFIED.);
#288=B_SPLINE_SURFACE_WITH_KNOTS('',3,1,((#4774,#4775),(#4776,#4777),(#4778,
#4779),(#4780,#4781),(#4782,#4783)),.UNSPECIFIED.,.F.,.F.,.F.,(4,1,4),(2,
2),(-0.138393588477396,-0.0631551948361298,0.),(0.,0.3),.UNSPECIFIED.);
#289=B_SPLINE_SURFACE_WITH_KNOTS('',3,1,((#4797,#4798),(#4799,#4800),(#4801,
#4802),(#4803,#4804),(#4805,#4806)),.UNSPECIFIED.,.F.,.F.,.F.,(4,1,4),(2,
2),(-0.132094318242236,-0.0741715634583177,0.),(0.,0.3),.UNSPECIFIED.);
#290=B_SPLINE_SURFACE_WITH_KNOTS('',3,1,((#4820,#4821),(#4822,#4823),(#4824,
#4825),(#4826,#4827),(#4828,#4829)),.UNSPECIFIED.,.F.,.F.,.F.,(4,1,4),(2,
2),(-0.0929984725768322,-0.048408243160958,0.),(0.,0.3),.UNSPECIFIED.);
#291=B_SPLINE_SURFACE_WITH_KNOTS('',3,1,((#4843,#4844),(#4845,#4846),(#4847,
#4848),(#4849,#4850),(#4851,#4852)),.UNSPECIFIED.,.F.,.F.,.F.,(4,1,4),(2,
2),(-0.0774579637553417,-0.038258922887553,0.),(0.,0.3),.UNSPECIFIED.);
#292=B_SPLINE_SURFACE_WITH_KNOTS('',3,1,((#4866,#4867),(#4868,#4869),(#4870,
#4871),(#4872,#4873),(#4874,#4875)),.UNSPECIFIED.,.F.,.F.,.F.,(4,1,4),(2,
2),(-0.132465447861098,-0.0477626979439927,0.),(0.,0.3),.UNSPECIFIED.);
#293=B_SPLINE_SURFACE_WITH_KNOTS('',3,1,((#4889,#4890),(#4891,#4892),(#4893,
#4894),(#4895,#4896),(#4897,#4898)),.UNSPECIFIED.,.F.,.F.,.F.,(4,1,4),(2,
2),(-0.196494041604928,-0.118682517440957,0.),(0.,0.3),.UNSPECIFIED.);
#294=B_SPLINE_SURFACE_WITH_KNOTS('',3,1,((#4912,#4913),(#4914,#4915),(#4916,
#4917),(#4918,#4919),(#4920,#4921)),.UNSPECIFIED.,.F.,.F.,.F.,(4,1,4),(2,
2),(-0.106055230128558,-0.054633398929602,0.),(0.,0.3),.UNSPECIFIED.);
#295=B_SPLINE_SURFACE_WITH_KNOTS('',3,1,((#4935,#4936),(#4937,#4938),(#4939,
#4940),(#4941,#4942),(#4943,#4944)),.UNSPECIFIED.,.F.,.F.,.F.,(4,1,4),(2,
2),(-0.101864855674107,-0.0505173065535383,0.),(0.,0.3),.UNSPECIFIED.);
#296=B_SPLINE_SURFACE_WITH_KNOTS('',3,1,((#4958,#4959),(#4960,#4961),(#4962,
#4963),(#4964,#4965),(#4966,#4967)),.UNSPECIFIED.,.F.,.F.,.F.,(4,1,4),(2,
2),(-0.0931266353065198,-0.0469686546395782,0.),(0.,0.3),.UNSPECIFIED.);
#297=B_SPLINE_SURFACE_WITH_KNOTS('',3,1,((#4981,#4982),(#4983,#4984),(#4985,
#4986),(#4987,#4988),(#4989,#4990)),.UNSPECIFIED.,.F.,.F.,.F.,(4,1,4),(2,
2),(-0.0919624639945723,-0.0459566172450847,0.),(0.,0.3),.UNSPECIFIED.);
#298=B_SPLINE_SURFACE_WITH_KNOTS('',3,1,((#5004,#5005),(#5006,#5007),(#5008,
#5009),(#5010,#5011),(#5012,#5013)),.UNSPECIFIED.,.F.,.F.,.F.,(4,1,4),(2,
2),(-0.0862331918900633,-0.039078485868669,0.),(0.,0.3),.UNSPECIFIED.);
#299=B_SPLINE_SURFACE_WITH_KNOTS('',3,1,((#5027,#5028),(#5029,#5030),(#5031,
#5032),(#5033,#5034),(#5035,#5036)),.UNSPECIFIED.,.F.,.F.,.F.,(4,1,4),(2,
2),(-0.107360370679453,-0.052412127853234,0.),(0.,0.3),.UNSPECIFIED.);
#300=B_SPLINE_SURFACE_WITH_KNOTS('',3,1,((#5050,#5051),(#5052,#5053),(#5054,
#5055),(#5056,#5057),(#5058,#5059)),.UNSPECIFIED.,.F.,.F.,.F.,(4,1,4),(2,
2),(-0.152355861806031,-0.0802997914631077,0.),(0.,0.3),.UNSPECIFIED.);
#301=B_SPLINE_SURFACE_WITH_KNOTS('',3,1,((#5073,#5074),(#5075,#5076),(#5077,
#5078),(#5079,#5080),(#5081,#5082)),.UNSPECIFIED.,.F.,.F.,.F.,(4,1,4),(2,
2),(-0.117311159713042,-0.0630375080503729,0.),(0.,0.3),.UNSPECIFIED.);
#302=B_SPLINE_SURFACE_WITH_KNOTS('',3,1,((#5096,#5097),(#5098,#5099),(#5100,
#5101),(#5102,#5103),(#5104,#5105)),.UNSPECIFIED.,.F.,.F.,.F.,(4,1,4),(2,
2),(-0.12072705699977,-0.0554584002222632,0.),(0.,0.3),.UNSPECIFIED.);
#303=B_SPLINE_SURFACE_WITH_KNOTS('',3,1,((#5125,#5126),(#5127,#5128),(#5129,
#5130),(#5131,#5132),(#5133,#5134)),.UNSPECIFIED.,.F.,.F.,.F.,(4,1,4),(2,
2),(-0.101249704576685,-0.0522858386284682,0.),(0.,0.3),.UNSPECIFIED.);
#304=B_SPLINE_SURFACE_WITH_KNOTS('',3,1,((#5148,#5149),(#5150,#5151),(#5152,
#5153),(#5154,#5155),(#5156,#5157)),.UNSPECIFIED.,.F.,.F.,.F.,(4,1,4),(2,
2),(-0.116856962316291,-0.0528511496025701,0.),(0.,0.3),.UNSPECIFIED.);
#305=B_SPLINE_SURFACE_WITH_KNOTS('',3,1,((#5171,#5172),(#5173,#5174),(#5175,
#5176),(#5177,#5178),(#5179,#5180)),.UNSPECIFIED.,.F.,.F.,.F.,(4,1,4),(2,
2),(-0.125434282157279,-0.072812381334673,0.),(0.,0.3),.UNSPECIFIED.);
#306=B_SPLINE_SURFACE_WITH_KNOTS('',3,1,((#5194,#5195),(#5196,#5197),(#5198,
#5199),(#5200,#5201),(#5202,#5203)),.UNSPECIFIED.,.F.,.F.,.F.,(4,1,4),(2,
2),(-0.0769751180786286,-0.0407015144629629,0.),(0.,0.3),.UNSPECIFIED.);
#307=B_SPLINE_SURFACE_WITH_KNOTS('',3,1,((#5217,#5218),(#5219,#5220),(#5221,
#5222),(#5223,#5224),(#5225,#5226)),.UNSPECIFIED.,.F.,.F.,.F.,(4,1,4),(2,
2),(-0.0461944786594609,-0.02298896500722,0.),(0.,0.3),.UNSPECIFIED.);
#308=B_SPLINE_SURFACE_WITH_KNOTS('',3,1,((#5240,#5241),(#5242,#5243),(#5244,
#5245),(#5246,#5247),(#5248,#5249)),.UNSPECIFIED.,.F.,.F.,.F.,(4,1,4),(2,
2),(-0.0578498931280283,-0.0264215225702992,0.),(0.,0.3),.UNSPECIFIED.);
#309=B_SPLINE_SURFACE_WITH_KNOTS('',3,1,((#5263,#5264),(#5265,#5266),(#5267,
#5268),(#5269,#5270),(#5271,#5272)),.UNSPECIFIED.,.F.,.F.,.F.,(4,1,4),(2,
2),(-0.112916225070249,-0.0380270919423356,0.),(0.,0.3),.UNSPECIFIED.);
#310=B_SPLINE_SURFACE_WITH_KNOTS('',3,1,((#5286,#5287),(#5288,#5289),(#5290,
#5291),(#5292,#5293),(#5294,#5295)),.UNSPECIFIED.,.F.,.F.,.F.,(4,1,4),(2,
2),(-0.190592255405525,-0.115025359444378,0.),(0.,0.3),.UNSPECIFIED.);
#311=B_SPLINE_SURFACE_WITH_KNOTS('',3,1,((#5309,#5310),(#5311,#5312),(#5313,
#5314),(#5315,#5316),(#5317,#5318)),.UNSPECIFIED.,.F.,.F.,.F.,(4,1,4),(2,
2),(-0.104439305334663,-0.0534040838797845,0.),(0.,0.3),.UNSPECIFIED.);
#312=B_SPLINE_SURFACE_WITH_KNOTS('',3,1,((#5332,#5333),(#5334,#5335),(#5336,
#5337),(#5338,#5339),(#5340,#5341)),.UNSPECIFIED.,.F.,.F.,.F.,(4,1,4),(2,
2),(-0.110367742027447,-0.0522633461313371,0.),(0.,0.3),.UNSPECIFIED.);
#313=B_SPLINE_SURFACE_WITH_KNOTS('',3,1,((#5355,#5356),(#5357,#5358),(#5359,
#5360),(#5361,#5362),(#5363,#5364)),.UNSPECIFIED.,.F.,.F.,.F.,(4,1,4),(2,
2),(-0.122395389736737,-0.0602696174507591,0.),(0.,0.3),.UNSPECIFIED.);
#314=B_SPLINE_SURFACE_WITH_KNOTS('',3,1,((#5378,#5379),(#5380,#5381),(#5382,
#5383),(#5384,#5385),(#5386,#5387)),.UNSPECIFIED.,.F.,.F.,.F.,(4,1,4),(2,
2),(-0.13453987389407,-0.0650075600561553,0.),(0.,0.3),.UNSPECIFIED.);
#315=B_SPLINE_SURFACE_WITH_KNOTS('',3,1,((#5401,#5402),(#5403,#5404),(#5405,
#5406),(#5407,#5408),(#5409,#5410)),.UNSPECIFIED.,.F.,.F.,.F.,(4,1,4),(2,
2),(-0.156498879599064,-0.0753269599691056,0.),(0.,0.3),.UNSPECIFIED.);
#316=B_SPLINE_SURFACE_WITH_KNOTS('',3,1,((#5424,#5425),(#5426,#5427),(#5428,
#5429),(#5430,#5431),(#5432,#5433)),.UNSPECIFIED.,.F.,.F.,.F.,(4,1,4),(2,
2),(-0.226170020033292,-0.125264493380398,0.),(0.,0.3),.UNSPECIFIED.);
#317=B_SPLINE_SURFACE_WITH_KNOTS('',3,1,((#5447,#5448),(#5449,#5450),(#5451,
#5452),(#5453,#5454),(#5455,#5456)),.UNSPECIFIED.,.F.,.F.,.F.,(4,1,4),(2,
2),(-0.201391014785672,-0.0947503550852873,0.),(0.,0.3),.UNSPECIFIED.);
#318=B_SPLINE_SURFACE_WITH_KNOTS('',3,1,((#5468,#5469),(#5470,#5471),(#5472,
#5473),(#5474,#5475),(#5476,#5477)),.UNSPECIFIED.,.F.,.F.,.F.,(4,1,4),(2,
2),(-0.219481466679232,-0.122470680276133,0.),(0.,0.3),.UNSPECIFIED.);
#319=B_SPLINE_SURFACE_WITH_KNOTS('',3,1,((#5494,#5495),(#5496,#5497),(#5498,
#5499),(#5500,#5501),(#5502,#5503)),.UNSPECIFIED.,.F.,.F.,.F.,(4,1,4),(2,
2),(-0.158703068638057,-0.082215620275626,0.),(0.,0.3),.UNSPECIFIED.);
#320=B_SPLINE_SURFACE_WITH_KNOTS('',3,1,((#5517,#5518),(#5519,#5520),(#5521,
#5522),(#5523,#5524),(#5525,#5526)),.UNSPECIFIED.,.F.,.F.,.F.,(4,1,4),(2,
2),(-0.155747074077284,-0.0762345065625095,0.),(0.,0.3),.UNSPECIFIED.);
#321=B_SPLINE_SURFACE_WITH_KNOTS('',3,1,((#5540,#5541),(#5542,#5543),(#5544,
#5545),(#5546,#5547),(#5548,#5549)),.UNSPECIFIED.,.F.,.F.,.F.,(4,1,4),(2,
2),(-0.211824697052694,-0.093234872938661,0.),(0.,0.3),.UNSPECIFIED.);
#322=B_SPLINE_SURFACE_WITH_KNOTS('',3,1,((#5563,#5564),(#5565,#5566),(#5567,
#5568),(#5569,#5570),(#5571,#5572)),.UNSPECIFIED.,.F.,.F.,.F.,(4,1,4),(2,
2),(-0.228871096816503,-0.129715655380311,0.),(0.,0.3),.UNSPECIFIED.);
#323=B_SPLINE_SURFACE_WITH_KNOTS('',3,1,((#5586,#5587),(#5588,#5589),(#5590,
#5591),(#5592,#5593),(#5594,#5595)),.UNSPECIFIED.,.F.,.F.,.F.,(4,1,4),(2,
2),(-0.161723510980715,-0.0825384733748682,0.),(0.,0.3),.UNSPECIFIED.);
#324=B_SPLINE_SURFACE_WITH_KNOTS('',3,1,((#5609,#5610),(#5611,#5612),(#5613,
#5614),(#5615,#5616),(#5617,#5618)),.UNSPECIFIED.,.F.,.F.,.F.,(4,1,4),(2,
2),(-0.156416785843025,-0.0769560514028451,0.),(0.,0.3),.UNSPECIFIED.);
#325=B_SPLINE_SURFACE_WITH_KNOTS('',3,1,((#5632,#5633),(#5634,#5635),(#5636,
#5637),(#5638,#5639),(#5640,#5641)),.UNSPECIFIED.,.F.,.F.,.F.,(4,1,4),(2,
2),(-0.220872034152471,-0.0954594600104961,0.),(0.,0.3),.UNSPECIFIED.);
#326=B_SPLINE_SURFACE_WITH_KNOTS('',3,1,((#5661,#5662),(#5663,#5664),(#5665,
#5666),(#5667,#5668),(#5669,#5670)),.UNSPECIFIED.,.F.,.F.,.F.,(4,1,4),(2,
2),(-0.237913569048928,-0.117367284851676,0.),(0.,0.3),.UNSPECIFIED.);
#327=B_SPLINE_SURFACE_WITH_KNOTS('',3,1,((#5684,#5685),(#5686,#5687),(#5688,
#5689),(#5690,#5691),(#5692,#5693)),.UNSPECIFIED.,.F.,.F.,.F.,(4,1,4),(2,
2),(-0.168130810182509,-0.0839868390620785,0.),(0.,0.3),.UNSPECIFIED.);
#328=B_SPLINE_SURFACE_WITH_KNOTS('',3,1,((#5707,#5708),(#5709,#5710),(#5711,
#5712),(#5713,#5714),(#5715,#5716)),.UNSPECIFIED.,.F.,.F.,.F.,(4,1,4),(2,
2),(-0.176246952312926,-0.0861895587974706,0.),(0.,0.3),.UNSPECIFIED.);
#329=B_SPLINE_SURFACE_WITH_KNOTS('',3,1,((#5730,#5731),(#5732,#5733),(#5734,
#5735),(#5736,#5737),(#5738,#5739)),.UNSPECIFIED.,.F.,.F.,.F.,(4,1,4),(2,
2),(-0.202013277230113,-0.0967474645281708,0.),(0.,0.3),.UNSPECIFIED.);
#330=B_SPLINE_SURFACE_WITH_KNOTS('',3,1,((#5753,#5754),(#5755,#5756),(#5757,
#5758),(#5759,#5760),(#5761,#5762)),.UNSPECIFIED.,.F.,.F.,.F.,(4,1,4),(2,
2),(-0.201045688773814,-0.103821846167937,0.),(0.,0.3),.UNSPECIFIED.);
#331=B_SPLINE_SURFACE_WITH_KNOTS('',3,1,((#5776,#5777),(#5778,#5779),(#5780,
#5781),(#5782,#5783),(#5784,#5785)),.UNSPECIFIED.,.F.,.F.,.F.,(4,1,4),(2,
2),(-0.175576508373503,-0.0901614349278042,0.),(0.,0.3),.UNSPECIFIED.);
#332=B_SPLINE_SURFACE_WITH_KNOTS('',3,1,((#5799,#5800),(#5801,#5802),(#5803,
#5804),(#5805,#5806),(#5807,#5808)),.UNSPECIFIED.,.F.,.F.,.F.,(4,1,4),(2,
2),(-0.170219079283629,-0.0843140001339814,0.),(0.,0.3),.UNSPECIFIED.);
#333=B_SPLINE_SURFACE_WITH_KNOTS('',3,1,((#5822,#5823),(#5824,#5825),(#5826,
#5827),(#5828,#5829),(#5830,#5831)),.UNSPECIFIED.,.F.,.F.,.F.,(4,1,4),(2,
2),(-0.12081802418515,-0.0622870874738188,0.),(0.,0.3),.UNSPECIFIED.);
#334=B_SPLINE_SURFACE_WITH_KNOTS('',3,1,((#5845,#5846),(#5847,#5848),(#5849,
#5850),(#5851,#5852),(#5853,#5854)),.UNSPECIFIED.,.F.,.F.,.F.,(4,1,4),(2,
2),(-0.110735956191665,-0.0562414984471932,0.),(0.,0.3),.UNSPECIFIED.);
#335=B_SPLINE_SURFACE_WITH_KNOTS('',3,1,((#5891,#5892),(#5893,#5894),(#5895,
#5896),(#5897,#5898),(#5899,#5900)),.UNSPECIFIED.,.F.,.F.,.F.,(4,1,4),(2,
2),(-0.220560235710631,-0.122617521317218,0.),(0.,0.3),.UNSPECIFIED.);
#336=B_SPLINE_SURFACE_WITH_KNOTS('',3,1,((#5917,#5918),(#5919,#5920),(#5921,
#5922),(#5923,#5924),(#5925,#5926)),.UNSPECIFIED.,.F.,.F.,.F.,(4,1,4),(2,
2),(-0.172002998955604,-0.086000367536698,0.),(0.,0.3),.UNSPECIFIED.);
#337=B_SPLINE_SURFACE_WITH_KNOTS('',3,1,((#5940,#5941),(#5942,#5943),(#5944,
#5945),(#5946,#5947),(#5948,#5949)),.UNSPECIFIED.,.F.,.F.,.F.,(4,1,4),(2,
2),(-0.171538535523901,-0.0855193033863361,0.),(0.,0.3),.UNSPECIFIED.);
#338=B_SPLINE_SURFACE_WITH_KNOTS('',3,1,((#5963,#5964),(#5965,#5966),(#5967,
#5968),(#5969,#5970),(#5971,#5972)),.UNSPECIFIED.,.F.,.F.,.F.,(4,1,4),(2,
2),(-0.224166097618094,-0.0989251885359925,0.),(0.,0.3),.UNSPECIFIED.);
#339=B_SPLINE_SURFACE_WITH_KNOTS('',3,1,((#5986,#5987),(#5988,#5989),(#5990,
#5991),(#5992,#5993),(#5994,#5995)),.UNSPECIFIED.,.F.,.F.,.F.,(4,1,4),(2,
2),(-0.21608344532109,-0.119075688516835,0.),(0.,0.3),.UNSPECIFIED.);
#340=B_SPLINE_SURFACE_WITH_KNOTS('',3,1,((#6009,#6010),(#6011,#6012),(#6013,
#6014),(#6015,#6016),(#6017,#6018)),.UNSPECIFIED.,.F.,.F.,.F.,(4,1,4),(2,
2),(-0.171016415042026,-0.0859323084094143,0.),(0.,0.3),.UNSPECIFIED.);
#341=B_SPLINE_SURFACE_WITH_KNOTS('',3,1,((#6032,#6033),(#6034,#6035),(#6036,
#6037),(#6038,#6039),(#6040,#6041)),.UNSPECIFIED.,.F.,.F.,.F.,(4,1,4),(2,
2),(-0.171831661105314,-0.0859855175685639,0.),(0.,0.3),.UNSPECIFIED.);
#342=B_SPLINE_SURFACE_WITH_KNOTS('',3,1,((#6055,#6056),(#6057,#6058),(#6059,
#6060),(#6061,#6062),(#6063,#6064)),.UNSPECIFIED.,.F.,.F.,.F.,(4,1,4),(2,
2),(-0.220249237525521,-0.0977162357993563,0.),(0.,0.3),.UNSPECIFIED.);
#343=B_SPLINE_SURFACE_WITH_KNOTS('',3,1,((#6075,#6076),(#6077,#6078),(#6079,
#6080),(#6081,#6082),(#6083,#6084)),.UNSPECIFIED.,.F.,.F.,.F.,(4,1,4),(2,
2),(-0.326207827241926,-0.177355443893693,0.),(0.,0.3),.UNSPECIFIED.);
#344=B_SPLINE_SURFACE_WITH_KNOTS('',3,1,((#6101,#6102),(#6103,#6104),(#6105,
#6106),(#6107,#6108),(#6109,#6110)),.UNSPECIFIED.,.F.,.F.,.F.,(4,1,4),(2,
2),(-0.245745170816491,-0.1199775023854,0.),(0.,0.3),.UNSPECIFIED.);
#345=B_SPLINE_SURFACE_WITH_KNOTS('',3,1,((#6124,#6125),(#6126,#6127),(#6128,
#6129),(#6130,#6131),(#6132,#6133)),.UNSPECIFIED.,.F.,.F.,.F.,(4,1,4),(2,
2),(-0.268900746858058,-0.137931781826059,0.),(0.,0.3),.UNSPECIFIED.);
#346=B_SPLINE_SURFACE_WITH_KNOTS('',3,1,((#6147,#6148),(#6149,#6150),(#6151,
#6152),(#6153,#6154),(#6155,#6156)),.UNSPECIFIED.,.F.,.F.,.F.,(4,1,4),(2,
2),(-0.292258717596213,-0.136538918987928,0.),(0.,0.3),.UNSPECIFIED.);
#347=B_SPLINE_SURFACE_WITH_KNOTS('',3,1,((#6170,#6171),(#6172,#6173),(#6174,
#6175),(#6176,#6177),(#6178,#6179)),.UNSPECIFIED.,.F.,.F.,.F.,(4,1,4),(2,
2),(-0.225496796135211,-0.125354247813493,0.),(0.,0.3),.UNSPECIFIED.);
#348=B_SPLINE_SURFACE_WITH_KNOTS('',3,1,((#6193,#6194),(#6195,#6196),(#6197,
#6198),(#6199,#6200),(#6201,#6202)),.UNSPECIFIED.,.F.,.F.,.F.,(4,1,4),(2,
2),(-0.17632692769689,-0.087871306990112,0.),(0.,0.3),.UNSPECIFIED.);
#349=B_SPLINE_SURFACE_WITH_KNOTS('',3,1,((#6216,#6217),(#6218,#6219),(#6220,
#6221),(#6222,#6223),(#6224,#6225)),.UNSPECIFIED.,.F.,.F.,.F.,(4,1,4),(2,
2),(-0.1819930419251,-0.0901721958203958,0.),(0.,0.3),.UNSPECIFIED.);
#350=B_SPLINE_SURFACE_WITH_KNOTS('',3,1,((#6239,#6240),(#6241,#6242),(#6243,
#6244),(#6245,#6246),(#6247,#6248)),.UNSPECIFIED.,.F.,.F.,.F.,(4,1,4),(2,
2),(-0.270434383139052,-0.139679365891702,0.),(0.,0.3),.UNSPECIFIED.);
#351=B_SPLINE_SURFACE_WITH_KNOTS('',3,1,((#6262,#6263),(#6264,#6265),(#6266,
#6267),(#6268,#6269),(#6270,#6271)),.UNSPECIFIED.,.F.,.F.,.F.,(4,1,4),(2,
2),(-0.301957066227685,-0.13826349538741,0.),(0.,0.3),.UNSPECIFIED.);
#352=B_SPLINE_SURFACE_WITH_KNOTS('',3,1,((#6562,#6563),(#6564,#6565),(#6566,
#6567),(#6568,#6569),(#6570,#6571)),.UNSPECIFIED.,.F.,.F.,.F.,(4,1,4),(2,
2),(-0.220560235710631,-0.122617521317218,0.),(0.,0.3),.UNSPECIFIED.);
#353=B_SPLINE_SURFACE_WITH_KNOTS('',3,1,((#6588,#6589),(#6590,#6591),(#6592,
#6593),(#6594,#6595),(#6596,#6597)),.UNSPECIFIED.,.F.,.F.,.F.,(4,1,4),(2,
2),(-0.172002998955604,-0.086000367536698,0.),(0.,0.3),.UNSPECIFIED.);
#354=B_SPLINE_SURFACE_WITH_KNOTS('',3,1,((#6611,#6612),(#6613,#6614),(#6615,
#6616),(#6617,#6618),(#6619,#6620)),.UNSPECIFIED.,.F.,.F.,.F.,(4,1,4),(2,
2),(-0.171538535523901,-0.0855193033863361,0.),(0.,0.3),.UNSPECIFIED.);
#355=B_SPLINE_SURFACE_WITH_KNOTS('',3,1,((#6634,#6635),(#6636,#6637),(#6638,
#6639),(#6640,#6641),(#6642,#6643)),.UNSPECIFIED.,.F.,.F.,.F.,(4,1,4),(2,
2),(-0.224166317090203,-0.0989254080081013,0.),(0.,0.3),.UNSPECIFIED.);
#356=B_SPLINE_SURFACE_WITH_KNOTS('',3,1,((#6657,#6658),(#6659,#6660),(#6661,
#6662),(#6663,#6664),(#6665,#6666)),.UNSPECIFIED.,.F.,.F.,.F.,(4,1,4),(2,
2),(-0.216083670389878,-0.119075688516835,0.),(0.,0.3),.UNSPECIFIED.);
#357=B_SPLINE_SURFACE_WITH_KNOTS('',3,1,((#6680,#6681),(#6682,#6683),(#6684,
#6685),(#6686,#6687),(#6688,#6689)),.UNSPECIFIED.,.F.,.F.,.F.,(4,1,4),(2,
2),(-0.171016415042026,-0.0859323084094143,0.),(0.,0.3),.UNSPECIFIED.);
#358=B_SPLINE_SURFACE_WITH_KNOTS('',3,1,((#6703,#6704),(#6705,#6706),(#6707,
#6708),(#6709,#6710),(#6711,#6712)),.UNSPECIFIED.,.F.,.F.,.F.,(4,1,4),(2,
2),(-0.171831661105314,-0.0859855175685639,0.),(0.,0.3),.UNSPECIFIED.);
#359=B_SPLINE_SURFACE_WITH_KNOTS('',3,1,((#6726,#6727),(#6728,#6729),(#6730,
#6731),(#6732,#6733),(#6734,#6735)),.UNSPECIFIED.,.F.,.F.,.F.,(4,1,4),(2,
2),(-0.220249237525521,-0.0977162357993563,0.),(0.,0.3),.UNSPECIFIED.);
#360=B_SPLINE_SURFACE_WITH_KNOTS('',3,1,((#6746,#6747),(#6748,#6749),(#6750,
#6751),(#6752,#6753),(#6754,#6755)),.UNSPECIFIED.,.F.,.F.,.F.,(4,1,4),(2,
2),(-0.326207827241926,-0.177355443893693,0.),(0.,0.3),.UNSPECIFIED.);
#361=B_SPLINE_SURFACE_WITH_KNOTS('',3,1,((#6765,#6766),(#6767,#6768),(#6769,
#6770),(#6771,#6772),(#6773,#6774)),.UNSPECIFIED.,.F.,.F.,.F.,(4,1,4),(2,
2),(-0.245745112201002,-0.119977914463996,0.),(0.,0.3),.UNSPECIFIED.);
#362=B_SPLINE_SURFACE_WITH_KNOTS('',3,1,((#6782,#6783),(#6784,#6785),(#6786,
#6787),(#6788,#6789),(#6790,#6791)),.UNSPECIFIED.,.F.,.F.,.F.,(4,1,4),(2,
2),(-0.268900746858058,-0.137931781826059,0.),(0.,0.3),.UNSPECIFIED.);
#363=B_SPLINE_SURFACE_WITH_KNOTS('',3,1,((#6799,#6800),(#6801,#6802),(#6803,
#6804),(#6805,#6806),(#6807,#6808)),.UNSPECIFIED.,.F.,.F.,.F.,(4,1,4),(2,
2),(-0.292258541835226,-0.136538670642359,0.),(0.,0.3),.UNSPECIFIED.);
#364=B_SPLINE_SURFACE_WITH_KNOTS('',3,1,((#6816,#6817),(#6818,#6819),(#6820,
#6821),(#6822,#6823),(#6824,#6825)),.UNSPECIFIED.,.F.,.F.,.F.,(4,1,4),(2,
2),(-0.225496686216515,-0.125354287708188,0.),(0.,0.3),.UNSPECIFIED.);
#365=B_SPLINE_SURFACE_WITH_KNOTS('',3,1,((#6833,#6834),(#6835,#6836),(#6837,
#6838),(#6839,#6840),(#6841,#6842)),.UNSPECIFIED.,.F.,.F.,.F.,(4,1,4),(2,
2),(-0.17632692769689,-0.087871306990112,0.),(0.,0.3),.UNSPECIFIED.);
#366=B_SPLINE_SURFACE_WITH_KNOTS('',3,1,((#6850,#6851),(#6852,#6853),(#6854,
#6855),(#6856,#6857),(#6858,#6859)),.UNSPECIFIED.,.F.,.F.,.F.,(4,1,4),(2,
2),(-0.1819930419251,-0.0901721958203958,0.),(0.,0.3),.UNSPECIFIED.);
#367=B_SPLINE_SURFACE_WITH_KNOTS('',3,1,((#6867,#6868),(#6869,#6870),(#6871,
#6872),(#6873,#6874),(#6875,#6876)),.UNSPECIFIED.,.F.,.F.,.F.,(4,1,4),(2,
2),(-0.270434308840614,-0.139678896377931,0.),(0.,0.3),.UNSPECIFIED.);
#368=B_SPLINE_SURFACE_WITH_KNOTS('',3,1,((#6884,#6885),(#6886,#6887),(#6888,
#6889),(#6890,#6891),(#6892,#6893)),.UNSPECIFIED.,.F.,.F.,.F.,(4,1,4),(2,
2),(-0.301957066227685,-0.13826349538741,0.),(0.,0.3),.UNSPECIFIED.);
#369=B_SPLINE_SURFACE_WITH_KNOTS('',3,1,((#6915,#6916),(#6917,#6918),(#6919,
#6920),(#6921,#6922),(#6923,#6924)),.UNSPECIFIED.,.F.,.F.,.F.,(4,1,4),(2,
2),(-0.208987524925493,-0.105172840633421,0.),(0.,0.3),.UNSPECIFIED.);
#370=B_SPLINE_SURFACE_WITH_KNOTS('',3,1,((#6932,#6933),(#6934,#6935),(#6936,
#6937),(#6938,#6939),(#6940,#6941)),.UNSPECIFIED.,.F.,.F.,.F.,(4,1,4),(2,
2),(-0.190261997184444,-0.129959009310871,0.),(0.,0.3),.UNSPECIFIED.);
#371=B_SPLINE_SURFACE_WITH_KNOTS('',3,1,((#6961,#6962),(#6963,#6964),(#6965,
#6966),(#6967,#6968),(#6969,#6970)),.UNSPECIFIED.,.F.,.F.,.F.,(4,1,4),(2,
2),(-0.362671352263969,-0.188437949694141,0.),(0.,0.3),.UNSPECIFIED.);
#372=B_SPLINE_SURFACE_WITH_KNOTS('',3,1,((#6978,#6979),(#6980,#6981),(#6982,
#6983),(#6984,#6985),(#6986,#6987)),.UNSPECIFIED.,.F.,.F.,.F.,(4,1,4),(2,
2),(-0.223238290224972,-0.104157387409739,0.),(0.,0.3),.UNSPECIFIED.);
#373=B_SPLINE_SURFACE_WITH_KNOTS('',3,1,((#7015,#7016),(#7017,#7018),(#7019,
#7020),(#7021,#7022),(#7023,#7024)),.UNSPECIFIED.,.F.,.F.,.F.,(4,1,4),(2,
2),(-0.121454301657632,-0.0799284522224667,0.),(0.,0.3),.UNSPECIFIED.);
#374=B_SPLINE_SURFACE_WITH_KNOTS('',3,1,((#7032,#7033),(#7034,#7035),(#7036,
#7037),(#7038,#7039),(#7040,#7041)),.UNSPECIFIED.,.F.,.F.,.F.,(4,1,4),(2,
2),(-0.120946106850338,-0.0655599934472723,0.),(0.,0.3),.UNSPECIFIED.);
#375=B_SPLINE_SURFACE_WITH_KNOTS('',3,1,((#7062,#7063),(#7064,#7065),(#7066,
#7067),(#7068,#7069),(#7070,#7071)),.UNSPECIFIED.,.F.,.F.,.F.,(4,1,4),(2,
2),(-0.0935322522194925,-0.0497907235540038,0.),(0.,0.3),.UNSPECIFIED.);
#376=B_SPLINE_SURFACE_WITH_KNOTS('',3,1,((#7079,#7080),(#7081,#7082),(#7083,
#7084),(#7085,#7086),(#7087,#7088)),.UNSPECIFIED.,.F.,.F.,.F.,(4,1,4),(2,
2),(-0.1066695185202,-0.0595800004794781,0.),(0.,0.3),.UNSPECIFIED.);
#377=B_SPLINE_SURFACE_WITH_KNOTS('',3,1,((#7096,#7097),(#7098,#7099),(#7100,
#7101),(#7102,#7103),(#7104,#7105)),.UNSPECIFIED.,.F.,.F.,.F.,(4,1,4),(2,
2),(-0.0770392990940713,-0.0397921522082957,0.),(0.,0.3),.UNSPECIFIED.);
#378=B_SPLINE_SURFACE_WITH_KNOTS('',3,1,((#7113,#7114),(#7115,#7116),(#7117,
#7118),(#7119,#7120),(#7121,#7122)),.UNSPECIFIED.,.F.,.F.,.F.,(4,1,4),(2,
2),(-0.14620107547574,-0.0546336764849918,0.),(0.,0.3),.UNSPECIFIED.);
#379=B_SPLINE_SURFACE_WITH_KNOTS('',3,1,((#7174,#7175),(#7176,#7177),(#7178,
#7179),(#7180,#7181),(#7182,#7183)),.UNSPECIFIED.,.F.,.F.,.F.,(4,1,4),(2,
2),(-0.0680407556361972,-0.0431749890397572,0.),(0.,0.3),.UNSPECIFIED.);
#380=B_SPLINE_SURFACE_WITH_KNOTS('',3,1,((#7191,#7192),(#7193,#7194),(#7195,
#7196),(#7197,#7198),(#7199,#7200)),.UNSPECIFIED.,.F.,.F.,.F.,(4,1,4),(2,
2),(-0.0322976210793504,-0.0159435260010109,0.),(0.,0.3),.UNSPECIFIED.);
#381=B_SPLINE_SURFACE_WITH_KNOTS('',3,1,((#7208,#7209),(#7210,#7211),(#7212,
#7213),(#7214,#7215),(#7216,#7217)),.UNSPECIFIED.,.F.,.F.,.F.,(4,1,4),(2,
2),(-0.0432531908388436,-0.0190212218326788,0.),(0.,0.3),.UNSPECIFIED.);
#382=B_SPLINE_SURFACE_WITH_KNOTS('',3,1,((#7225,#7226),(#7227,#7228),(#7229,
#7230),(#7231,#7232),(#7233,#7234)),.UNSPECIFIED.,.F.,.F.,.F.,(4,1,4),(2,
2),(-0.0541298313601488,-0.0237340865120168,0.),(0.,0.3),.UNSPECIFIED.);
#383=B_SPLINE_SURFACE_WITH_KNOTS('',3,1,((#7250,#7251),(#7252,#7253),(#7254,
#7255),(#7256,#7257),(#7258,#7259)),.UNSPECIFIED.,.F.,.F.,.F.,(4,1,4),(2,
2),(-0.146356462786072,-0.081503791990215,0.),(0.,0.3),.UNSPECIFIED.);
#384=B_SPLINE_SURFACE_WITH_KNOTS('',3,1,((#7273,#7274),(#7275,#7276),(#7277,
#7278),(#7279,#7280),(#7281,#7282)),.UNSPECIFIED.,.F.,.F.,.F.,(4,1,4),(2,
2),(-0.17242880700158,-0.0858386069476378,0.),(0.,0.3),.UNSPECIFIED.);
#385=B_SPLINE_SURFACE_WITH_KNOTS('',3,1,((#7296,#7297),(#7298,#7299),(#7300,
#7301),(#7302,#7303),(#7304,#7305)),.UNSPECIFIED.,.F.,.F.,.F.,(4,1,4),(2,
2),(-0.156242960790344,-0.0791241252853186,0.),(0.,0.3),.UNSPECIFIED.);
#386=B_SPLINE_SURFACE_WITH_KNOTS('',3,1,((#7319,#7320),(#7321,#7322),(#7323,
#7324),(#7325,#7326),(#7327,#7328)),.UNSPECIFIED.,.F.,.F.,.F.,(4,1,4),(2,
2),(-0.167247005442539,-0.0798866278390394,0.),(0.,0.3),.UNSPECIFIED.);
#387=B_SPLINE_SURFACE_WITH_KNOTS('',3,1,((#7345,#7346),(#7347,#7348),(#7349,
#7350),(#7351,#7352),(#7353,#7354)),.UNSPECIFIED.,.F.,.F.,.F.,(4,1,4),(2,
2),(-0.208258112866928,-0.10761667690737,0.),(0.,0.3),.UNSPECIFIED.);
#388=B_SPLINE_SURFACE_WITH_KNOTS('',3,1,((#7362,#7363),(#7364,#7365),(#7366,
#7367),(#7368,#7369),(#7370,#7371)),.UNSPECIFIED.,.F.,.F.,.F.,(4,1,4),(2,
2),(-0.219220658189223,-0.103261967180955,0.),(0.,0.3),.UNSPECIFIED.);
#389=B_SPLINE_SURFACE_WITH_KNOTS('',3,1,((#7379,#7380),(#7381,#7382),(#7383,
#7384),(#7385,#7386),(#7387,#7388)),.UNSPECIFIED.,.F.,.F.,.F.,(4,1,4),(2,
2),(-0.276454054794962,-0.144565793098633,0.),(0.,0.3),.UNSPECIFIED.);
#390=B_SPLINE_SURFACE_WITH_KNOTS('',3,1,((#7396,#7397),(#7398,#7399),(#7400,
#7401),(#7402,#7403),(#7404,#7405)),.UNSPECIFIED.,.F.,.F.,.F.,(4,1,4),(2,
2),(-0.295446977880188,-0.136755720082662,0.),(0.,0.3),.UNSPECIFIED.);
#391=B_SPLINE_SURFACE_WITH_KNOTS('',3,1,((#7413,#7414),(#7415,#7416),(#7417,
#7418),(#7419,#7420),(#7421,#7422)),.UNSPECIFIED.,.F.,.F.,.F.,(4,1,4),(2,
2),(-0.304495953934922,-0.164043358793266,0.),(0.,0.3),.UNSPECIFIED.);
#392=B_SPLINE_SURFACE_WITH_KNOTS('',3,1,((#7430,#7431),(#7432,#7433),(#7434,
#7435),(#7436,#7437),(#7438,#7439)),.UNSPECIFIED.,.F.,.F.,.F.,(4,1,4),(2,
2),(-0.270398794763804,-0.131993471146857,0.),(0.,0.3),.UNSPECIFIED.);
#393=B_SPLINE_SURFACE_WITH_KNOTS('',3,1,((#7447,#7448),(#7449,#7450),(#7451,
#7452),(#7453,#7454),(#7455,#7456)),.UNSPECIFIED.,.F.,.F.,.F.,(4,1,4),(2,
2),(-0.263166580362941,-0.134287948895676,0.),(0.,0.3),.UNSPECIFIED.);
#394=B_SPLINE_SURFACE_WITH_KNOTS('',3,1,((#7464,#7465),(#7466,#7467),(#7468,
#7469),(#7470,#7471),(#7472,#7473)),.UNSPECIFIED.,.F.,.F.,.F.,(4,1,4),(2,
2),(-0.298549362942771,-0.137617295583108,0.),(0.,0.3),.UNSPECIFIED.);
#395=B_SPLINE_SURFACE_WITH_KNOTS('',3,1,((#7481,#7482),(#7483,#7484),(#7485,
#7486),(#7487,#7488),(#7489,#7490)),.UNSPECIFIED.,.F.,.F.,.F.,(4,1,4),(2,
2),(-0.0327500595241844,-0.0136436145152145,0.),(0.,0.3),.UNSPECIFIED.);
#396=B_SPLINE_SURFACE_WITH_KNOTS('',3,1,((#7502,#7503),(#7504,#7505),(#7506,
#7507),(#7508,#7509),(#7510,#7511)),.UNSPECIFIED.,.F.,.F.,.F.,(4,1,4),(2,
2),(-0.198019249617392,-0.107324887136278,0.),(0.,0.3),.UNSPECIFIED.);
#397=B_SPLINE_SURFACE_WITH_KNOTS('',3,1,((#7519,#7520),(#7521,#7522),(#7523,
#7524),(#7525,#7526),(#7527,#7528)),.UNSPECIFIED.,.F.,.F.,.F.,(4,1,4),(2,
2),(-0.167884098125012,-0.0831667270095637,0.),(0.,0.3),.UNSPECIFIED.);
#398=B_SPLINE_SURFACE_WITH_KNOTS('',3,1,((#7536,#7537),(#7538,#7539),(#7540,
#7541),(#7542,#7543),(#7544,#7545)),.UNSPECIFIED.,.F.,.F.,.F.,(4,1,4),(2,
2),(-0.122239349585641,-0.0632103505693358,0.),(0.,0.3),.UNSPECIFIED.);
#399=B_SPLINE_SURFACE_WITH_KNOTS('',3,1,((#7553,#7554),(#7555,#7556),(#7557,
#7558),(#7559,#7560),(#7561,#7562)),.UNSPECIFIED.,.F.,.F.,.F.,(4,1,4),(2,
2),(-0.137683989249252,-0.0628661920406909,0.),(0.,0.3),.UNSPECIFIED.);
#400=B_SPLINE_SURFACE_WITH_KNOTS('',3,1,((#7609,#7610),(#7611,#7612),(#7613,
#7614),(#7615,#7616),(#7617,#7618)),.UNSPECIFIED.,.F.,.F.,.F.,(4,1,4),(2,
2),(-0.257940049594156,-0.134038466898513,0.),(0.,0.3),.UNSPECIFIED.);
#401=B_SPLINE_SURFACE_WITH_KNOTS('',3,1,((#7632,#7633),(#7634,#7635),(#7636,
#7637),(#7638,#7639),(#7640,#7641)),.UNSPECIFIED.,.F.,.F.,.F.,(4,1,4),(2,
2),(-0.25858294535899,-0.128411910923079,0.),(0.,0.3),.UNSPECIFIED.);
#402=B_SPLINE_SURFACE_WITH_KNOTS('',3,1,((#7692,#7693),(#7694,#7695),(#7696,
#7697),(#7698,#7699),(#7700,#7701)),.UNSPECIFIED.,.F.,.F.,.F.,(4,1,4),(2,
2),(-0.21605836396688,-0.0996642379726691,0.),(0.,0.3),.UNSPECIFIED.);
#403=B_SPLINE_SURFACE_WITH_KNOTS('',3,1,((#7715,#7716),(#7717,#7718),(#7719,
#7720),(#7721,#7722),(#7723,#7724)),.UNSPECIFIED.,.F.,.F.,.F.,(4,1,4),(2,
2),(-0.216191672845868,-0.116518577246725,0.),(0.,0.3),.UNSPECIFIED.);
#404=B_SPLINE_SURFACE_WITH_KNOTS('',3,1,((#7744,#7745),(#7746,#7747),(#7748,
#7749),(#7750,#7751),(#7752,#7753)),.UNSPECIFIED.,.F.,.F.,.F.,(4,1,4),(2,
2),(-0.323248661461401,-0.165569143962716,0.),(0.,0.3),.UNSPECIFIED.);
#405=B_SPLINE_SURFACE_WITH_KNOTS('',3,1,((#7767,#7768),(#7769,#7770),(#7771,
#7772),(#7773,#7774),(#7775,#7776)),.UNSPECIFIED.,.F.,.F.,.F.,(4,1,4),(2,
2),(-0.260021489352813,-0.141823980299018,0.),(0.,0.3),.UNSPECIFIED.);
#406=FACE_OUTER_BOUND('',#617,.T.);
#407=FACE_OUTER_BOUND('',#618,.T.);
#408=FACE_OUTER_BOUND('',#619,.T.);
#409=FACE_OUTER_BOUND('',#620,.T.);
#410=FACE_OUTER_BOUND('',#621,.T.);
#411=FACE_OUTER_BOUND('',#622,.T.);
#412=FACE_OUTER_BOUND('',#623,.T.);
#413=FACE_OUTER_BOUND('',#624,.T.);
#414=FACE_OUTER_BOUND('',#625,.T.);
#415=FACE_OUTER_BOUND('',#626,.T.);
#416=FACE_OUTER_BOUND('',#627,.T.);
#417=FACE_OUTER_BOUND('',#628,.T.);
#418=FACE_OUTER_BOUND('',#629,.T.);
#419=FACE_OUTER_BOUND('',#630,.T.);
#420=FACE_OUTER_BOUND('',#631,.T.);
#421=FACE_OUTER_BOUND('',#632,.T.);
#422=FACE_OUTER_BOUND('',#633,.T.);
#423=FACE_OUTER_BOUND('',#634,.T.);
#424=FACE_OUTER_BOUND('',#635,.T.);
#425=FACE_OUTER_BOUND('',#636,.T.);
#426=FACE_OUTER_BOUND('',#637,.T.);
#427=FACE_OUTER_BOUND('',#638,.T.);
#428=FACE_OUTER_BOUND('',#639,.T.);
#429=FACE_OUTER_BOUND('',#640,.T.);
#430=FACE_OUTER_BOUND('',#641,.T.);
#431=FACE_OUTER_BOUND('',#642,.T.);
#432=FACE_OUTER_BOUND('',#643,.T.);
#433=FACE_OUTER_BOUND('',#644,.T.);
#434=FACE_OUTER_BOUND('',#645,.T.);
#435=FACE_OUTER_BOUND('',#646,.T.);
#436=FACE_OUTER_BOUND('',#647,.T.);
#437=FACE_OUTER_BOUND('',#648,.T.);
#438=FACE_OUTER_BOUND('',#649,.T.);
#439=FACE_OUTER_BOUND('',#650,.T.);
#440=FACE_OUTER_BOUND('',#651,.T.);
#441=FACE_OUTER_BOUND('',#652,.T.);
#442=FACE_OUTER_BOUND('',#653,.T.);
#443=FACE_OUTER_BOUND('',#654,.T.);
#444=FACE_OUTER_BOUND('',#655,.T.);
#445=FACE_OUTER_BOUND('',#656,.T.);
#446=FACE_OUTER_BOUND('',#657,.T.);
#447=FACE_OUTER_BOUND('',#658,.T.);
#448=FACE_OUTER_BOUND('',#659,.T.);
#449=FACE_OUTER_BOUND('',#660,.T.);
#450=FACE_OUTER_BOUND('',#661,.T.);
#451=FACE_OUTER_BOUND('',#662,.T.);
#452=FACE_OUTER_BOUND('',#663,.T.);
#453=FACE_OUTER_BOUND('',#664,.T.);
#454=FACE_OUTER_BOUND('',#665,.T.);
#455=FACE_OUTER_BOUND('',#666,.T.);
#456=FACE_OUTER_BOUND('',#667,.T.);
#457=FACE_OUTER_BOUND('',#668,.T.);
#458=FACE_OUTER_BOUND('',#669,.T.);
#459=FACE_OUTER_BOUND('',#670,.T.);
#460=FACE_OUTER_BOUND('',#671,.T.);
#461=FACE_OUTER_BOUND('',#672,.T.);
#462=FACE_OUTER_BOUND('',#673,.T.);
#463=FACE_OUTER_BOUND('',#674,.T.);
#464=FACE_OUTER_BOUND('',#675,.T.);
#465=FACE_OUTER_BOUND('',#676,.T.);
#466=FACE_OUTER_BOUND('',#677,.T.);
#467=FACE_OUTER_BOUND('',#678,.T.);
#468=FACE_OUTER_BOUND('',#679,.T.);
#469=FACE_OUTER_BOUND('',#680,.T.);
#470=FACE_OUTER_BOUND('',#681,.T.);
#471=FACE_OUTER_BOUND('',#682,.T.);
#472=FACE_OUTER_BOUND('',#683,.T.);
#473=FACE_OUTER_BOUND('',#684,.T.);
#474=FACE_OUTER_BOUND('',#685,.T.);
#475=FACE_OUTER_BOUND('',#686,.T.);
#476=FACE_OUTER_BOUND('',#687,.T.);
#477=FACE_OUTER_BOUND('',#688,.T.);
#478=FACE_OUTER_BOUND('',#689,.T.);
#479=FACE_OUTER_BOUND('',#690,.T.);
#480=FACE_OUTER_BOUND('',#691,.T.);
#481=FACE_OUTER_BOUND('',#692,.T.);
#482=FACE_OUTER_BOUND('',#693,.T.);
#483=FACE_OUTER_BOUND('',#695,.T.);
#484=FACE_OUTER_BOUND('',#696,.T.);
#485=FACE_OUTER_BOUND('',#697,.T.);
#486=FACE_OUTER_BOUND('',#698,.T.);
#487=FACE_OUTER_BOUND('',#699,.T.);
#488=FACE_OUTER_BOUND('',#700,.T.);
#489=FACE_OUTER_BOUND('',#701,.T.);
#490=FACE_OUTER_BOUND('',#702,.T.);
#491=FACE_OUTER_BOUND('',#703,.T.);
#492=FACE_OUTER_BOUND('',#704,.T.);
#493=FACE_OUTER_BOUND('',#705,.T.);
#494=FACE_OUTER_BOUND('',#706,.T.);
#495=FACE_OUTER_BOUND('',#707,.T.);
#496=FACE_OUTER_BOUND('',#708,.T.);
#497=FACE_OUTER_BOUND('',#709,.T.);
#498=FACE_OUTER_BOUND('',#710,.T.);
#499=FACE_OUTER_BOUND('',#711,.T.);
#500=FACE_OUTER_BOUND('',#712,.T.);
#501=FACE_OUTER_BOUND('',#713,.T.);
#502=FACE_OUTER_BOUND('',#715,.T.);
#503=FACE_OUTER_BOUND('',#724,.T.);
#504=FACE_OUTER_BOUND('',#725,.T.);
#505=FACE_OUTER_BOUND('',#726,.T.);
#506=FACE_OUTER_BOUND('',#727,.T.);
#507=FACE_OUTER_BOUND('',#728,.T.);
#508=FACE_OUTER_BOUND('',#729,.T.);
#509=FACE_OUTER_BOUND('',#730,.T.);
#510=FACE_OUTER_BOUND('',#731,.T.);
#511=FACE_OUTER_BOUND('',#732,.T.);
#512=FACE_OUTER_BOUND('',#733,.T.);
#513=FACE_OUTER_BOUND('',#734,.T.);
#514=FACE_OUTER_BOUND('',#735,.T.);
#515=FACE_OUTER_BOUND('',#736,.T.);
#516=FACE_OUTER_BOUND('',#737,.T.);
#517=FACE_OUTER_BOUND('',#738,.T.);
#518=FACE_OUTER_BOUND('',#739,.T.);
#519=FACE_OUTER_BOUND('',#740,.T.);
#520=FACE_OUTER_BOUND('',#741,.T.);
#521=FACE_OUTER_BOUND('',#743,.T.);
#522=FACE_OUTER_BOUND('',#744,.T.);
#523=FACE_OUTER_BOUND('',#745,.T.);
#524=FACE_OUTER_BOUND('',#746,.T.);
#525=FACE_OUTER_BOUND('',#747,.T.);
#526=FACE_OUTER_BOUND('',#748,.T.);
#527=FACE_OUTER_BOUND('',#749,.T.);
#528=FACE_OUTER_BOUND('',#750,.T.);
#529=FACE_OUTER_BOUND('',#751,.T.);
#530=FACE_OUTER_BOUND('',#752,.T.);
#531=FACE_OUTER_BOUND('',#753,.T.);
#532=FACE_OUTER_BOUND('',#754,.T.);
#533=FACE_OUTER_BOUND('',#755,.T.);
#534=FACE_OUTER_BOUND('',#756,.T.);
#535=FACE_OUTER_BOUND('',#757,.T.);
#536=FACE_OUTER_BOUND('',#758,.T.);
#537=FACE_OUTER_BOUND('',#759,.T.);
#538=FACE_OUTER_BOUND('',#760,.T.);
#539=FACE_OUTER_BOUND('',#761,.T.);
#540=FACE_OUTER_BOUND('',#762,.T.);
#541=FACE_OUTER_BOUND('',#763,.T.);
#542=FACE_OUTER_BOUND('',#764,.T.);
#543=FACE_OUTER_BOUND('',#765,.T.);
#544=FACE_OUTER_BOUND('',#766,.T.);
#545=FACE_OUTER_BOUND('',#767,.T.);
#546=FACE_OUTER_BOUND('',#768,.T.);
#547=FACE_OUTER_BOUND('',#769,.T.);
#548=FACE_OUTER_BOUND('',#770,.T.);
#549=FACE_OUTER_BOUND('',#771,.T.);
#550=FACE_OUTER_BOUND('',#772,.T.);
#551=FACE_OUTER_BOUND('',#773,.T.);
#552=FACE_OUTER_BOUND('',#774,.T.);
#553=FACE_OUTER_BOUND('',#775,.T.);
#554=FACE_OUTER_BOUND('',#776,.T.);
#555=FACE_OUTER_BOUND('',#777,.T.);
#556=FACE_OUTER_BOUND('',#778,.T.);
#557=FACE_OUTER_BOUND('',#779,.T.);
#558=FACE_OUTER_BOUND('',#780,.T.);
#559=FACE_OUTER_BOUND('',#781,.T.);
#560=FACE_OUTER_BOUND('',#782,.T.);
#561=FACE_OUTER_BOUND('',#783,.T.);
#562=FACE_OUTER_BOUND('',#784,.T.);
#563=FACE_OUTER_BOUND('',#785,.T.);
#564=FACE_OUTER_BOUND('',#786,.T.);
#565=FACE_OUTER_BOUND('',#787,.T.);
#566=FACE_OUTER_BOUND('',#788,.T.);
#567=FACE_OUTER_BOUND('',#789,.T.);
#568=FACE_OUTER_BOUND('',#790,.T.);
#569=FACE_OUTER_BOUND('',#791,.T.);
#570=FACE_OUTER_BOUND('',#792,.T.);
#571=FACE_OUTER_BOUND('',#793,.T.);
#572=FACE_OUTER_BOUND('',#794,.T.);
#573=FACE_OUTER_BOUND('',#795,.T.);
#574=FACE_OUTER_BOUND('',#796,.T.);
#575=FACE_OUTER_BOUND('',#797,.T.);
#576=FACE_OUTER_BOUND('',#798,.T.);
#577=FACE_OUTER_BOUND('',#799,.T.);
#578=FACE_OUTER_BOUND('',#800,.T.);
#579=FACE_OUTER_BOUND('',#801,.T.);
#580=FACE_OUTER_BOUND('',#802,.T.);
#581=FACE_OUTER_BOUND('',#803,.T.);
#582=FACE_OUTER_BOUND('',#804,.T.);
#583=FACE_OUTER_BOUND('',#805,.T.);
#584=FACE_OUTER_BOUND('',#807,.T.);
#585=FACE_OUTER_BOUND('',#808,.T.);
#586=FACE_OUTER_BOUND('',#809,.T.);
#587=FACE_OUTER_BOUND('',#810,.T.);
#588=FACE_OUTER_BOUND('',#811,.T.);
#589=FACE_OUTER_BOUND('',#812,.T.);
#590=FACE_OUTER_BOUND('',#813,.T.);
#591=FACE_OUTER_BOUND('',#814,.T.);
#592=FACE_OUTER_BOUND('',#815,.T.);
#593=FACE_OUTER_BOUND('',#816,.T.);
#594=FACE_OUTER_BOUND('',#817,.T.);
#595=FACE_OUTER_BOUND('',#818,.T.);
#596=FACE_OUTER_BOUND('',#819,.T.);
#597=FACE_OUTER_BOUND('',#820,.T.);
#598=FACE_OUTER_BOUND('',#821,.T.);
#599=FACE_OUTER_BOUND('',#822,.T.);
#600=FACE_OUTER_BOUND('',#823,.T.);
#601=FACE_OUTER_BOUND('',#824,.T.);
#602=FACE_OUTER_BOUND('',#825,.T.);
#603=FACE_OUTER_BOUND('',#826,.T.);
#604=FACE_OUTER_BOUND('',#827,.T.);
#605=FACE_OUTER_BOUND('',#828,.T.);
#606=FACE_OUTER_BOUND('',#829,.T.);
#607=FACE_OUTER_BOUND('',#830,.T.);
#608=FACE_OUTER_BOUND('',#831,.T.);
#609=FACE_OUTER_BOUND('',#832,.T.);
#610=FACE_OUTER_BOUND('',#833,.T.);
#611=FACE_OUTER_BOUND('',#834,.T.);
#612=FACE_OUTER_BOUND('',#835,.T.);
#613=FACE_OUTER_BOUND('',#836,.T.);
#614=FACE_OUTER_BOUND('',#837,.T.);
#615=FACE_OUTER_BOUND('',#838,.T.);
#616=FACE_OUTER_BOUND('',#841,.T.);
#617=EDGE_LOOP('',(#2465,#2466,#2467,#2468));
#618=EDGE_LOOP('',(#2469,#2470,#2471,#2472));
#619=EDGE_LOOP('',(#2473,#2474,#2475,#2476));
#620=EDGE_LOOP('',(#2477,#2478,#2479,#2480));
#621=EDGE_LOOP('',(#2481,#2482,#2483,#2484));
#622=EDGE_LOOP('',(#2485,#2486,#2487,#2488));
#623=EDGE_LOOP('',(#2489,#2490,#2491,#2492));
#624=EDGE_LOOP('',(#2493,#2494,#2495,#2496));
#625=EDGE_LOOP('',(#2497,#2498,#2499,#2500));
#626=EDGE_LOOP('',(#2501,#2502,#2503,#2504));
#627=EDGE_LOOP('',(#2505,#2506,#2507,#2508));
#628=EDGE_LOOP('',(#2509,#2510,#2511,#2512));
#629=EDGE_LOOP('',(#2513,#2514,#2515,#2516));
#630=EDGE_LOOP('',(#2517,#2518,#2519,#2520));
#631=EDGE_LOOP('',(#2521,#2522,#2523,#2524));
#632=EDGE_LOOP('',(#2525,#2526,#2527,#2528));
#633=EDGE_LOOP('',(#2529,#2530,#2531,#2532));
#634=EDGE_LOOP('',(#2533,#2534,#2535,#2536));
#635=EDGE_LOOP('',(#2537,#2538,#2539,#2540));
#636=EDGE_LOOP('',(#2541,#2542,#2543,#2544,#2545,#2546,#2547,#2548,#2549,
#2550,#2551,#2552,#2553,#2554,#2555,#2556,#2557,#2558,#2559));
#637=EDGE_LOOP('',(#2560,#2561,#2562,#2563));
#638=EDGE_LOOP('',(#2564,#2565,#2566,#2567));
#639=EDGE_LOOP('',(#2568,#2569,#2570,#2571));
#640=EDGE_LOOP('',(#2572,#2573,#2574,#2575));
#641=EDGE_LOOP('',(#2576,#2577,#2578,#2579));
#642=EDGE_LOOP('',(#2580,#2581,#2582,#2583));
#643=EDGE_LOOP('',(#2584,#2585,#2586,#2587));
#644=EDGE_LOOP('',(#2588,#2589,#2590,#2591));
#645=EDGE_LOOP('',(#2592,#2593,#2594,#2595));
#646=EDGE_LOOP('',(#2596,#2597,#2598,#2599));
#647=EDGE_LOOP('',(#2600,#2601,#2602,#2603));
#648=EDGE_LOOP('',(#2604,#2605,#2606,#2607));
#649=EDGE_LOOP('',(#2608,#2609,#2610,#2611));
#650=EDGE_LOOP('',(#2612,#2613,#2614,#2615));
#651=EDGE_LOOP('',(#2616,#2617,#2618,#2619));
#652=EDGE_LOOP('',(#2620,#2621,#2622,#2623));
#653=EDGE_LOOP('',(#2624,#2625,#2626,#2627));
#654=EDGE_LOOP('',(#2628,#2629,#2630,#2631));
#655=EDGE_LOOP('',(#2632,#2633,#2634,#2635));
#656=EDGE_LOOP('',(#2636,#2637,#2638,#2639));
#657=EDGE_LOOP('',(#2640,#2641,#2642,#2643));
#658=EDGE_LOOP('',(#2644,#2645,#2646,#2647));
#659=EDGE_LOOP('',(#2648,#2649,#2650,#2651));
#660=EDGE_LOOP('',(#2652,#2653,#2654,#2655));
#661=EDGE_LOOP('',(#2656,#2657,#2658,#2659));
#662=EDGE_LOOP('',(#2660,#2661,#2662,#2663));
#663=EDGE_LOOP('',(#2664,#2665,#2666,#2667));
#664=EDGE_LOOP('',(#2668,#2669,#2670,#2671));
#665=EDGE_LOOP('',(#2672,#2673,#2674,#2675));
#666=EDGE_LOOP('',(#2676,#2677,#2678,#2679));
#667=EDGE_LOOP('',(#2680,#2681,#2682,#2683));
#668=EDGE_LOOP('',(#2684,#2685,#2686,#2687));
#669=EDGE_LOOP('',(#2688,#2689,#2690,#2691));
#670=EDGE_LOOP('',(#2692,#2693,#2694,#2695,#2696,#2697,#2698,#2699,#2700,
#2701,#2702,#2703,#2704,#2705,#2706,#2707,#2708,#2709,#2710,#2711,#2712,
#2713,#2714,#2715,#2716,#2717,#2718,#2719,#2720,#2721,#2722,#2723,#2724));
#671=EDGE_LOOP('',(#2725,#2726,#2727,#2728));
#672=EDGE_LOOP('',(#2729,#2730,#2731,#2732));
#673=EDGE_LOOP('',(#2733,#2734,#2735,#2736));
#674=EDGE_LOOP('',(#2737,#2738,#2739,#2740));
#675=EDGE_LOOP('',(#2741,#2742,#2743,#2744));
#676=EDGE_LOOP('',(#2745,#2746,#2747,#2748));
#677=EDGE_LOOP('',(#2749,#2750,#2751,#2752));
#678=EDGE_LOOP('',(#2753,#2754,#2755,#2756));
#679=EDGE_LOOP('',(#2757,#2758,#2759,#2760));
#680=EDGE_LOOP('',(#2761,#2762,#2763,#2764));
#681=EDGE_LOOP('',(#2765,#2766,#2767,#2768));
#682=EDGE_LOOP('',(#2769,#2770,#2771,#2772));
#683=EDGE_LOOP('',(#2773,#2774,#2775,#2776));
#684=EDGE_LOOP('',(#2777,#2778,#2779,#2780));
#685=EDGE_LOOP('',(#2781,#2782,#2783,#2784));
#686=EDGE_LOOP('',(#2785,#2786,#2787,#2788));
#687=EDGE_LOOP('',(#2789,#2790,#2791,#2792));
#688=EDGE_LOOP('',(#2793,#2794,#2795,#2796));
#689=EDGE_LOOP('',(#2797,#2798,#2799,#2800));
#690=EDGE_LOOP('',(#2801,#2802,#2803,#2804));
#691=EDGE_LOOP('',(#2805,#2806,#2807,#2808));
#692=EDGE_LOOP('',(#2809,#2810,#2811,#2812));
#693=EDGE_LOOP('',(#2813,#2814,#2815,#2816,#2817,#2818,#2819,#2820,#2821,
#2822,#2823,#2824,#2825,#2826));
#694=EDGE_LOOP('',(#2827,#2828,#2829,#2830,#2831,#2832,#2833,#2834));
#695=EDGE_LOOP('',(#2835,#2836,#2837,#2838,#2839,#2840,#2841,#2842));
#696=EDGE_LOOP('',(#2843,#2844,#2845,#2846));
#697=EDGE_LOOP('',(#2847,#2848,#2849,#2850));
#698=EDGE_LOOP('',(#2851,#2852,#2853,#2854));
#699=EDGE_LOOP('',(#2855,#2856,#2857,#2858));
#700=EDGE_LOOP('',(#2859,#2860,#2861,#2862));
#701=EDGE_LOOP('',(#2863,#2864,#2865,#2866));
#702=EDGE_LOOP('',(#2867,#2868,#2869,#2870));
#703=EDGE_LOOP('',(#2871,#2872,#2873,#2874));
#704=EDGE_LOOP('',(#2875,#2876,#2877,#2878));
#705=EDGE_LOOP('',(#2879,#2880,#2881,#2882));
#706=EDGE_LOOP('',(#2883,#2884,#2885,#2886));
#707=EDGE_LOOP('',(#2887,#2888,#2889,#2890));
#708=EDGE_LOOP('',(#2891,#2892,#2893,#2894));
#709=EDGE_LOOP('',(#2895,#2896,#2897,#2898));
#710=EDGE_LOOP('',(#2899,#2900,#2901,#2902));
#711=EDGE_LOOP('',(#2903,#2904,#2905,#2906));
#712=EDGE_LOOP('',(#2907,#2908,#2909,#2910));
#713=EDGE_LOOP('',(#2911,#2912,#2913,#2914,#2915,#2916,#2917,#2918,#2919));
#714=EDGE_LOOP('',(#2920,#2921,#2922,#2923,#2924,#2925,#2926,#2927));
#715=EDGE_LOOP('',(#2928,#2929,#2930,#2931));
#716=EDGE_LOOP('',(#2932,#2933,#2934,#2935,#2936,#2937,#2938,#2939,#2940,
#2941,#2942,#2943,#2944,#2945));
#717=EDGE_LOOP('',(#2946,#2947,#2948,#2949,#2950,#2951,#2952,#2953,#2954));
#718=EDGE_LOOP('',(#2955,#2956,#2957,#2958,#2959,#2960,#2961,#2962,#2963,
#2964,#2965,#2966,#2967,#2968,#2969,#2970,#2971,#2972,#2973));
#719=EDGE_LOOP('',(#2974,#2975,#2976,#2977,#2978,#2979,#2980,#2981,#2982,
#2983,#2984,#2985,#2986,#2987,#2988,#2989,#2990,#2991,#2992,#2993));
#720=EDGE_LOOP('',(#2994,#2995,#2996,#2997,#2998,#2999,#3000,#3001,#3002,
#3003,#3004,#3005,#3006,#3007,#3008));
#721=EDGE_LOOP('',(#3009,#3010,#3011,#3012,#3013,#3014,#3015,#3016,#3017));
#722=EDGE_LOOP('',(#3018,#3019,#3020,#3021,#3022,#3023,#3024,#3025,#3026,
#3027,#3028,#3029,#3030,#3031,#3032,#3033,#3034,#3035,#3036,#3037,#3038,
#3039,#3040,#3041,#3042,#3043,#3044,#3045,#3046,#3047,#3048,#3049,#3050));
#723=EDGE_LOOP('',(#3051,#3052,#3053,#3054,#3055,#3056,#3057,#3058,#3059,
#3060,#3061,#3062,#3063,#3064,#3065,#3066,#3067,#3068,#3069));
#724=EDGE_LOOP('',(#3070,#3071,#3072,#3073));
#725=EDGE_LOOP('',(#3074,#3075,#3076,#3077));
#726=EDGE_LOOP('',(#3078,#3079,#3080,#3081));
#727=EDGE_LOOP('',(#3082,#3083,#3084,#3085));
#728=EDGE_LOOP('',(#3086,#3087,#3088,#3089));
#729=EDGE_LOOP('',(#3090,#3091,#3092,#3093));
#730=EDGE_LOOP('',(#3094,#3095,#3096,#3097));
#731=EDGE_LOOP('',(#3098,#3099,#3100,#3101));
#732=EDGE_LOOP('',(#3102,#3103,#3104,#3105));
#733=EDGE_LOOP('',(#3106,#3107,#3108,#3109));
#734=EDGE_LOOP('',(#3110,#3111,#3112,#3113));
#735=EDGE_LOOP('',(#3114,#3115,#3116,#3117));
#736=EDGE_LOOP('',(#3118,#3119,#3120,#3121));
#737=EDGE_LOOP('',(#3122,#3123,#3124,#3125));
#738=EDGE_LOOP('',(#3126,#3127,#3128,#3129));
#739=EDGE_LOOP('',(#3130,#3131,#3132,#3133));
#740=EDGE_LOOP('',(#3134,#3135,#3136,#3137));
#741=EDGE_LOOP('',(#3138,#3139,#3140,#3141,#3142,#3143,#3144,#3145,#3146));
#742=EDGE_LOOP('',(#3147,#3148,#3149,#3150,#3151,#3152,#3153,#3154));
#743=EDGE_LOOP('',(#3155,#3156,#3157,#3158,#3159,#3160,#3161,#3162));
#744=EDGE_LOOP('',(#3163,#3164,#3165,#3166));
#745=EDGE_LOOP('',(#3167,#3168,#3169,#3170));
#746=EDGE_LOOP('',(#3171,#3172,#3173,#3174));
#747=EDGE_LOOP('',(#3175,#3176,#3177,#3178));
#748=EDGE_LOOP('',(#3179,#3180,#3181,#3182));
#749=EDGE_LOOP('',(#3183,#3184,#3185,#3186));
#750=EDGE_LOOP('',(#3187,#3188,#3189,#3190));
#751=EDGE_LOOP('',(#3191,#3192,#3193,#3194));
#752=EDGE_LOOP('',(#3195,#3196,#3197,#3198));
#753=EDGE_LOOP('',(#3199,#3200,#3201,#3202));
#754=EDGE_LOOP('',(#3203,#3204,#3205,#3206));
#755=EDGE_LOOP('',(#3207,#3208,#3209,#3210));
#756=EDGE_LOOP('',(#3211,#3212,#3213,#3214));
#757=EDGE_LOOP('',(#3215,#3216,#3217,#3218));
#758=EDGE_LOOP('',(#3219,#3220,#3221,#3222));
#759=EDGE_LOOP('',(#3223,#3224,#3225,#3226));
#760=EDGE_LOOP('',(#3227,#3228,#3229,#3230));
#761=EDGE_LOOP('',(#3231,#3232,#3233,#3234));
#762=EDGE_LOOP('',(#3235,#3236,#3237,#3238));
#763=EDGE_LOOP('',(#3239,#3240,#3241,#3242,#3243,#3244,#3245,#3246,#3247,
#3248,#3249,#3250,#3251,#3252,#3253,#3254,#3255,#3256,#3257));
#764=EDGE_LOOP('',(#3258,#3259,#3260,#3261));
#765=EDGE_LOOP('',(#3262,#3263,#3264,#3265));
#766=EDGE_LOOP('',(#3266,#3267,#3268,#3269));
#767=EDGE_LOOP('',(#3270,#3271,#3272,#3273));
#768=EDGE_LOOP('',(#3274,#3275,#3276,#3277));
#769=EDGE_LOOP('',(#3278,#3279,#3280,#3281));
#770=EDGE_LOOP('',(#3282,#3283,#3284,#3285));
#771=EDGE_LOOP('',(#3286,#3287,#3288,#3289));
#772=EDGE_LOOP('',(#3290,#3291,#3292,#3293));
#773=EDGE_LOOP('',(#3294,#3295,#3296,#3297));
#774=EDGE_LOOP('',(#3298,#3299,#3300,#3301));
#775=EDGE_LOOP('',(#3302,#3303,#3304,#3305));
#776=EDGE_LOOP('',(#3306,#3307,#3308,#3309));
#777=EDGE_LOOP('',(#3310,#3311,#3312,#3313));
#778=EDGE_LOOP('',(#3314,#3315,#3316,#3317));
#779=EDGE_LOOP('',(#3318,#3319,#3320,#3321));
#780=EDGE_LOOP('',(#3322,#3323,#3324,#3325));
#781=EDGE_LOOP('',(#3326,#3327,#3328,#3329));
#782=EDGE_LOOP('',(#3330,#3331,#3332,#3333));
#783=EDGE_LOOP('',(#3334,#3335,#3336,#3337));
#784=EDGE_LOOP('',(#3338,#3339,#3340,#3341,#3342,#3343,#3344,#3345,#3346,
#3347,#3348,#3349,#3350,#3351,#3352,#3353,#3354,#3355,#3356,#3357));
#785=EDGE_LOOP('',(#3358,#3359,#3360,#3361));
#786=EDGE_LOOP('',(#3362,#3363,#3364,#3365));
#787=EDGE_LOOP('',(#3366,#3367,#3368,#3369));
#788=EDGE_LOOP('',(#3370,#3371,#3372,#3373));
#789=EDGE_LOOP('',(#3374,#3375,#3376,#3377));
#790=EDGE_LOOP('',(#3378,#3379,#3380,#3381));
#791=EDGE_LOOP('',(#3382,#3383,#3384,#3385));
#792=EDGE_LOOP('',(#3386,#3387,#3388,#3389));
#793=EDGE_LOOP('',(#3390,#3391,#3392,#3393));
#794=EDGE_LOOP('',(#3394,#3395,#3396,#3397));
#795=EDGE_LOOP('',(#3398,#3399,#3400,#3401));
#796=EDGE_LOOP('',(#3402,#3403,#3404,#3405));
#797=EDGE_LOOP('',(#3406,#3407,#3408,#3409));
#798=EDGE_LOOP('',(#3410,#3411,#3412,#3413));
#799=EDGE_LOOP('',(#3414,#3415,#3416,#3417));
#800=EDGE_LOOP('',(#3418,#3419,#3420,#3421));
#801=EDGE_LOOP('',(#3422,#3423,#3424,#3425));
#802=EDGE_LOOP('',(#3426,#3427,#3428,#3429));
#803=EDGE_LOOP('',(#3430,#3431,#3432,#3433));
#804=EDGE_LOOP('',(#3434,#3435,#3436,#3437));
#805=EDGE_LOOP('',(#3438,#3439,#3440,#3441,#3442,#3443,#3444,#3445,#3446,
#3447,#3448,#3449,#3450,#3451,#3452));
#806=EDGE_LOOP('',(#3453,#3454,#3455,#3456,#3457));
#807=EDGE_LOOP('',(#3458,#3459,#3460,#3461,#3462,#3463,#3464,#3465));
#808=EDGE_LOOP('',(#3466,#3467,#3468,#3469));
#809=EDGE_LOOP('',(#3470,#3471,#3472,#3473));
#810=EDGE_LOOP('',(#3474,#3475,#3476,#3477));
#811=EDGE_LOOP('',(#3478,#3479,#3480,#3481));
#812=EDGE_LOOP('',(#3482,#3483,#3484,#3485,#3486));
#813=EDGE_LOOP('',(#3487,#3488,#3489,#3490));
#814=EDGE_LOOP('',(#3491,#3492,#3493,#3494));
#815=EDGE_LOOP('',(#3495,#3496,#3497,#3498));
#816=EDGE_LOOP('',(#3499,#3500,#3501,#3502));
#817=EDGE_LOOP('',(#3503,#3504,#3505,#3506));
#818=EDGE_LOOP('',(#3507,#3508,#3509,#3510));
#819=EDGE_LOOP('',(#3511,#3512,#3513,#3514));
#820=EDGE_LOOP('',(#3515,#3516,#3517,#3518));
#821=EDGE_LOOP('',(#3519,#3520,#3521,#3522));
#822=EDGE_LOOP('',(#3523,#3524,#3525,#3526));
#823=EDGE_LOOP('',(#3527,#3528,#3529,#3530,#3531,#3532,#3533,#3534,#3535));
#824=EDGE_LOOP('',(#3536,#3537,#3538,#3539));
#825=EDGE_LOOP('',(#3540,#3541,#3542,#3543));
#826=EDGE_LOOP('',(#3544,#3545,#3546,#3547));
#827=EDGE_LOOP('',(#3548,#3549,#3550,#3551));
#828=EDGE_LOOP('',(#3552,#3553,#3554,#3555));
#829=EDGE_LOOP('',(#3556,#3557,#3558,#3559));
#830=EDGE_LOOP('',(#3560,#3561,#3562,#3563));
#831=EDGE_LOOP('',(#3564,#3565,#3566,#3567));
#832=EDGE_LOOP('',(#3568,#3569,#3570,#3571));
#833=EDGE_LOOP('',(#3572,#3573,#3574,#3575,#3576,#3577,#3578,#3579,#3580));
#834=EDGE_LOOP('',(#3581,#3582,#3583,#3584));
#835=EDGE_LOOP('',(#3585,#3586,#3587,#3588));
#836=EDGE_LOOP('',(#3589,#3590,#3591,#3592));
#837=EDGE_LOOP('',(#3593,#3594,#3595,#3596));
#838=EDGE_LOOP('',(#3597,#3598,#3599,#3600));
#839=EDGE_LOOP('',(#3601,#3602,#3603,#3604,#3605,#3606,#3607,#3608,#3609));
#840=EDGE_LOOP('',(#3610,#3611,#3612,#3613,#3614,#3615,#3616,#3617,#3618));
#841=EDGE_LOOP('',(#3619,#3620,#3621,#3622));
#842=LINE('',#4528,#1171);
#843=LINE('',#4530,#1172);
#844=LINE('',#4532,#1173);
#845=LINE('',#4533,#1174);
#846=LINE('',#4536,#1175);
#847=LINE('',#4538,#1176);
#848=LINE('',#4539,#1177);
#849=LINE('',#4542,#1178);
#850=LINE('',#4544,#1179);
#851=LINE('',#4545,#1180);
#852=LINE('',#4568,#1181);
#853=LINE('',#4591,#1182);
#854=LINE('',#4594,#1183);
#855=LINE('',#4596,#1184);
#856=LINE('',#4597,#1185);
#857=LINE('',#4600,#1186);
#858=LINE('',#4602,#1187);
#859=LINE('',#4603,#1188);
#860=LINE('',#4606,#1189);
#861=LINE('',#4608,#1190);
#862=LINE('',#4609,#1191);
#863=LINE('',#4632,#1192);
#864=LINE('',#4655,#1193);
#865=LINE('',#4658,#1194);
#866=LINE('',#4660,#1195);
#867=LINE('',#4661,#1196);
#868=LINE('',#4664,#1197);
#869=LINE('',#4666,#1198);
#870=LINE('',#4667,#1199);
#871=LINE('',#4670,#1200);
#872=LINE('',#4672,#1201);
#873=LINE('',#4673,#1202);
#874=LINE('',#4676,#1203);
#875=LINE('',#4678,#1204);
#876=LINE('',#4679,#1205);
#877=LINE('',#4682,#1206);
#878=LINE('',#4684,#1207);
#879=LINE('',#4685,#1208);
#880=LINE('',#4708,#1209);
#881=LINE('',#4731,#1210);
#882=LINE('',#4734,#1211);
#883=LINE('',#4736,#1212);
#884=LINE('',#4737,#1213);
#885=LINE('',#4739,#1214);
#886=LINE('',#4740,#1215);
#887=LINE('',#4745,#1216);
#888=LINE('',#4747,#1217);
#889=LINE('',#4749,#1218);
#890=LINE('',#4750,#1219);
#891=LINE('',#4773,#1220);
#892=LINE('',#4796,#1221);
#893=LINE('',#4819,#1222);
#894=LINE('',#4842,#1223);
#895=LINE('',#4865,#1224);
#896=LINE('',#4888,#1225);
#897=LINE('',#4911,#1226);
#898=LINE('',#4934,#1227);
#899=LINE('',#4957,#1228);
#900=LINE('',#4980,#1229);
#901=LINE('',#5003,#1230);
#902=LINE('',#5026,#1231);
#903=LINE('',#5049,#1232);
#904=LINE('',#5072,#1233);
#905=LINE('',#5095,#1234);
#906=LINE('',#5118,#1235);
#907=LINE('',#5121,#1236);
#908=LINE('',#5123,#1237);
#909=LINE('',#5124,#1238);
#910=LINE('',#5147,#1239);
#911=LINE('',#5170,#1240);
#912=LINE('',#5193,#1241);
#913=LINE('',#5216,#1242);
#914=LINE('',#5239,#1243);
#915=LINE('',#5262,#1244);
#916=LINE('',#5285,#1245);
#917=LINE('',#5308,#1246);
#918=LINE('',#5331,#1247);
#919=LINE('',#5354,#1248);
#920=LINE('',#5377,#1249);
#921=LINE('',#5400,#1250);
#922=LINE('',#5423,#1251);
#923=LINE('',#5446,#1252);
#924=LINE('',#5486,#1253);
#925=LINE('',#5493,#1254);
#926=LINE('',#5516,#1255);
#927=LINE('',#5539,#1256);
#928=LINE('',#5562,#1257);
#929=LINE('',#5585,#1258);
#930=LINE('',#5608,#1259);
#931=LINE('',#5631,#1260);
#932=LINE('',#5655,#1261);
#933=LINE('',#5657,#1262);
#934=LINE('',#5659,#1263);
#935=LINE('',#5660,#1264);
#936=LINE('',#5683,#1265);
#937=LINE('',#5706,#1266);
#938=LINE('',#5729,#1267);
#939=LINE('',#5752,#1268);
#940=LINE('',#5775,#1269);
#941=LINE('',#5798,#1270);
#942=LINE('',#5821,#1271);
#943=LINE('',#5844,#1272);
#944=LINE('',#5867,#1273);
#945=LINE('',#5870,#1274);
#946=LINE('',#5872,#1275);
#947=LINE('',#5873,#1276);
#948=LINE('',#5876,#1277);
#949=LINE('',#5878,#1278);
#950=LINE('',#5879,#1279);
#951=LINE('',#5882,#1280);
#952=LINE('',#5884,#1281);
#953=LINE('',#5885,#1282);
#954=LINE('',#5887,#1283);
#955=LINE('',#5888,#1284);
#956=LINE('',#5909,#1285);
#957=LINE('',#5916,#1286);
#958=LINE('',#5939,#1287);
#959=LINE('',#5962,#1288);
#960=LINE('',#5985,#1289);
#961=LINE('',#6008,#1290);
#962=LINE('',#6031,#1291);
#963=LINE('',#6054,#1292);
#964=LINE('',#6093,#1293);
#965=LINE('',#6100,#1294);
#966=LINE('',#6123,#1295);
#967=LINE('',#6146,#1296);
#968=LINE('',#6169,#1297);
#969=LINE('',#6192,#1298);
#970=LINE('',#6215,#1299);
#971=LINE('',#6238,#1300);
#972=LINE('',#6261,#1301);
#973=LINE('',#6286,#1302);
#974=LINE('',#6288,#1303);
#975=LINE('',#6290,#1304);
#976=LINE('',#6291,#1305);
#977=LINE('',#6348,#1306);
#978=LINE('',#6350,#1307);
#979=LINE('',#6352,#1308);
#980=LINE('',#6366,#1309);
#981=LINE('',#6368,#1310);
#982=LINE('',#6370,#1311);
#983=LINE('',#6384,#1312);
#984=LINE('',#6386,#1313);
#985=LINE('',#6388,#1314);
#986=LINE('',#6390,#1315);
#987=LINE('',#6392,#1316);
#988=LINE('',#6406,#1317);
#989=LINE('',#6407,#1318);
#990=LINE('',#6410,#1319);
#991=LINE('',#6436,#1320);
#992=LINE('',#6438,#1321);
#993=LINE('',#6440,#1322);
#994=LINE('',#6442,#1323);
#995=LINE('',#6444,#1324);
#996=LINE('',#6446,#1325);
#997=LINE('',#6448,#1326);
#998=LINE('',#6450,#1327);
#999=LINE('',#6452,#1328);
#1000=LINE('',#6454,#1329);
#1001=LINE('',#6456,#1330);
#1002=LINE('',#6482,#1331);
#1003=LINE('',#6538,#1332);
#1004=LINE('',#6580,#1333);
#1005=LINE('',#6587,#1334);
#1006=LINE('',#6610,#1335);
#1007=LINE('',#6633,#1336);
#1008=LINE('',#6656,#1337);
#1009=LINE('',#6679,#1338);
#1010=LINE('',#6702,#1339);
#1011=LINE('',#6725,#1340);
#1012=LINE('',#6757,#1341);
#1013=LINE('',#6764,#1342);
#1014=LINE('',#6781,#1343);
#1015=LINE('',#6798,#1344);
#1016=LINE('',#6815,#1345);
#1017=LINE('',#6832,#1346);
#1018=LINE('',#6849,#1347);
#1019=LINE('',#6866,#1348);
#1020=LINE('',#6883,#1349);
#1021=LINE('',#6903,#1350);
#1022=LINE('',#6905,#1351);
#1023=LINE('',#6906,#1352);
#1024=LINE('',#6909,#1353);
#1025=LINE('',#6910,#1354);
#1026=LINE('',#6913,#1355);
#1027=LINE('',#6914,#1356);
#1028=LINE('',#6931,#1357);
#1029=LINE('',#6948,#1358);
#1030=LINE('',#6951,#1359);
#1031=LINE('',#6952,#1360);
#1032=LINE('',#6955,#1361);
#1033=LINE('',#6956,#1362);
#1034=LINE('',#6959,#1363);
#1035=LINE('',#6960,#1364);
#1036=LINE('',#6977,#1365);
#1037=LINE('',#6994,#1366);
#1038=LINE('',#6997,#1367);
#1039=LINE('',#6998,#1368);
#1040=LINE('',#7001,#1369);
#1041=LINE('',#7002,#1370);
#1042=LINE('',#7005,#1371);
#1043=LINE('',#7006,#1372);
#1044=LINE('',#7009,#1373);
#1045=LINE('',#7010,#1374);
#1046=LINE('',#7013,#1375);
#1047=LINE('',#7014,#1376);
#1048=LINE('',#7031,#1377);
#1049=LINE('',#7048,#1378);
#1050=LINE('',#7051,#1379);
#1051=LINE('',#7052,#1380);
#1052=LINE('',#7054,#1381);
#1053=LINE('',#7058,#1382);
#1054=LINE('',#7060,#1383);
#1055=LINE('',#7061,#1384);
#1056=LINE('',#7078,#1385);
#1057=LINE('',#7095,#1386);
#1058=LINE('',#7112,#1387);
#1059=LINE('',#7129,#1388);
#1060=LINE('',#7132,#1389);
#1061=LINE('',#7133,#1390);
#1062=LINE('',#7136,#1391);
#1063=LINE('',#7137,#1392);
#1064=LINE('',#7140,#1393);
#1065=LINE('',#7141,#1394);
#1066=LINE('',#7144,#1395);
#1067=LINE('',#7145,#1396);
#1068=LINE('',#7148,#1397);
#1069=LINE('',#7149,#1398);
#1070=LINE('',#7152,#1399);
#1071=LINE('',#7153,#1400);
#1072=LINE('',#7156,#1401);
#1073=LINE('',#7157,#1402);
#1074=LINE('',#7160,#1403);
#1075=LINE('',#7161,#1404);
#1076=LINE('',#7164,#1405);
#1077=LINE('',#7165,#1406);
#1078=LINE('',#7168,#1407);
#1079=LINE('',#7169,#1408);
#1080=LINE('',#7172,#1409);
#1081=LINE('',#7173,#1410);
#1082=LINE('',#7190,#1411);
#1083=LINE('',#7207,#1412);
#1084=LINE('',#7224,#1413);
#1085=LINE('',#7244,#1414);
#1086=LINE('',#7246,#1415);
#1087=LINE('',#7248,#1416);
#1088=LINE('',#7249,#1417);
#1089=LINE('',#7272,#1418);
#1090=LINE('',#7295,#1419);
#1091=LINE('',#7318,#1420);
#1092=LINE('',#7341,#1421);
#1093=LINE('',#7343,#1422);
#1094=LINE('',#7344,#1423);
#1095=LINE('',#7361,#1424);
#1096=LINE('',#7378,#1425);
#1097=LINE('',#7395,#1426);
#1098=LINE('',#7412,#1427);
#1099=LINE('',#7429,#1428);
#1100=LINE('',#7446,#1429);
#1101=LINE('',#7463,#1430);
#1102=LINE('',#7480,#1431);
#1103=LINE('',#7497,#1432);
#1104=LINE('',#7500,#1433);
#1105=LINE('',#7501,#1434);
#1106=LINE('',#7518,#1435);
#1107=LINE('',#7535,#1436);
#1108=LINE('',#7552,#1437);
#1109=LINE('',#7572,#1438);
#1110=LINE('',#7574,#1439);
#1111=LINE('',#7575,#1440);
#1112=LINE('',#7578,#1441);
#1113=LINE('',#7579,#1442);
#1114=LINE('',#7582,#1443);
#1115=LINE('',#7583,#1444);
#1116=LINE('',#7585,#1445);
#1117=LINE('',#7591,#1446);
#1118=LINE('',#7593,#1447);
#1119=LINE('',#7595,#1448);
#1120=LINE('',#7596,#1449);
#1121=LINE('',#7599,#1450);
#1122=LINE('',#7601,#1451);
#1123=LINE('',#7602,#1452);
#1124=LINE('',#7605,#1453);
#1125=LINE('',#7607,#1454);
#1126=LINE('',#7608,#1455);
#1127=LINE('',#7631,#1456);
#1128=LINE('',#7654,#1457);
#1129=LINE('',#7657,#1458);
#1130=LINE('',#7659,#1459);
#1131=LINE('',#7660,#1460);
#1132=LINE('',#7663,#1461);
#1133=LINE('',#7665,#1462);
#1134=LINE('',#7666,#1463);
#1135=LINE('',#7669,#1464);
#1136=LINE('',#7671,#1465);
#1137=LINE('',#7672,#1466);
#1138=LINE('',#7674,#1467);
#1139=LINE('',#7675,#1468);
#1140=LINE('',#7680,#1469);
#1141=LINE('',#7682,#1470);
#1142=LINE('',#7684,#1471);
#1143=LINE('',#7685,#1472);
#1144=LINE('',#7688,#1473);
#1145=LINE('',#7690,#1474);
#1146=LINE('',#7691,#1475);
#1147=LINE('',#7714,#1476);
#1148=LINE('',#7737,#1477);
#1149=LINE('',#7740,#1478);
#1150=LINE('',#7742,#1479);
#1151=LINE('',#7743,#1480);
#1152=LINE('',#7766,#1481);
#1153=LINE('',#7789,#1482);
#1154=LINE('',#7792,#1483);
#1155=LINE('',#7794,#1484);
#1156=LINE('',#7795,#1485);
#1157=LINE('',#7797,#1486);
#1158=LINE('',#7798,#1487);
#1159=LINE('',#7803,#1488);
#1160=LINE('',#7805,#1489);
#1161=LINE('',#7807,#1490);
#1162=LINE('',#7808,#1491);
#1163=LINE('',#7811,#1492);
#1164=LINE('',#7813,#1493);
#1165=LINE('',#7814,#1494);
#1166=LINE('',#7817,#1495);
#1167=LINE('',#7819,#1496);
#1168=LINE('',#7820,#1497);
#1169=LINE('',#7822,#1498);
#1170=LINE('',#7823,#1499);
#1171=VECTOR('',#4025,10.);
#1172=VECTOR('',#4026,10.);
#1173=VECTOR('',#4027,10.);
#1174=VECTOR('',#4028,10.);
#1175=VECTOR('',#4031,10.);
#1176=VECTOR('',#4032,10.);
#1177=VECTOR('',#4033,10.);
#1178=VECTOR('',#4036,10.);
#1179=VECTOR('',#4037,10.);
#1180=VECTOR('',#4038,10.);
#1181=VECTOR('',#4039,10.);
#1182=VECTOR('',#4040,10.);
#1183=VECTOR('',#4043,10.);
#1184=VECTOR('',#4044,10.);
#1185=VECTOR('',#4045,10.);
#1186=VECTOR('',#4048,10.);
#1187=VECTOR('',#4049,10.);
#1188=VECTOR('',#4050,10.);
#1189=VECTOR('',#4053,10.);
#1190=VECTOR('',#4054,10.);
#1191=VECTOR('',#4055,10.);
#1192=VECTOR('',#4056,10.);
#1193=VECTOR('',#4057,10.);
#1194=VECTOR('',#4060,10.);
#1195=VECTOR('',#4061,10.);
#1196=VECTOR('',#4062,10.);
#1197=VECTOR('',#4065,10.);
#1198=VECTOR('',#4066,10.);
#1199=VECTOR('',#4067,10.);
#1200=VECTOR('',#4070,10.);
#1201=VECTOR('',#4071,10.);
#1202=VECTOR('',#4072,10.);
#1203=VECTOR('',#4075,10.);
#1204=VECTOR('',#4076,10.);
#1205=VECTOR('',#4077,10.);
#1206=VECTOR('',#4080,10.);
#1207=VECTOR('',#4081,10.);
#1208=VECTOR('',#4082,10.);
#1209=VECTOR('',#4083,10.);
#1210=VECTOR('',#4084,10.);
#1211=VECTOR('',#4087,10.);
#1212=VECTOR('',#4088,10.);
#1213=VECTOR('',#4089,10.);
#1214=VECTOR('',#4092,10.);
#1215=VECTOR('',#4093,10.);
#1216=VECTOR('',#4098,10.);
#1217=VECTOR('',#4099,10.);
#1218=VECTOR('',#4100,10.);
#1219=VECTOR('',#4101,10.);
#1220=VECTOR('',#4102,10.);
#1221=VECTOR('',#4103,10.);
#1222=VECTOR('',#4104,10.);
#1223=VECTOR('',#4105,10.);
#1224=VECTOR('',#4106,10.);
#1225=VECTOR('',#4107,10.);
#1226=VECTOR('',#4108,10.);
#1227=VECTOR('',#4109,10.);
#1228=VECTOR('',#4110,10.);
#1229=VECTOR('',#4111,10.);
#1230=VECTOR('',#4112,10.);
#1231=VECTOR('',#4113,10.);
#1232=VECTOR('',#4114,10.);
#1233=VECTOR('',#4115,10.);
#1234=VECTOR('',#4116,10.);
#1235=VECTOR('',#4117,10.);
#1236=VECTOR('',#4120,10.);
#1237=VECTOR('',#4121,10.);
#1238=VECTOR('',#4122,10.);
#1239=VECTOR('',#4123,10.);
#1240=VECTOR('',#4124,10.);
#1241=VECTOR('',#4125,10.);
#1242=VECTOR('',#4126,10.);
#1243=VECTOR('',#4127,10.);
#1244=VECTOR('',#4128,10.);
#1245=VECTOR('',#4129,10.);
#1246=VECTOR('',#4130,10.);
#1247=VECTOR('',#4131,10.);
#1248=VECTOR('',#4132,10.);
#1249=VECTOR('',#4133,10.);
#1250=VECTOR('',#4134,10.);
#1251=VECTOR('',#4135,10.);
#1252=VECTOR('',#4136,10.);
#1253=VECTOR('',#4139,10.);
#1254=VECTOR('',#4140,10.);
#1255=VECTOR('',#4141,10.);
#1256=VECTOR('',#4142,10.);
#1257=VECTOR('',#4143,10.);
#1258=VECTOR('',#4144,10.);
#1259=VECTOR('',#4145,10.);
#1260=VECTOR('',#4146,10.);
#1261=VECTOR('',#4149,10.);
#1262=VECTOR('',#4150,10.);
#1263=VECTOR('',#4151,10.);
#1264=VECTOR('',#4152,10.);
#1265=VECTOR('',#4153,10.);
#1266=VECTOR('',#4154,10.);
#1267=VECTOR('',#4155,10.);
#1268=VECTOR('',#4156,10.);
#1269=VECTOR('',#4157,10.);
#1270=VECTOR('',#4158,10.);
#1271=VECTOR('',#4159,10.);
#1272=VECTOR('',#4160,10.);
#1273=VECTOR('',#4161,10.);
#1274=VECTOR('',#4164,10.);
#1275=VECTOR('',#4165,10.);
#1276=VECTOR('',#4166,10.);
#1277=VECTOR('',#4169,10.);
#1278=VECTOR('',#4170,10.);
#1279=VECTOR('',#4171,10.);
#1280=VECTOR('',#4174,10.);
#1281=VECTOR('',#4175,10.);
#1282=VECTOR('',#4176,10.);
#1283=VECTOR('',#4179,10.);
#1284=VECTOR('',#4180,10.);
#1285=VECTOR('',#4185,10.);
#1286=VECTOR('',#4186,10.);
#1287=VECTOR('',#4187,10.);
#1288=VECTOR('',#4188,10.);
#1289=VECTOR('',#4189,10.);
#1290=VECTOR('',#4190,10.);
#1291=VECTOR('',#4191,10.);
#1292=VECTOR('',#4192,10.);
#1293=VECTOR('',#4193,10.);
#1294=VECTOR('',#4194,10.);
#1295=VECTOR('',#4195,10.);
#1296=VECTOR('',#4196,10.);
#1297=VECTOR('',#4197,10.);
#1298=VECTOR('',#4198,10.);
#1299=VECTOR('',#4199,10.);
#1300=VECTOR('',#4200,10.);
#1301=VECTOR('',#4201,10.);
#1302=VECTOR('',#4206,10.);
#1303=VECTOR('',#4207,10.);
#1304=VECTOR('',#4208,10.);
#1305=VECTOR('',#4209,10.);
#1306=VECTOR('',#4210,10.);
#1307=VECTOR('',#4211,10.);
#1308=VECTOR('',#4212,10.);
#1309=VECTOR('',#4213,10.);
#1310=VECTOR('',#4214,10.);
#1311=VECTOR('',#4215,10.);
#1312=VECTOR('',#4216,10.);
#1313=VECTOR('',#4217,10.);
#1314=VECTOR('',#4218,10.);
#1315=VECTOR('',#4219,10.);
#1316=VECTOR('',#4220,10.);
#1317=VECTOR('',#4221,10.);
#1318=VECTOR('',#4222,10.);
#1319=VECTOR('',#4223,10.);
#1320=VECTOR('',#4224,10.);
#1321=VECTOR('',#4225,10.);
#1322=VECTOR('',#4226,10.);
#1323=VECTOR('',#4227,10.);
#1324=VECTOR('',#4228,10.);
#1325=VECTOR('',#4229,10.);
#1326=VECTOR('',#4230,10.);
#1327=VECTOR('',#4231,10.);
#1328=VECTOR('',#4232,10.);
#1329=VECTOR('',#4233,10.);
#1330=VECTOR('',#4234,10.);
#1331=VECTOR('',#4235,10.);
#1332=VECTOR('',#4236,10.);
#1333=VECTOR('',#4237,10.);
#1334=VECTOR('',#4238,10.);
#1335=VECTOR('',#4239,10.);
#1336=VECTOR('',#4240,10.);
#1337=VECTOR('',#4241,10.);
#1338=VECTOR('',#4242,10.);
#1339=VECTOR('',#4243,10.);
#1340=VECTOR('',#4244,10.);
#1341=VECTOR('',#4245,10.);
#1342=VECTOR('',#4246,10.);
#1343=VECTOR('',#4247,10.);
#1344=VECTOR('',#4248,10.);
#1345=VECTOR('',#4249,10.);
#1346=VECTOR('',#4250,10.);
#1347=VECTOR('',#4251,10.);
#1348=VECTOR('',#4252,10.);
#1349=VECTOR('',#4253,10.);
#1350=VECTOR('',#4260,10.);
#1351=VECTOR('',#4261,10.);
#1352=VECTOR('',#4262,10.);
#1353=VECTOR('',#4265,10.);
#1354=VECTOR('',#4266,10.);
#1355=VECTOR('',#4269,10.);
#1356=VECTOR('',#4270,10.);
#1357=VECTOR('',#4271,10.);
#1358=VECTOR('',#4272,10.);
#1359=VECTOR('',#4275,10.);
#1360=VECTOR('',#4276,10.);
#1361=VECTOR('',#4279,10.);
#1362=VECTOR('',#4280,10.);
#1363=VECTOR('',#4283,10.);
#1364=VECTOR('',#4284,10.);
#1365=VECTOR('',#4285,10.);
#1366=VECTOR('',#4286,10.);
#1367=VECTOR('',#4289,10.);
#1368=VECTOR('',#4290,10.);
#1369=VECTOR('',#4293,10.);
#1370=VECTOR('',#4294,10.);
#1371=VECTOR('',#4297,10.);
#1372=VECTOR('',#4298,10.);
#1373=VECTOR('',#4301,10.);
#1374=VECTOR('',#4302,10.);
#1375=VECTOR('',#4305,10.);
#1376=VECTOR('',#4306,10.);
#1377=VECTOR('',#4307,10.);
#1378=VECTOR('',#4308,10.);
#1379=VECTOR('',#4311,10.);
#1380=VECTOR('',#4312,10.);
#1381=VECTOR('',#4315,10.);
#1382=VECTOR('',#4320,10.);
#1383=VECTOR('',#4321,10.);
#1384=VECTOR('',#4322,10.);
#1385=VECTOR('',#4323,10.);
#1386=VECTOR('',#4324,10.);
#1387=VECTOR('',#4325,10.);
#1388=VECTOR('',#4326,10.);
#1389=VECTOR('',#4329,10.);
#1390=VECTOR('',#4330,10.);
#1391=VECTOR('',#4333,10.);
#1392=VECTOR('',#4334,10.);
#1393=VECTOR('',#4337,10.);
#1394=VECTOR('',#4338,10.);
#1395=VECTOR('',#4341,10.);
#1396=VECTOR('',#4342,10.);
#1397=VECTOR('',#4345,10.);
#1398=VECTOR('',#4346,10.);
#1399=VECTOR('',#4349,10.);
#1400=VECTOR('',#4350,10.);
#1401=VECTOR('',#4353,10.);
#1402=VECTOR('',#4354,10.);
#1403=VECTOR('',#4357,10.);
#1404=VECTOR('',#4358,10.);
#1405=VECTOR('',#4361,10.);
#1406=VECTOR('',#4362,10.);
#1407=VECTOR('',#4365,10.);
#1408=VECTOR('',#4366,10.);
#1409=VECTOR('',#4369,10.);
#1410=VECTOR('',#4370,10.);
#1411=VECTOR('',#4371,10.);
#1412=VECTOR('',#4372,10.);
#1413=VECTOR('',#4373,10.);
#1414=VECTOR('',#4378,10.);
#1415=VECTOR('',#4379,10.);
#1416=VECTOR('',#4380,10.);
#1417=VECTOR('',#4381,10.);
#1418=VECTOR('',#4382,10.);
#1419=VECTOR('',#4383,10.);
#1420=VECTOR('',#4384,10.);
#1421=VECTOR('',#4387,10.);
#1422=VECTOR('',#4388,10.);
#1423=VECTOR('',#4389,10.);
#1424=VECTOR('',#4390,10.);
#1425=VECTOR('',#4391,10.);
#1426=VECTOR('',#4392,10.);
#1427=VECTOR('',#4393,10.);
#1428=VECTOR('',#4394,10.);
#1429=VECTOR('',#4395,10.);
#1430=VECTOR('',#4396,10.);
#1431=VECTOR('',#4397,10.);
#1432=VECTOR('',#4398,10.);
#1433=VECTOR('',#4401,10.);
#1434=VECTOR('',#4402,10.);
#1435=VECTOR('',#4403,10.);
#1436=VECTOR('',#4404,10.);
#1437=VECTOR('',#4405,10.);
#1438=VECTOR('',#4412,10.);
#1439=VECTOR('',#4413,10.);
#1440=VECTOR('',#4414,10.);
#1441=VECTOR('',#4417,10.);
#1442=VECTOR('',#4418,10.);
#1443=VECTOR('',#4421,10.);
#1444=VECTOR('',#4422,10.);
#1445=VECTOR('',#4425,10.);
#1446=VECTOR('',#4432,10.);
#1447=VECTOR('',#4433,10.);
#1448=VECTOR('',#4434,10.);
#1449=VECTOR('',#4435,10.);
#1450=VECTOR('',#4438,10.);
#1451=VECTOR('',#4439,10.);
#1452=VECTOR('',#4440,10.);
#1453=VECTOR('',#4443,10.);
#1454=VECTOR('',#4444,10.);
#1455=VECTOR('',#4445,10.);
#1456=VECTOR('',#4446,10.);
#1457=VECTOR('',#4447,10.);
#1458=VECTOR('',#4450,10.);
#1459=VECTOR('',#4451,10.);
#1460=VECTOR('',#4452,10.);
#1461=VECTOR('',#4455,10.);
#1462=VECTOR('',#4456,10.);
#1463=VECTOR('',#4457,10.);
#1464=VECTOR('',#4460,10.);
#1465=VECTOR('',#4461,10.);
#1466=VECTOR('',#4462,10.);
#1467=VECTOR('',#4465,10.);
#1468=VECTOR('',#4466,10.);
#1469=VECTOR('',#4471,10.);
#1470=VECTOR('',#4472,10.);
#1471=VECTOR('',#4473,10.);
#1472=VECTOR('',#4474,10.);
#1473=VECTOR('',#4477,10.);
#1474=VECTOR('',#4478,10.);
#1475=VECTOR('',#4479,10.);
#1476=VECTOR('',#4480,10.);
#1477=VECTOR('',#4481,10.);
#1478=VECTOR('',#4484,10.);
#1479=VECTOR('',#4485,10.);
#1480=VECTOR('',#4486,10.);
#1481=VECTOR('',#4487,10.);
#1482=VECTOR('',#4488,10.);
#1483=VECTOR('',#4491,10.);
#1484=VECTOR('',#4492,10.);
#1485=VECTOR('',#4493,10.);
#1486=VECTOR('',#4496,10.);
#1487=VECTOR('',#4497,10.);
#1488=VECTOR('',#4502,10.);
#1489=VECTOR('',#4503,10.);
#1490=VECTOR('',#4504,10.);
#1491=VECTOR('',#4505,10.);
#1492=VECTOR('',#4508,10.);
#1493=VECTOR('',#4509,10.);
#1494=VECTOR('',#4510,10.);
#1495=VECTOR('',#4513,10.);
#1496=VECTOR('',#4514,10.);
#1497=VECTOR('',#4515,10.);
#1498=VECTOR('',#4518,10.);
#1499=VECTOR('',#4519,10.);
#1500=VERTEX_POINT('',#4526);
#1501=VERTEX_POINT('',#4527);
#1502=VERTEX_POINT('',#4529);
#1503=VERTEX_POINT('',#4531);
#1504=VERTEX_POINT('',#4535);
#1505=VERTEX_POINT('',#4537);
#1506=VERTEX_POINT('',#4541);
#1507=VERTEX_POINT('',#4543);
#1508=VERTEX_POINT('',#4556);
#1509=VERTEX_POINT('',#4562);
#1510=VERTEX_POINT('',#4579);
#1511=VERTEX_POINT('',#4585);
#1512=VERTEX_POINT('',#4593);
#1513=VERTEX_POINT('',#4595);
#1514=VERTEX_POINT('',#4599);
#1515=VERTEX_POINT('',#4601);
#1516=VERTEX_POINT('',#4605);
#1517=VERTEX_POINT('',#4607);
#1518=VERTEX_POINT('',#4620);
#1519=VERTEX_POINT('',#4626);
#1520=VERTEX_POINT('',#4643);
#1521=VERTEX_POINT('',#4649);
#1522=VERTEX_POINT('',#4657);
#1523=VERTEX_POINT('',#4659);
#1524=VERTEX_POINT('',#4663);
#1525=VERTEX_POINT('',#4665);
#1526=VERTEX_POINT('',#4669);
#1527=VERTEX_POINT('',#4671);
#1528=VERTEX_POINT('',#4675);
#1529=VERTEX_POINT('',#4677);
#1530=VERTEX_POINT('',#4681);
#1531=VERTEX_POINT('',#4683);
#1532=VERTEX_POINT('',#4696);
#1533=VERTEX_POINT('',#4702);
#1534=VERTEX_POINT('',#4719);
#1535=VERTEX_POINT('',#4725);
#1536=VERTEX_POINT('',#4733);
#1537=VERTEX_POINT('',#4735);
#1538=VERTEX_POINT('',#4743);
#1539=VERTEX_POINT('',#4744);
#1540=VERTEX_POINT('',#4746);
#1541=VERTEX_POINT('',#4748);
#1542=VERTEX_POINT('',#4761);
#1543=VERTEX_POINT('',#4767);
#1544=VERTEX_POINT('',#4784);
#1545=VERTEX_POINT('',#4790);
#1546=VERTEX_POINT('',#4807);
#1547=VERTEX_POINT('',#4813);
#1548=VERTEX_POINT('',#4830);
#1549=VERTEX_POINT('',#4836);
#1550=VERTEX_POINT('',#4853);
#1551=VERTEX_POINT('',#4859);
#1552=VERTEX_POINT('',#4876);
#1553=VERTEX_POINT('',#4882);
#1554=VERTEX_POINT('',#4899);
#1555=VERTEX_POINT('',#4905);
#1556=VERTEX_POINT('',#4922);
#1557=VERTEX_POINT('',#4928);
#1558=VERTEX_POINT('',#4945);
#1559=VERTEX_POINT('',#4951);
#1560=VERTEX_POINT('',#4968);
#1561=VERTEX_POINT('',#4974);
#1562=VERTEX_POINT('',#4991);
#1563=VERTEX_POINT('',#4997);
#1564=VERTEX_POINT('',#5014);
#1565=VERTEX_POINT('',#5020);
#1566=VERTEX_POINT('',#5037);
#1567=VERTEX_POINT('',#5043);
#1568=VERTEX_POINT('',#5060);
#1569=VERTEX_POINT('',#5066);
#1570=VERTEX_POINT('',#5083);
#1571=VERTEX_POINT('',#5089);
#1572=VERTEX_POINT('',#5106);
#1573=VERTEX_POINT('',#5112);
#1574=VERTEX_POINT('',#5120);
#1575=VERTEX_POINT('',#5122);
#1576=VERTEX_POINT('',#5135);
#1577=VERTEX_POINT('',#5141);
#1578=VERTEX_POINT('',#5158);
#1579=VERTEX_POINT('',#5164);
#1580=VERTEX_POINT('',#5181);
#1581=VERTEX_POINT('',#5187);
#1582=VERTEX_POINT('',#5204);
#1583=VERTEX_POINT('',#5210);
#1584=VERTEX_POINT('',#5227);
#1585=VERTEX_POINT('',#5233);
#1586=VERTEX_POINT('',#5250);
#1587=VERTEX_POINT('',#5256);
#1588=VERTEX_POINT('',#5273);
#1589=VERTEX_POINT('',#5279);
#1590=VERTEX_POINT('',#5296);
#1591=VERTEX_POINT('',#5302);
#1592=VERTEX_POINT('',#5319);
#1593=VERTEX_POINT('',#5325);
#1594=VERTEX_POINT('',#5342);
#1595=VERTEX_POINT('',#5348);
#1596=VERTEX_POINT('',#5365);
#1597=VERTEX_POINT('',#5371);
#1598=VERTEX_POINT('',#5388);
#1599=VERTEX_POINT('',#5394);
#1600=VERTEX_POINT('',#5411);
#1601=VERTEX_POINT('',#5417);
#1602=VERTEX_POINT('',#5434);
#1603=VERTEX_POINT('',#5440);
#1604=VERTEX_POINT('',#5478);
#1605=VERTEX_POINT('',#5479);
#1606=VERTEX_POINT('',#5485);
#1607=VERTEX_POINT('',#5487);
#1608=VERTEX_POINT('',#5504);
#1609=VERTEX_POINT('',#5510);
#1610=VERTEX_POINT('',#5527);
#1611=VERTEX_POINT('',#5533);
#1612=VERTEX_POINT('',#5550);
#1613=VERTEX_POINT('',#5556);
#1614=VERTEX_POINT('',#5573);
#1615=VERTEX_POINT('',#5579);
#1616=VERTEX_POINT('',#5596);
#1617=VERTEX_POINT('',#5602);
#1618=VERTEX_POINT('',#5619);
#1619=VERTEX_POINT('',#5625);
#1620=VERTEX_POINT('',#5653);
#1621=VERTEX_POINT('',#5654);
#1622=VERTEX_POINT('',#5656);
#1623=VERTEX_POINT('',#5658);
#1624=VERTEX_POINT('',#5671);
#1625=VERTEX_POINT('',#5677);
#1626=VERTEX_POINT('',#5694);
#1627=VERTEX_POINT('',#5700);
#1628=VERTEX_POINT('',#5717);
#1629=VERTEX_POINT('',#5723);
#1630=VERTEX_POINT('',#5740);
#1631=VERTEX_POINT('',#5746);
#1632=VERTEX_POINT('',#5763);
#1633=VERTEX_POINT('',#5769);
#1634=VERTEX_POINT('',#5786);
#1635=VERTEX_POINT('',#5792);
#1636=VERTEX_POINT('',#5809);
#1637=VERTEX_POINT('',#5815);
#1638=VERTEX_POINT('',#5832);
#1639=VERTEX_POINT('',#5838);
#1640=VERTEX_POINT('',#5855);
#1641=VERTEX_POINT('',#5861);
#1642=VERTEX_POINT('',#5869);
#1643=VERTEX_POINT('',#5871);
#1644=VERTEX_POINT('',#5875);
#1645=VERTEX_POINT('',#5877);
#1646=VERTEX_POINT('',#5881);
#1647=VERTEX_POINT('',#5883);
#1648=VERTEX_POINT('',#5901);
#1649=VERTEX_POINT('',#5902);
#1650=VERTEX_POINT('',#5908);
#1651=VERTEX_POINT('',#5910);
#1652=VERTEX_POINT('',#5927);
#1653=VERTEX_POINT('',#5933);
#1654=VERTEX_POINT('',#5950);
#1655=VERTEX_POINT('',#5956);
#1656=VERTEX_POINT('',#5973);
#1657=VERTEX_POINT('',#5979);
#1658=VERTEX_POINT('',#5996);
#1659=VERTEX_POINT('',#6002);
#1660=VERTEX_POINT('',#6019);
#1661=VERTEX_POINT('',#6025);
#1662=VERTEX_POINT('',#6042);
#1663=VERTEX_POINT('',#6048);
#1664=VERTEX_POINT('',#6085);
#1665=VERTEX_POINT('',#6086);
#1666=VERTEX_POINT('',#6092);
#1667=VERTEX_POINT('',#6094);
#1668=VERTEX_POINT('',#6111);
#1669=VERTEX_POINT('',#6117);
#1670=VERTEX_POINT('',#6134);
#1671=VERTEX_POINT('',#6140);
#1672=VERTEX_POINT('',#6157);
#1673=VERTEX_POINT('',#6163);
#1674=VERTEX_POINT('',#6180);
#1675=VERTEX_POINT('',#6186);
#1676=VERTEX_POINT('',#6203);
#1677=VERTEX_POINT('',#6209);
#1678=VERTEX_POINT('',#6226);
#1679=VERTEX_POINT('',#6232);
#1680=VERTEX_POINT('',#6249);
#1681=VERTEX_POINT('',#6255);
#1682=VERTEX_POINT('',#6284);
#1683=VERTEX_POINT('',#6285);
#1684=VERTEX_POINT('',#6287);
#1685=VERTEX_POINT('',#6289);
#1686=VERTEX_POINT('',#6292);
#1687=VERTEX_POINT('',#6293);
#1688=VERTEX_POINT('',#6299);
#1689=VERTEX_POINT('',#6305);
#1690=VERTEX_POINT('',#6311);
#1691=VERTEX_POINT('',#6317);
#1692=VERTEX_POINT('',#6323);
#1693=VERTEX_POINT('',#6329);
#1694=VERTEX_POINT('',#6335);
#1695=VERTEX_POINT('',#6346);
#1696=VERTEX_POINT('',#6347);
#1697=VERTEX_POINT('',#6349);
#1698=VERTEX_POINT('',#6351);
#1699=VERTEX_POINT('',#6353);
#1700=VERTEX_POINT('',#6359);
#1701=VERTEX_POINT('',#6365);
#1702=VERTEX_POINT('',#6367);
#1703=VERTEX_POINT('',#6369);
#1704=VERTEX_POINT('',#6371);
#1705=VERTEX_POINT('',#6377);
#1706=VERTEX_POINT('',#6383);
#1707=VERTEX_POINT('',#6385);
#1708=VERTEX_POINT('',#6387);
#1709=VERTEX_POINT('',#6389);
#1710=VERTEX_POINT('',#6391);
#1711=VERTEX_POINT('',#6393);
#1712=VERTEX_POINT('',#6399);
#1713=VERTEX_POINT('',#6405);
#1714=VERTEX_POINT('',#6408);
#1715=VERTEX_POINT('',#6409);
#1716=VERTEX_POINT('',#6411);
#1717=VERTEX_POINT('',#6417);
#1718=VERTEX_POINT('',#6423);
#1719=VERTEX_POINT('',#6429);
#1720=VERTEX_POINT('',#6435);
#1721=VERTEX_POINT('',#6437);
#1722=VERTEX_POINT('',#6439);
#1723=VERTEX_POINT('',#6441);
#1724=VERTEX_POINT('',#6443);
#1725=VERTEX_POINT('',#6445);
#1726=VERTEX_POINT('',#6447);
#1727=VERTEX_POINT('',#6449);
#1728=VERTEX_POINT('',#6451);
#1729=VERTEX_POINT('',#6453);
#1730=VERTEX_POINT('',#6455);
#1731=VERTEX_POINT('',#6457);
#1732=VERTEX_POINT('',#6463);
#1733=VERTEX_POINT('',#6469);
#1734=VERTEX_POINT('',#6480);
#1735=VERTEX_POINT('',#6481);
#1736=VERTEX_POINT('',#6483);
#1737=VERTEX_POINT('',#6489);
#1738=VERTEX_POINT('',#6495);
#1739=VERTEX_POINT('',#6501);
#1740=VERTEX_POINT('',#6507);
#1741=VERTEX_POINT('',#6513);
#1742=VERTEX_POINT('',#6519);
#1743=VERTEX_POINT('',#6525);
#1744=VERTEX_POINT('',#6531);
#1745=VERTEX_POINT('',#6537);
#1746=VERTEX_POINT('',#6539);
#1747=VERTEX_POINT('',#6545);
#1748=VERTEX_POINT('',#6551);
#1749=VERTEX_POINT('',#6572);
#1750=VERTEX_POINT('',#6573);
#1751=VERTEX_POINT('',#6579);
#1752=VERTEX_POINT('',#6581);
#1753=VERTEX_POINT('',#6598);
#1754=VERTEX_POINT('',#6604);
#1755=VERTEX_POINT('',#6621);
#1756=VERTEX_POINT('',#6627);
#1757=VERTEX_POINT('',#6644);
#1758=VERTEX_POINT('',#6650);
#1759=VERTEX_POINT('',#6667);
#1760=VERTEX_POINT('',#6673);
#1761=VERTEX_POINT('',#6690);
#1762=VERTEX_POINT('',#6696);
#1763=VERTEX_POINT('',#6713);
#1764=VERTEX_POINT('',#6719);
#1765=VERTEX_POINT('',#6756);
#1766=VERTEX_POINT('',#6758);
#1767=VERTEX_POINT('',#6775);
#1768=VERTEX_POINT('',#6792);
#1769=VERTEX_POINT('',#6809);
#1770=VERTEX_POINT('',#6826);
#1771=VERTEX_POINT('',#6843);
#1772=VERTEX_POINT('',#6860);
#1773=VERTEX_POINT('',#6877);
#1774=VERTEX_POINT('',#6902);
#1775=VERTEX_POINT('',#6904);
#1776=VERTEX_POINT('',#6908);
#1777=VERTEX_POINT('',#6912);
#1778=VERTEX_POINT('',#6925);
#1779=VERTEX_POINT('',#6942);
#1780=VERTEX_POINT('',#6950);
#1781=VERTEX_POINT('',#6954);
#1782=VERTEX_POINT('',#6958);
#1783=VERTEX_POINT('',#6971);
#1784=VERTEX_POINT('',#6988);
#1785=VERTEX_POINT('',#6996);
#1786=VERTEX_POINT('',#7000);
#1787=VERTEX_POINT('',#7004);
#1788=VERTEX_POINT('',#7008);
#1789=VERTEX_POINT('',#7012);
#1790=VERTEX_POINT('',#7025);
#1791=VERTEX_POINT('',#7042);
#1792=VERTEX_POINT('',#7050);
#1793=VERTEX_POINT('',#7057);
#1794=VERTEX_POINT('',#7059);
#1795=VERTEX_POINT('',#7072);
#1796=VERTEX_POINT('',#7089);
#1797=VERTEX_POINT('',#7106);
#1798=VERTEX_POINT('',#7123);
#1799=VERTEX_POINT('',#7131);
#1800=VERTEX_POINT('',#7135);
#1801=VERTEX_POINT('',#7139);
#1802=VERTEX_POINT('',#7143);
#1803=VERTEX_POINT('',#7147);
#1804=VERTEX_POINT('',#7151);
#1805=VERTEX_POINT('',#7155);
#1806=VERTEX_POINT('',#7159);
#1807=VERTEX_POINT('',#7163);
#1808=VERTEX_POINT('',#7167);
#1809=VERTEX_POINT('',#7171);
#1810=VERTEX_POINT('',#7184);
#1811=VERTEX_POINT('',#7201);
#1812=VERTEX_POINT('',#7218);
#1813=VERTEX_POINT('',#7242);
#1814=VERTEX_POINT('',#7243);
#1815=VERTEX_POINT('',#7245);
#1816=VERTEX_POINT('',#7247);
#1817=VERTEX_POINT('',#7260);
#1818=VERTEX_POINT('',#7266);
#1819=VERTEX_POINT('',#7283);
#1820=VERTEX_POINT('',#7289);
#1821=VERTEX_POINT('',#7306);
#1822=VERTEX_POINT('',#7312);
#1823=VERTEX_POINT('',#7340);
#1824=VERTEX_POINT('',#7342);
#1825=VERTEX_POINT('',#7355);
#1826=VERTEX_POINT('',#7372);
#1827=VERTEX_POINT('',#7389);
#1828=VERTEX_POINT('',#7406);
#1829=VERTEX_POINT('',#7423);
#1830=VERTEX_POINT('',#7440);
#1831=VERTEX_POINT('',#7457);
#1832=VERTEX_POINT('',#7474);
#1833=VERTEX_POINT('',#7491);
#1834=VERTEX_POINT('',#7499);
#1835=VERTEX_POINT('',#7512);
#1836=VERTEX_POINT('',#7529);
#1837=VERTEX_POINT('',#7546);
#1838=VERTEX_POINT('',#7571);
#1839=VERTEX_POINT('',#7573);
#1840=VERTEX_POINT('',#7577);
#1841=VERTEX_POINT('',#7581);
#1842=VERTEX_POINT('',#7589);
#1843=VERTEX_POINT('',#7590);
#1844=VERTEX_POINT('',#7592);
#1845=VERTEX_POINT('',#7594);
#1846=VERTEX_POINT('',#7598);
#1847=VERTEX_POINT('',#7600);
#1848=VERTEX_POINT('',#7604);
#1849=VERTEX_POINT('',#7606);
#1850=VERTEX_POINT('',#7619);
#1851=VERTEX_POINT('',#7625);
#1852=VERTEX_POINT('',#7642);
#1853=VERTEX_POINT('',#7648);
#1854=VERTEX_POINT('',#7656);
#1855=VERTEX_POINT('',#7658);
#1856=VERTEX_POINT('',#7662);
#1857=VERTEX_POINT('',#7664);
#1858=VERTEX_POINT('',#7668);
#1859=VERTEX_POINT('',#7670);
#1860=VERTEX_POINT('',#7678);
#1861=VERTEX_POINT('',#7679);
#1862=VERTEX_POINT('',#7681);
#1863=VERTEX_POINT('',#7683);
#1864=VERTEX_POINT('',#7687);
#1865=VERTEX_POINT('',#7689);
#1866=VERTEX_POINT('',#7702);
#1867=VERTEX_POINT('',#7708);
#1868=VERTEX_POINT('',#7725);
#1869=VERTEX_POINT('',#7731);
#1870=VERTEX_POINT('',#7739);
#1871=VERTEX_POINT('',#7741);
#1872=VERTEX_POINT('',#7754);
#1873=VERTEX_POINT('',#7760);
#1874=VERTEX_POINT('',#7777);
#1875=VERTEX_POINT('',#7783);
#1876=VERTEX_POINT('',#7791);
#1877=VERTEX_POINT('',#7793);
#1878=VERTEX_POINT('',#7801);
#1879=VERTEX_POINT('',#7802);
#1880=VERTEX_POINT('',#7804);
#1881=VERTEX_POINT('',#7806);
#1882=VERTEX_POINT('',#7810);
#1883=VERTEX_POINT('',#7812);
#1884=VERTEX_POINT('',#7816);
#1885=VERTEX_POINT('',#7818);
#1886=EDGE_CURVE('',#1500,#1501,#842,.T.);
#1887=EDGE_CURVE('',#1500,#1502,#843,.T.);
#1888=EDGE_CURVE('',#1503,#1502,#844,.T.);
#1889=EDGE_CURVE('',#1501,#1503,#845,.T.);
#1890=EDGE_CURVE('',#1501,#1504,#846,.T.);
#1891=EDGE_CURVE('',#1505,#1503,#847,.T.);
#1892=EDGE_CURVE('',#1504,#1505,#848,.T.);
#1893=EDGE_CURVE('',#1504,#1506,#849,.T.);
#1894=EDGE_CURVE('',#1507,#1505,#850,.T.);
#1895=EDGE_CURVE('',#1506,#1507,#851,.T.);
#1896=EDGE_CURVE('',#1506,#1508,#31,.T.);
#1897=EDGE_CURVE('',#1509,#1507,#32,.T.);
#1898=EDGE_CURVE('',#1508,#1509,#852,.T.);
#1899=EDGE_CURVE('',#1508,#1510,#33,.T.);
#1900=EDGE_CURVE('',#1511,#1509,#34,.T.);
#1901=EDGE_CURVE('',#1510,#1511,#853,.T.);
#1902=EDGE_CURVE('',#1510,#1512,#854,.T.);
#1903=EDGE_CURVE('',#1513,#1511,#855,.T.);
#1904=EDGE_CURVE('',#1512,#1513,#856,.T.);
#1905=EDGE_CURVE('',#1512,#1514,#857,.T.);
#1906=EDGE_CURVE('',#1515,#1513,#858,.T.);
#1907=EDGE_CURVE('',#1514,#1515,#859,.T.);
#1908=EDGE_CURVE('',#1514,#1516,#860,.T.);
#1909=EDGE_CURVE('',#1517,#1515,#861,.T.);
#1910=EDGE_CURVE('',#1516,#1517,#862,.T.);
#1911=EDGE_CURVE('',#1516,#1518,#35,.T.);
#1912=EDGE_CURVE('',#1519,#1517,#36,.T.);
#1913=EDGE_CURVE('',#1518,#1519,#863,.T.);
#1914=EDGE_CURVE('',#1518,#1520,#37,.T.);
#1915=EDGE_CURVE('',#1521,#1519,#38,.T.);
#1916=EDGE_CURVE('',#1520,#1521,#864,.T.);
#1917=EDGE_CURVE('',#1520,#1522,#865,.T.);
#1918=EDGE_CURVE('',#1523,#1521,#866,.T.);
#1919=EDGE_CURVE('',#1522,#1523,#867,.T.);
#1920=EDGE_CURVE('',#1522,#1524,#868,.T.);
#1921=EDGE_CURVE('',#1525,#1523,#869,.T.);
#1922=EDGE_CURVE('',#1524,#1525,#870,.T.);
#1923=EDGE_CURVE('',#1524,#1526,#871,.T.);
#1924=EDGE_CURVE('',#1527,#1525,#872,.T.);
#1925=EDGE_CURVE('',#1526,#1527,#873,.T.);
#1926=EDGE_CURVE('',#1526,#1528,#874,.T.);
#1927=EDGE_CURVE('',#1529,#1527,#875,.T.);
#1928=EDGE_CURVE('',#1528,#1529,#876,.T.);
#1929=EDGE_CURVE('',#1528,#1530,#877,.T.);
#1930=EDGE_CURVE('',#1531,#1529,#878,.T.);
#1931=EDGE_CURVE('',#1530,#1531,#879,.T.);
#1932=EDGE_CURVE('',#1530,#1532,#39,.T.);
#1933=EDGE_CURVE('',#1533,#1531,#40,.T.);
#1934=EDGE_CURVE('',#1532,#1533,#880,.T.);
#1935=EDGE_CURVE('',#1532,#1534,#41,.T.);
#1936=EDGE_CURVE('',#1535,#1533,#42,.T.);
#1937=EDGE_CURVE('',#1534,#1535,#881,.T.);
#1938=EDGE_CURVE('',#1534,#1536,#882,.T.);
#1939=EDGE_CURVE('',#1537,#1535,#883,.T.);
#1940=EDGE_CURVE('',#1536,#1537,#884,.T.);
#1941=EDGE_CURVE('',#1536,#1500,#885,.T.);
#1942=EDGE_CURVE('',#1502,#1537,#886,.T.);
#1943=EDGE_CURVE('',#1538,#1539,#887,.T.);
#1944=EDGE_CURVE('',#1538,#1540,#888,.T.);
#1945=EDGE_CURVE('',#1541,#1540,#889,.T.);
#1946=EDGE_CURVE('',#1539,#1541,#890,.T.);
#1947=EDGE_CURVE('',#1539,#1542,#43,.T.);
#1948=EDGE_CURVE('',#1543,#1541,#44,.T.);
#1949=EDGE_CURVE('',#1542,#1543,#891,.T.);
#1950=EDGE_CURVE('',#1542,#1544,#45,.T.);
#1951=EDGE_CURVE('',#1545,#1543,#46,.T.);
#1952=EDGE_CURVE('',#1544,#1545,#892,.T.);
#1953=EDGE_CURVE('',#1544,#1546,#47,.T.);
#1954=EDGE_CURVE('',#1547,#1545,#48,.T.);
#1955=EDGE_CURVE('',#1546,#1547,#893,.T.);
#1956=EDGE_CURVE('',#1546,#1548,#49,.T.);
#1957=EDGE_CURVE('',#1549,#1547,#50,.T.);
#1958=EDGE_CURVE('',#1548,#1549,#894,.T.);
#1959=EDGE_CURVE('',#1548,#1550,#51,.T.);
#1960=EDGE_CURVE('',#1551,#1549,#52,.T.);
#1961=EDGE_CURVE('',#1550,#1551,#895,.T.);
#1962=EDGE_CURVE('',#1550,#1552,#53,.T.);
#1963=EDGE_CURVE('',#1553,#1551,#54,.T.);
#1964=EDGE_CURVE('',#1552,#1553,#896,.T.);
#1965=EDGE_CURVE('',#1552,#1554,#55,.T.);
#1966=EDGE_CURVE('',#1555,#1553,#56,.T.);
#1967=EDGE_CURVE('',#1554,#1555,#897,.T.);
#1968=EDGE_CURVE('',#1554,#1556,#57,.T.);
#1969=EDGE_CURVE('',#1557,#1555,#58,.T.);
#1970=EDGE_CURVE('',#1556,#1557,#898,.T.);
#1971=EDGE_CURVE('',#1556,#1558,#59,.T.);
#1972=EDGE_CURVE('',#1559,#1557,#60,.T.);
#1973=EDGE_CURVE('',#1558,#1559,#899,.T.);
#1974=EDGE_CURVE('',#1558,#1560,#61,.T.);
#1975=EDGE_CURVE('',#1561,#1559,#62,.T.);
#1976=EDGE_CURVE('',#1560,#1561,#900,.T.);
#1977=EDGE_CURVE('',#1560,#1562,#63,.T.);
#1978=EDGE_CURVE('',#1563,#1561,#64,.T.);
#1979=EDGE_CURVE('',#1562,#1563,#901,.T.);
#1980=EDGE_CURVE('',#1562,#1564,#65,.T.);
#1981=EDGE_CURVE('',#1565,#1563,#66,.T.);
#1982=EDGE_CURVE('',#1564,#1565,#902,.T.);
#1983=EDGE_CURVE('',#1564,#1566,#67,.T.);
#1984=EDGE_CURVE('',#1567,#1565,#68,.T.);
#1985=EDGE_CURVE('',#1566,#1567,#903,.T.);
#1986=EDGE_CURVE('',#1566,#1568,#69,.T.);
#1987=EDGE_CURVE('',#1569,#1567,#70,.T.);
#1988=EDGE_CURVE('',#1568,#1569,#904,.T.);
#1989=EDGE_CURVE('',#1568,#1570,#71,.T.);
#1990=EDGE_CURVE('',#1571,#1569,#72,.T.);
#1991=EDGE_CURVE('',#1570,#1571,#905,.T.);
#1992=EDGE_CURVE('',#1570,#1572,#73,.T.);
#1993=EDGE_CURVE('',#1573,#1571,#74,.T.);
#1994=EDGE_CURVE('',#1572,#1573,#906,.T.);
#1995=EDGE_CURVE('',#1572,#1574,#907,.T.);
#1996=EDGE_CURVE('',#1575,#1573,#908,.T.);
#1997=EDGE_CURVE('',#1574,#1575,#909,.T.);
#1998=EDGE_CURVE('',#1574,#1576,#75,.T.);
#1999=EDGE_CURVE('',#1577,#1575,#76,.T.);
#2000=EDGE_CURVE('',#1576,#1577,#910,.T.);
#2001=EDGE_CURVE('',#1576,#1578,#77,.T.);
#2002=EDGE_CURVE('',#1579,#1577,#78,.T.);
#2003=EDGE_CURVE('',#1578,#1579,#911,.T.);
#2004=EDGE_CURVE('',#1578,#1580,#79,.T.);
#2005=EDGE_CURVE('',#1581,#1579,#80,.T.);
#2006=EDGE_CURVE('',#1580,#1581,#912,.T.);
#2007=EDGE_CURVE('',#1580,#1582,#81,.T.);
#2008=EDGE_CURVE('',#1583,#1581,#82,.T.);
#2009=EDGE_CURVE('',#1582,#1583,#913,.T.);
#2010=EDGE_CURVE('',#1582,#1584,#83,.T.);
#2011=EDGE_CURVE('',#1585,#1583,#84,.T.);
#2012=EDGE_CURVE('',#1584,#1585,#914,.T.);
#2013=EDGE_CURVE('',#1584,#1586,#85,.T.);
#2014=EDGE_CURVE('',#1587,#1585,#86,.T.);
#2015=EDGE_CURVE('',#1586,#1587,#915,.T.);
#2016=EDGE_CURVE('',#1586,#1588,#87,.T.);
#2017=EDGE_CURVE('',#1589,#1587,#88,.T.);
#2018=EDGE_CURVE('',#1588,#1589,#916,.T.);
#2019=EDGE_CURVE('',#1588,#1590,#89,.T.);
#2020=EDGE_CURVE('',#1591,#1589,#90,.T.);
#2021=EDGE_CURVE('',#1590,#1591,#917,.T.);
#2022=EDGE_CURVE('',#1590,#1592,#91,.T.);
#2023=EDGE_CURVE('',#1593,#1591,#92,.T.);
#2024=EDGE_CURVE('',#1592,#1593,#918,.T.);
#2025=EDGE_CURVE('',#1592,#1594,#93,.T.);
#2026=EDGE_CURVE('',#1595,#1593,#94,.T.);
#2027=EDGE_CURVE('',#1594,#1595,#919,.T.);
#2028=EDGE_CURVE('',#1594,#1596,#95,.T.);
#2029=EDGE_CURVE('',#1597,#1595,#96,.T.);
#2030=EDGE_CURVE('',#1596,#1597,#920,.T.);
#2031=EDGE_CURVE('',#1596,#1598,#97,.T.);
#2032=EDGE_CURVE('',#1599,#1597,#98,.T.);
#2033=EDGE_CURVE('',#1598,#1599,#921,.T.);
#2034=EDGE_CURVE('',#1598,#1600,#99,.T.);
#2035=EDGE_CURVE('',#1601,#1599,#100,.T.);
#2036=EDGE_CURVE('',#1600,#1601,#922,.T.);
#2037=EDGE_CURVE('',#1600,#1602,#101,.T.);
#2038=EDGE_CURVE('',#1603,#1601,#102,.T.);
#2039=EDGE_CURVE('',#1602,#1603,#923,.T.);
#2040=EDGE_CURVE('',#1602,#1538,#103,.T.);
#2041=EDGE_CURVE('',#1540,#1603,#104,.T.);
#2042=EDGE_CURVE('',#1604,#1605,#105,.T.);
#2043=EDGE_CURVE('',#1604,#1606,#924,.T.);
#2044=EDGE_CURVE('',#1607,#1606,#106,.T.);
#2045=EDGE_CURVE('',#1605,#1607,#925,.T.);
#2046=EDGE_CURVE('',#1605,#1608,#107,.T.);
#2047=EDGE_CURVE('',#1609,#1607,#108,.T.);
#2048=EDGE_CURVE('',#1608,#1609,#926,.T.);
#2049=EDGE_CURVE('',#1608,#1610,#109,.T.);
#2050=EDGE_CURVE('',#1611,#1609,#110,.T.);
#2051=EDGE_CURVE('',#1610,#1611,#927,.T.);
#2052=EDGE_CURVE('',#1610,#1612,#111,.T.);
#2053=EDGE_CURVE('',#1613,#1611,#112,.T.);
#2054=EDGE_CURVE('',#1612,#1613,#928,.T.);
#2055=EDGE_CURVE('',#1612,#1614,#113,.T.);
#2056=EDGE_CURVE('',#1615,#1613,#114,.T.);
#2057=EDGE_CURVE('',#1614,#1615,#929,.T.);
#2058=EDGE_CURVE('',#1614,#1616,#115,.T.);
#2059=EDGE_CURVE('',#1617,#1615,#116,.T.);
#2060=EDGE_CURVE('',#1616,#1617,#930,.T.);
#2061=EDGE_CURVE('',#1616,#1618,#117,.T.);
#2062=EDGE_CURVE('',#1619,#1617,#118,.T.);
#2063=EDGE_CURVE('',#1618,#1619,#931,.T.);
#2064=EDGE_CURVE('',#1618,#1604,#119,.T.);
#2065=EDGE_CURVE('',#1606,#1619,#120,.T.);
#2066=EDGE_CURVE('',#1620,#1621,#932,.T.);
#2067=EDGE_CURVE('',#1620,#1622,#933,.T.);
#2068=EDGE_CURVE('',#1623,#1622,#934,.T.);
#2069=EDGE_CURVE('',#1621,#1623,#935,.T.);
#2070=EDGE_CURVE('',#1621,#1624,#121,.T.);
#2071=EDGE_CURVE('',#1625,#1623,#122,.T.);
#2072=EDGE_CURVE('',#1624,#1625,#936,.T.);
#2073=EDGE_CURVE('',#1624,#1626,#123,.T.);
#2074=EDGE_CURVE('',#1627,#1625,#124,.T.);
#2075=EDGE_CURVE('',#1626,#1627,#937,.T.);
#2076=EDGE_CURVE('',#1626,#1628,#125,.T.);
#2077=EDGE_CURVE('',#1629,#1627,#126,.T.);
#2078=EDGE_CURVE('',#1628,#1629,#938,.T.);
#2079=EDGE_CURVE('',#1628,#1630,#127,.T.);
#2080=EDGE_CURVE('',#1631,#1629,#128,.T.);
#2081=EDGE_CURVE('',#1630,#1631,#939,.T.);
#2082=EDGE_CURVE('',#1630,#1632,#129,.T.);
#2083=EDGE_CURVE('',#1633,#1631,#130,.T.);
#2084=EDGE_CURVE('',#1632,#1633,#940,.T.);
#2085=EDGE_CURVE('',#1632,#1634,#131,.T.);
#2086=EDGE_CURVE('',#1635,#1633,#132,.T.);
#2087=EDGE_CURVE('',#1634,#1635,#941,.T.);
#2088=EDGE_CURVE('',#1634,#1636,#133,.T.);
#2089=EDGE_CURVE('',#1637,#1635,#134,.T.);
#2090=EDGE_CURVE('',#1636,#1637,#942,.T.);
#2091=EDGE_CURVE('',#1636,#1638,#135,.T.);
#2092=EDGE_CURVE('',#1639,#1637,#136,.T.);
#2093=EDGE_CURVE('',#1638,#1639,#943,.T.);
#2094=EDGE_CURVE('',#1638,#1640,#137,.T.);
#2095=EDGE_CURVE('',#1641,#1639,#138,.T.);
#2096=EDGE_CURVE('',#1640,#1641,#944,.T.);
#2097=EDGE_CURVE('',#1640,#1642,#945,.T.);
#2098=EDGE_CURVE('',#1643,#1641,#946,.T.);
#2099=EDGE_CURVE('',#1642,#1643,#947,.T.);
#2100=EDGE_CURVE('',#1642,#1644,#948,.T.);
#2101=EDGE_CURVE('',#1645,#1643,#949,.T.);
#2102=EDGE_CURVE('',#1644,#1645,#950,.T.);
#2103=EDGE_CURVE('',#1644,#1646,#951,.T.);
#2104=EDGE_CURVE('',#1647,#1645,#952,.T.);
#2105=EDGE_CURVE('',#1646,#1647,#953,.T.);
#2106=EDGE_CURVE('',#1646,#1620,#954,.T.);
#2107=EDGE_CURVE('',#1622,#1647,#955,.T.);
#2108=EDGE_CURVE('',#1648,#1649,#139,.T.);
#2109=EDGE_CURVE('',#1648,#1650,#956,.T.);
#2110=EDGE_CURVE('',#1651,#1650,#140,.T.);
#2111=EDGE_CURVE('',#1649,#1651,#957,.T.);
#2112=EDGE_CURVE('',#1649,#1652,#141,.T.);
#2113=EDGE_CURVE('',#1653,#1651,#142,.T.);
#2114=EDGE_CURVE('',#1652,#1653,#958,.T.);
#2115=EDGE_CURVE('',#1652,#1654,#143,.T.);
#2116=EDGE_CURVE('',#1655,#1653,#144,.T.);
#2117=EDGE_CURVE('',#1654,#1655,#959,.T.);
#2118=EDGE_CURVE('',#1654,#1656,#145,.T.);
#2119=EDGE_CURVE('',#1657,#1655,#146,.T.);
#2120=EDGE_CURVE('',#1656,#1657,#960,.T.);
#2121=EDGE_CURVE('',#1656,#1658,#147,.T.);
#2122=EDGE_CURVE('',#1659,#1657,#148,.T.);
#2123=EDGE_CURVE('',#1658,#1659,#961,.T.);
#2124=EDGE_CURVE('',#1658,#1660,#149,.T.);
#2125=EDGE_CURVE('',#1661,#1659,#150,.T.);
#2126=EDGE_CURVE('',#1660,#1661,#962,.T.);
#2127=EDGE_CURVE('',#1660,#1662,#151,.T.);
#2128=EDGE_CURVE('',#1663,#1661,#152,.T.);
#2129=EDGE_CURVE('',#1662,#1663,#963,.T.);
#2130=EDGE_CURVE('',#1662,#1648,#153,.T.);
#2131=EDGE_CURVE('',#1650,#1663,#154,.T.);
#2132=EDGE_CURVE('',#1664,#1665,#155,.T.);
#2133=EDGE_CURVE('',#1664,#1666,#964,.T.);
#2134=EDGE_CURVE('',#1667,#1666,#156,.T.);
#2135=EDGE_CURVE('',#1665,#1667,#965,.T.);
#2136=EDGE_CURVE('',#1665,#1668,#157,.T.);
#2137=EDGE_CURVE('',#1669,#1667,#158,.T.);
#2138=EDGE_CURVE('',#1668,#1669,#966,.T.);
#2139=EDGE_CURVE('',#1668,#1670,#159,.T.);
#2140=EDGE_CURVE('',#1671,#1669,#160,.T.);
#2141=EDGE_CURVE('',#1670,#1671,#967,.T.);
#2142=EDGE_CURVE('',#1670,#1672,#161,.T.);
#2143=EDGE_CURVE('',#1673,#1671,#162,.T.);
#2144=EDGE_CURVE('',#1672,#1673,#968,.T.);
#2145=EDGE_CURVE('',#1672,#1674,#163,.T.);
#2146=EDGE_CURVE('',#1675,#1673,#164,.T.);
#2147=EDGE_CURVE('',#1674,#1675,#969,.T.);
#2148=EDGE_CURVE('',#1674,#1676,#165,.T.);
#2149=EDGE_CURVE('',#1677,#1675,#166,.T.);
#2150=EDGE_CURVE('',#1676,#1677,#970,.T.);
#2151=EDGE_CURVE('',#1676,#1678,#167,.T.);
#2152=EDGE_CURVE('',#1679,#1677,#168,.T.);
#2153=EDGE_CURVE('',#1678,#1679,#971,.T.);
#2154=EDGE_CURVE('',#1678,#1680,#169,.T.);
#2155=EDGE_CURVE('',#1681,#1679,#170,.T.);
#2156=EDGE_CURVE('',#1680,#1681,#972,.T.);
#2157=EDGE_CURVE('',#1680,#1664,#171,.T.);
#2158=EDGE_CURVE('',#1666,#1681,#172,.T.);
#2159=EDGE_CURVE('',#1682,#1683,#973,.T.);
#2160=EDGE_CURVE('',#1684,#1682,#974,.T.);
#2161=EDGE_CURVE('',#1685,#1684,#975,.T.);
#2162=EDGE_CURVE('',#1683,#1685,#976,.T.);
#2163=EDGE_CURVE('',#1686,#1687,#173,.T.);
#2164=EDGE_CURVE('',#1687,#1688,#174,.T.);
#2165=EDGE_CURVE('',#1688,#1689,#175,.T.);
#2166=EDGE_CURVE('',#1689,#1690,#176,.T.);
#2167=EDGE_CURVE('',#1690,#1691,#177,.T.);
#2168=EDGE_CURVE('',#1691,#1692,#178,.T.);
#2169=EDGE_CURVE('',#1692,#1693,#179,.T.);
#2170=EDGE_CURVE('',#1693,#1694,#180,.T.);
#2171=EDGE_CURVE('',#1694,#1686,#181,.T.);
#2172=EDGE_CURVE('',#1695,#1696,#977,.T.);
#2173=EDGE_CURVE('',#1696,#1697,#978,.T.);
#2174=EDGE_CURVE('',#1697,#1698,#979,.T.);
#2175=EDGE_CURVE('',#1698,#1699,#182,.T.);
#2176=EDGE_CURVE('',#1699,#1700,#183,.T.);
#2177=EDGE_CURVE('',#1700,#1701,#980,.T.);
#2178=EDGE_CURVE('',#1701,#1702,#981,.T.);
#2179=EDGE_CURVE('',#1702,#1703,#982,.T.);
#2180=EDGE_CURVE('',#1703,#1704,#184,.T.);
#2181=EDGE_CURVE('',#1704,#1705,#185,.T.);
#2182=EDGE_CURVE('',#1705,#1706,#983,.T.);
#2183=EDGE_CURVE('',#1706,#1707,#984,.T.);
#2184=EDGE_CURVE('',#1707,#1708,#985,.T.);
#2185=EDGE_CURVE('',#1708,#1709,#986,.T.);
#2186=EDGE_CURVE('',#1709,#1710,#987,.T.);
#2187=EDGE_CURVE('',#1710,#1711,#186,.T.);
#2188=EDGE_CURVE('',#1711,#1712,#187,.T.);
#2189=EDGE_CURVE('',#1712,#1713,#988,.T.);
#2190=EDGE_CURVE('',#1713,#1695,#989,.T.);
#2191=EDGE_CURVE('',#1714,#1715,#990,.T.);
#2192=EDGE_CURVE('',#1715,#1716,#188,.T.);
#2193=EDGE_CURVE('',#1716,#1717,#189,.T.);
#2194=EDGE_CURVE('',#1717,#1718,#190,.T.);
#2195=EDGE_CURVE('',#1718,#1719,#191,.T.);
#2196=EDGE_CURVE('',#1719,#1720,#991,.T.);
#2197=EDGE_CURVE('',#1720,#1721,#992,.T.);
#2198=EDGE_CURVE('',#1721,#1722,#993,.T.);
#2199=EDGE_CURVE('',#1722,#1723,#994,.T.);
#2200=EDGE_CURVE('',#1723,#1724,#995,.T.);
#2201=EDGE_CURVE('',#1724,#1725,#996,.T.);
#2202=EDGE_CURVE('',#1725,#1726,#997,.T.);
#2203=EDGE_CURVE('',#1726,#1727,#998,.T.);
#2204=EDGE_CURVE('',#1727,#1728,#999,.T.);
#2205=EDGE_CURVE('',#1728,#1729,#1000,.T.);
#2206=EDGE_CURVE('',#1729,#1730,#1001,.T.);
#2207=EDGE_CURVE('',#1730,#1731,#192,.T.);
#2208=EDGE_CURVE('',#1731,#1732,#193,.T.);
#2209=EDGE_CURVE('',#1732,#1733,#194,.T.);
#2210=EDGE_CURVE('',#1733,#1714,#195,.T.);
#2211=EDGE_CURVE('',#1734,#1735,#1002,.T.);
#2212=EDGE_CURVE('',#1735,#1736,#196,.T.);
#2213=EDGE_CURVE('',#1736,#1737,#197,.T.);
#2214=EDGE_CURVE('',#1737,#1738,#198,.T.);
#2215=EDGE_CURVE('',#1738,#1739,#199,.T.);
#2216=EDGE_CURVE('',#1739,#1740,#200,.T.);
#2217=EDGE_CURVE('',#1740,#1741,#201,.T.);
#2218=EDGE_CURVE('',#1741,#1742,#202,.T.);
#2219=EDGE_CURVE('',#1742,#1743,#203,.T.);
#2220=EDGE_CURVE('',#1743,#1744,#204,.T.);
#2221=EDGE_CURVE('',#1744,#1745,#1003,.T.);
#2222=EDGE_CURVE('',#1745,#1746,#205,.T.);
#2223=EDGE_CURVE('',#1746,#1747,#206,.T.);
#2224=EDGE_CURVE('',#1747,#1748,#207,.T.);
#2225=EDGE_CURVE('',#1748,#1734,#208,.T.);
#2226=EDGE_CURVE('',#1749,#1750,#209,.T.);
#2227=EDGE_CURVE('',#1749,#1751,#1004,.T.);
#2228=EDGE_CURVE('',#1752,#1751,#210,.T.);
#2229=EDGE_CURVE('',#1750,#1752,#1005,.T.);
#2230=EDGE_CURVE('',#1750,#1753,#211,.T.);
#2231=EDGE_CURVE('',#1754,#1752,#212,.T.);
#2232=EDGE_CURVE('',#1753,#1754,#1006,.T.);
#2233=EDGE_CURVE('',#1753,#1755,#213,.T.);
#2234=EDGE_CURVE('',#1756,#1754,#214,.T.);
#2235=EDGE_CURVE('',#1755,#1756,#1007,.T.);
#2236=EDGE_CURVE('',#1755,#1757,#215,.T.);
#2237=EDGE_CURVE('',#1758,#1756,#216,.T.);
#2238=EDGE_CURVE('',#1757,#1758,#1008,.T.);
#2239=EDGE_CURVE('',#1757,#1759,#217,.T.);
#2240=EDGE_CURVE('',#1760,#1758,#218,.T.);
#2241=EDGE_CURVE('',#1759,#1760,#1009,.T.);
#2242=EDGE_CURVE('',#1759,#1761,#219,.T.);
#2243=EDGE_CURVE('',#1762,#1760,#220,.T.);
#2244=EDGE_CURVE('',#1761,#1762,#1010,.T.);
#2245=EDGE_CURVE('',#1761,#1763,#221,.T.);
#2246=EDGE_CURVE('',#1764,#1762,#222,.T.);
#2247=EDGE_CURVE('',#1763,#1764,#1011,.T.);
#2248=EDGE_CURVE('',#1763,#1749,#223,.T.);
#2249=EDGE_CURVE('',#1751,#1764,#224,.T.);
#2250=EDGE_CURVE('',#1686,#1765,#1012,.T.);
#2251=EDGE_CURVE('',#1766,#1765,#225,.T.);
#2252=EDGE_CURVE('',#1687,#1766,#1013,.T.);
#2253=EDGE_CURVE('',#1767,#1766,#226,.T.);
#2254=EDGE_CURVE('',#1688,#1767,#1014,.T.);
#2255=EDGE_CURVE('',#1768,#1767,#227,.T.);
#2256=EDGE_CURVE('',#1689,#1768,#1015,.T.);
#2257=EDGE_CURVE('',#1769,#1768,#228,.T.);
#2258=EDGE_CURVE('',#1690,#1769,#1016,.T.);
#2259=EDGE_CURVE('',#1770,#1769,#229,.T.);
#2260=EDGE_CURVE('',#1691,#1770,#1017,.T.);
#2261=EDGE_CURVE('',#1771,#1770,#230,.T.);
#2262=EDGE_CURVE('',#1692,#1771,#1018,.T.);
#2263=EDGE_CURVE('',#1772,#1771,#231,.T.);
#2264=EDGE_CURVE('',#1693,#1772,#1019,.T.);
#2265=EDGE_CURVE('',#1773,#1772,#232,.T.);
#2266=EDGE_CURVE('',#1694,#1773,#1020,.T.);
#2267=EDGE_CURVE('',#1765,#1773,#233,.T.);
#2268=EDGE_CURVE('',#1695,#1774,#1021,.T.);
#2269=EDGE_CURVE('',#1775,#1774,#1022,.T.);
#2270=EDGE_CURVE('',#1696,#1775,#1023,.T.);
#2271=EDGE_CURVE('',#1776,#1775,#1024,.T.);
#2272=EDGE_CURVE('',#1697,#1776,#1025,.T.);
#2273=EDGE_CURVE('',#1777,#1776,#1026,.T.);
#2274=EDGE_CURVE('',#1698,#1777,#1027,.T.);
#2275=EDGE_CURVE('',#1778,#1777,#234,.T.);
#2276=EDGE_CURVE('',#1699,#1778,#1028,.T.);
#2277=EDGE_CURVE('',#1779,#1778,#235,.T.);
#2278=EDGE_CURVE('',#1700,#1779,#1029,.T.);
#2279=EDGE_CURVE('',#1780,#1779,#1030,.T.);
#2280=EDGE_CURVE('',#1701,#1780,#1031,.T.);
#2281=EDGE_CURVE('',#1781,#1780,#1032,.T.);
#2282=EDGE_CURVE('',#1702,#1781,#1033,.T.);
#2283=EDGE_CURVE('',#1782,#1781,#1034,.T.);
#2284=EDGE_CURVE('',#1703,#1782,#1035,.T.);
#2285=EDGE_CURVE('',#1783,#1782,#236,.T.);
#2286=EDGE_CURVE('',#1704,#1783,#1036,.T.);
#2287=EDGE_CURVE('',#1784,#1783,#237,.T.);
#2288=EDGE_CURVE('',#1705,#1784,#1037,.T.);
#2289=EDGE_CURVE('',#1785,#1784,#1038,.T.);
#2290=EDGE_CURVE('',#1706,#1785,#1039,.T.);
#2291=EDGE_CURVE('',#1786,#1785,#1040,.T.);
#2292=EDGE_CURVE('',#1707,#1786,#1041,.T.);
#2293=EDGE_CURVE('',#1787,#1786,#1042,.T.);
#2294=EDGE_CURVE('',#1708,#1787,#1043,.T.);
#2295=EDGE_CURVE('',#1788,#1787,#1044,.T.);
#2296=EDGE_CURVE('',#1709,#1788,#1045,.T.);
#2297=EDGE_CURVE('',#1789,#1788,#1046,.T.);
#2298=EDGE_CURVE('',#1710,#1789,#1047,.T.);
#2299=EDGE_CURVE('',#1790,#1789,#238,.T.);
#2300=EDGE_CURVE('',#1711,#1790,#1048,.T.);
#2301=EDGE_CURVE('',#1791,#1790,#239,.T.);
#2302=EDGE_CURVE('',#1712,#1791,#1049,.T.);
#2303=EDGE_CURVE('',#1792,#1791,#1050,.T.);
#2304=EDGE_CURVE('',#1713,#1792,#1051,.T.);
#2305=EDGE_CURVE('',#1774,#1792,#1052,.T.);
#2306=EDGE_CURVE('',#1714,#1793,#1053,.T.);
#2307=EDGE_CURVE('',#1794,#1793,#1054,.T.);
#2308=EDGE_CURVE('',#1715,#1794,#1055,.T.);
#2309=EDGE_CURVE('',#1795,#1794,#240,.T.);
#2310=EDGE_CURVE('',#1716,#1795,#1056,.T.);
#2311=EDGE_CURVE('',#1796,#1795,#241,.T.);
#2312=EDGE_CURVE('',#1717,#1796,#1057,.T.);
#2313=EDGE_CURVE('',#1797,#1796,#242,.T.);
#2314=EDGE_CURVE('',#1718,#1797,#1058,.T.);
#2315=EDGE_CURVE('',#1798,#1797,#243,.T.);
#2316=EDGE_CURVE('',#1719,#1798,#1059,.T.);
#2317=EDGE_CURVE('',#1799,#1798,#1060,.T.);
#2318=EDGE_CURVE('',#1720,#1799,#1061,.T.);
#2319=EDGE_CURVE('',#1800,#1799,#1062,.T.);
#2320=EDGE_CURVE('',#1721,#1800,#1063,.T.);
#2321=EDGE_CURVE('',#1801,#1800,#1064,.T.);
#2322=EDGE_CURVE('',#1722,#1801,#1065,.T.);
#2323=EDGE_CURVE('',#1802,#1801,#1066,.T.);
#2324=EDGE_CURVE('',#1723,#1802,#1067,.T.);
#2325=EDGE_CURVE('',#1803,#1802,#1068,.T.);
#2326=EDGE_CURVE('',#1724,#1803,#1069,.T.);
#2327=EDGE_CURVE('',#1804,#1803,#1070,.T.);
#2328=EDGE_CURVE('',#1725,#1804,#1071,.T.);
#2329=EDGE_CURVE('',#1805,#1804,#1072,.T.);
#2330=EDGE_CURVE('',#1726,#1805,#1073,.T.);
#2331=EDGE_CURVE('',#1806,#1805,#1074,.T.);
#2332=EDGE_CURVE('',#1727,#1806,#1075,.T.);
#2333=EDGE_CURVE('',#1807,#1806,#1076,.T.);
#2334=EDGE_CURVE('',#1728,#1807,#1077,.T.);
#2335=EDGE_CURVE('',#1808,#1807,#1078,.T.);
#2336=EDGE_CURVE('',#1729,#1808,#1079,.T.);
#2337=EDGE_CURVE('',#1809,#1808,#1080,.T.);
#2338=EDGE_CURVE('',#1730,#1809,#1081,.T.);
#2339=EDGE_CURVE('',#1810,#1809,#244,.T.);
#2340=EDGE_CURVE('',#1731,#1810,#1082,.T.);
#2341=EDGE_CURVE('',#1811,#1810,#245,.T.);
#2342=EDGE_CURVE('',#1732,#1811,#1083,.T.);
#2343=EDGE_CURVE('',#1812,#1811,#246,.T.);
#2344=EDGE_CURVE('',#1733,#1812,#1084,.T.);
#2345=EDGE_CURVE('',#1793,#1812,#247,.T.);
#2346=EDGE_CURVE('',#1813,#1814,#1085,.T.);
#2347=EDGE_CURVE('',#1813,#1815,#1086,.T.);
#2348=EDGE_CURVE('',#1816,#1815,#1087,.T.);
#2349=EDGE_CURVE('',#1814,#1816,#1088,.T.);
#2350=EDGE_CURVE('',#1814,#1817,#248,.T.);
#2351=EDGE_CURVE('',#1818,#1816,#249,.T.);
#2352=EDGE_CURVE('',#1817,#1818,#1089,.T.);
#2353=EDGE_CURVE('',#1817,#1819,#250,.T.);
#2354=EDGE_CURVE('',#1820,#1818,#251,.T.);
#2355=EDGE_CURVE('',#1819,#1820,#1090,.T.);
#2356=EDGE_CURVE('',#1819,#1821,#252,.T.);
#2357=EDGE_CURVE('',#1822,#1820,#253,.T.);
#2358=EDGE_CURVE('',#1821,#1822,#1091,.T.);
#2359=EDGE_CURVE('',#1821,#1813,#254,.T.);
#2360=EDGE_CURVE('',#1815,#1822,#255,.T.);
#2361=EDGE_CURVE('',#1734,#1823,#1092,.T.);
#2362=EDGE_CURVE('',#1824,#1823,#1093,.T.);
#2363=EDGE_CURVE('',#1735,#1824,#1094,.T.);
#2364=EDGE_CURVE('',#1825,#1824,#256,.T.);
#2365=EDGE_CURVE('',#1736,#1825,#1095,.T.);
#2366=EDGE_CURVE('',#1826,#1825,#257,.T.);
#2367=EDGE_CURVE('',#1737,#1826,#1096,.T.);
#2368=EDGE_CURVE('',#1827,#1826,#258,.T.);
#2369=EDGE_CURVE('',#1738,#1827,#1097,.T.);
#2370=EDGE_CURVE('',#1828,#1827,#259,.T.);
#2371=EDGE_CURVE('',#1739,#1828,#1098,.T.);
#2372=EDGE_CURVE('',#1829,#1828,#260,.T.);
#2373=EDGE_CURVE('',#1740,#1829,#1099,.T.);
#2374=EDGE_CURVE('',#1830,#1829,#261,.T.);
#2375=EDGE_CURVE('',#1741,#1830,#1100,.T.);
#2376=EDGE_CURVE('',#1831,#1830,#262,.T.);
#2377=EDGE_CURVE('',#1742,#1831,#1101,.T.);
#2378=EDGE_CURVE('',#1832,#1831,#263,.T.);
#2379=EDGE_CURVE('',#1743,#1832,#1102,.T.);
#2380=EDGE_CURVE('',#1833,#1832,#264,.T.);
#2381=EDGE_CURVE('',#1744,#1833,#1103,.T.);
#2382=EDGE_CURVE('',#1834,#1833,#1104,.T.);
#2383=EDGE_CURVE('',#1745,#1834,#1105,.T.);
#2384=EDGE_CURVE('',#1835,#1834,#265,.T.);
#2385=EDGE_CURVE('',#1746,#1835,#1106,.T.);
#2386=EDGE_CURVE('',#1836,#1835,#266,.T.);
#2387=EDGE_CURVE('',#1747,#1836,#1107,.T.);
#2388=EDGE_CURVE('',#1837,#1836,#267,.T.);
#2389=EDGE_CURVE('',#1748,#1837,#1108,.T.);
#2390=EDGE_CURVE('',#1823,#1837,#268,.T.);
#2391=EDGE_CURVE('',#1682,#1838,#1109,.T.);
#2392=EDGE_CURVE('',#1839,#1838,#1110,.T.);
#2393=EDGE_CURVE('',#1684,#1839,#1111,.T.);
#2394=EDGE_CURVE('',#1840,#1839,#1112,.T.);
#2395=EDGE_CURVE('',#1685,#1840,#1113,.T.);
#2396=EDGE_CURVE('',#1841,#1840,#1114,.T.);
#2397=EDGE_CURVE('',#1683,#1841,#1115,.T.);
#2398=EDGE_CURVE('',#1838,#1841,#1116,.T.);
#2399=EDGE_CURVE('',#1842,#1843,#1117,.T.);
#2400=EDGE_CURVE('',#1842,#1844,#1118,.T.);
#2401=EDGE_CURVE('',#1845,#1844,#1119,.T.);
#2402=EDGE_CURVE('',#1843,#1845,#1120,.T.);
#2403=EDGE_CURVE('',#1843,#1846,#1121,.T.);
#2404=EDGE_CURVE('',#1847,#1845,#1122,.T.);
#2405=EDGE_CURVE('',#1846,#1847,#1123,.T.);
#2406=EDGE_CURVE('',#1846,#1848,#1124,.T.);
#2407=EDGE_CURVE('',#1849,#1847,#1125,.T.);
#2408=EDGE_CURVE('',#1848,#1849,#1126,.T.);
#2409=EDGE_CURVE('',#1848,#1850,#269,.T.);
#2410=EDGE_CURVE('',#1851,#1849,#270,.T.);
#2411=EDGE_CURVE('',#1850,#1851,#1127,.T.);
#2412=EDGE_CURVE('',#1850,#1852,#271,.T.);
#2413=EDGE_CURVE('',#1853,#1851,#272,.T.);
#2414=EDGE_CURVE('',#1852,#1853,#1128,.T.);
#2415=EDGE_CURVE('',#1852,#1854,#1129,.T.);
#2416=EDGE_CURVE('',#1855,#1853,#1130,.T.);
#2417=EDGE_CURVE('',#1854,#1855,#1131,.T.);
#2418=EDGE_CURVE('',#1854,#1856,#1132,.T.);
#2419=EDGE_CURVE('',#1857,#1855,#1133,.T.);
#2420=EDGE_CURVE('',#1856,#1857,#1134,.T.);
#2421=EDGE_CURVE('',#1856,#1858,#1135,.T.);
#2422=EDGE_CURVE('',#1859,#1857,#1136,.T.);
#2423=EDGE_CURVE('',#1858,#1859,#1137,.T.);
#2424=EDGE_CURVE('',#1858,#1842,#1138,.T.);
#2425=EDGE_CURVE('',#1844,#1859,#1139,.T.);
#2426=EDGE_CURVE('',#1860,#1861,#1140,.T.);
#2427=EDGE_CURVE('',#1860,#1862,#1141,.T.);
#2428=EDGE_CURVE('',#1863,#1862,#1142,.T.);
#2429=EDGE_CURVE('',#1861,#1863,#1143,.T.);
#2430=EDGE_CURVE('',#1861,#1864,#1144,.T.);
#2431=EDGE_CURVE('',#1865,#1863,#1145,.T.);
#2432=EDGE_CURVE('',#1864,#1865,#1146,.T.);
#2433=EDGE_CURVE('',#1864,#1866,#273,.T.);
#2434=EDGE_CURVE('',#1867,#1865,#274,.T.);
#2435=EDGE_CURVE('',#1866,#1867,#1147,.T.);
#2436=EDGE_CURVE('',#1866,#1868,#275,.T.);
#2437=EDGE_CURVE('',#1869,#1867,#276,.T.);
#2438=EDGE_CURVE('',#1868,#1869,#1148,.T.);
#2439=EDGE_CURVE('',#1868,#1870,#1149,.T.);
#2440=EDGE_CURVE('',#1871,#1869,#1150,.T.);
#2441=EDGE_CURVE('',#1870,#1871,#1151,.T.);
#2442=EDGE_CURVE('',#1870,#1872,#277,.T.);
#2443=EDGE_CURVE('',#1873,#1871,#278,.T.);
#2444=EDGE_CURVE('',#1872,#1873,#1152,.T.);
#2445=EDGE_CURVE('',#1872,#1874,#279,.T.);
#2446=EDGE_CURVE('',#1875,#1873,#280,.T.);
#2447=EDGE_CURVE('',#1874,#1875,#1153,.T.);
#2448=EDGE_CURVE('',#1874,#1876,#1154,.T.);
#2449=EDGE_CURVE('',#1877,#1875,#1155,.T.);
#2450=EDGE_CURVE('',#1876,#1877,#1156,.T.);
#2451=EDGE_CURVE('',#1876,#1860,#1157,.T.);
#2452=EDGE_CURVE('',#1862,#1877,#1158,.T.);
#2453=EDGE_CURVE('',#1878,#1879,#1159,.T.);
#2454=EDGE_CURVE('',#1879,#1880,#1160,.T.);
#2455=EDGE_CURVE('',#1881,#1880,#1161,.T.);
#2456=EDGE_CURVE('',#1878,#1881,#1162,.T.);
#2457=EDGE_CURVE('',#1882,#1878,#1163,.T.);
#2458=EDGE_CURVE('',#1883,#1881,#1164,.T.);
#2459=EDGE_CURVE('',#1882,#1883,#1165,.T.);
#2460=EDGE_CURVE('',#1884,#1882,#1166,.T.);
#2461=EDGE_CURVE('',#1885,#1883,#1167,.T.);
#2462=EDGE_CURVE('',#1884,#1885,#1168,.T.);
#2463=EDGE_CURVE('',#1879,#1884,#1169,.T.);
#2464=EDGE_CURVE('',#1880,#1885,#1170,.T.);
#2465=ORIENTED_EDGE('',*,*,#1886,.F.);
#2466=ORIENTED_EDGE('',*,*,#1887,.T.);
#2467=ORIENTED_EDGE('',*,*,#1888,.F.);
#2468=ORIENTED_EDGE('',*,*,#1889,.F.);
#2469=ORIENTED_EDGE('',*,*,#1890,.F.);
#2470=ORIENTED_EDGE('',*,*,#1889,.T.);
#2471=ORIENTED_EDGE('',*,*,#1891,.F.);
#2472=ORIENTED_EDGE('',*,*,#1892,.F.);
#2473=ORIENTED_EDGE('',*,*,#1893,.F.);
#2474=ORIENTED_EDGE('',*,*,#1892,.T.);
#2475=ORIENTED_EDGE('',*,*,#1894,.F.);
#2476=ORIENTED_EDGE('',*,*,#1895,.F.);
#2477=ORIENTED_EDGE('',*,*,#1896,.F.);
#2478=ORIENTED_EDGE('',*,*,#1895,.T.);
#2479=ORIENTED_EDGE('',*,*,#1897,.F.);
#2480=ORIENTED_EDGE('',*,*,#1898,.F.);
#2481=ORIENTED_EDGE('',*,*,#1899,.F.);
#2482=ORIENTED_EDGE('',*,*,#1898,.T.);
#2483=ORIENTED_EDGE('',*,*,#1900,.F.);
#2484=ORIENTED_EDGE('',*,*,#1901,.F.);
#2485=ORIENTED_EDGE('',*,*,#1902,.F.);
#2486=ORIENTED_EDGE('',*,*,#1901,.T.);
#2487=ORIENTED_EDGE('',*,*,#1903,.F.);
#2488=ORIENTED_EDGE('',*,*,#1904,.F.);
#2489=ORIENTED_EDGE('',*,*,#1905,.F.);
#2490=ORIENTED_EDGE('',*,*,#1904,.T.);
#2491=ORIENTED_EDGE('',*,*,#1906,.F.);
#2492=ORIENTED_EDGE('',*,*,#1907,.F.);
#2493=ORIENTED_EDGE('',*,*,#1908,.F.);
#2494=ORIENTED_EDGE('',*,*,#1907,.T.);
#2495=ORIENTED_EDGE('',*,*,#1909,.F.);
#2496=ORIENTED_EDGE('',*,*,#1910,.F.);
#2497=ORIENTED_EDGE('',*,*,#1911,.F.);
#2498=ORIENTED_EDGE('',*,*,#1910,.T.);
#2499=ORIENTED_EDGE('',*,*,#1912,.F.);
#2500=ORIENTED_EDGE('',*,*,#1913,.F.);
#2501=ORIENTED_EDGE('',*,*,#1914,.F.);
#2502=ORIENTED_EDGE('',*,*,#1913,.T.);
#2503=ORIENTED_EDGE('',*,*,#1915,.F.);
#2504=ORIENTED_EDGE('',*,*,#1916,.F.);
#2505=ORIENTED_EDGE('',*,*,#1917,.F.);
#2506=ORIENTED_EDGE('',*,*,#1916,.T.);
#2507=ORIENTED_EDGE('',*,*,#1918,.F.);
#2508=ORIENTED_EDGE('',*,*,#1919,.F.);
#2509=ORIENTED_EDGE('',*,*,#1920,.F.);
#2510=ORIENTED_EDGE('',*,*,#1919,.T.);
#2511=ORIENTED_EDGE('',*,*,#1921,.F.);
#2512=ORIENTED_EDGE('',*,*,#1922,.F.);
#2513=ORIENTED_EDGE('',*,*,#1923,.F.);
#2514=ORIENTED_EDGE('',*,*,#1922,.T.);
#2515=ORIENTED_EDGE('',*,*,#1924,.F.);
#2516=ORIENTED_EDGE('',*,*,#1925,.F.);
#2517=ORIENTED_EDGE('',*,*,#1926,.F.);
#2518=ORIENTED_EDGE('',*,*,#1925,.T.);
#2519=ORIENTED_EDGE('',*,*,#1927,.F.);
#2520=ORIENTED_EDGE('',*,*,#1928,.F.);
#2521=ORIENTED_EDGE('',*,*,#1929,.F.);
#2522=ORIENTED_EDGE('',*,*,#1928,.T.);
#2523=ORIENTED_EDGE('',*,*,#1930,.F.);
#2524=ORIENTED_EDGE('',*,*,#1931,.F.);
#2525=ORIENTED_EDGE('',*,*,#1932,.F.);
#2526=ORIENTED_EDGE('',*,*,#1931,.T.);
#2527=ORIENTED_EDGE('',*,*,#1933,.F.);
#2528=ORIENTED_EDGE('',*,*,#1934,.F.);
#2529=ORIENTED_EDGE('',*,*,#1935,.F.);
#2530=ORIENTED_EDGE('',*,*,#1934,.T.);
#2531=ORIENTED_EDGE('',*,*,#1936,.F.);
#2532=ORIENTED_EDGE('',*,*,#1937,.F.);
#2533=ORIENTED_EDGE('',*,*,#1938,.F.);
#2534=ORIENTED_EDGE('',*,*,#1937,.T.);
#2535=ORIENTED_EDGE('',*,*,#1939,.F.);
#2536=ORIENTED_EDGE('',*,*,#1940,.F.);
#2537=ORIENTED_EDGE('',*,*,#1941,.F.);
#2538=ORIENTED_EDGE('',*,*,#1940,.T.);
#2539=ORIENTED_EDGE('',*,*,#1942,.F.);
#2540=ORIENTED_EDGE('',*,*,#1887,.F.);
#2541=ORIENTED_EDGE('',*,*,#1942,.T.);
#2542=ORIENTED_EDGE('',*,*,#1939,.T.);
#2543=ORIENTED_EDGE('',*,*,#1936,.T.);
#2544=ORIENTED_EDGE('',*,*,#1933,.T.);
#2545=ORIENTED_EDGE('',*,*,#1930,.T.);
#2546=ORIENTED_EDGE('',*,*,#1927,.T.);
#2547=ORIENTED_EDGE('',*,*,#1924,.T.);
#2548=ORIENTED_EDGE('',*,*,#1921,.T.);
#2549=ORIENTED_EDGE('',*,*,#1918,.T.);
#2550=ORIENTED_EDGE('',*,*,#1915,.T.);
#2551=ORIENTED_EDGE('',*,*,#1912,.T.);
#2552=ORIENTED_EDGE('',*,*,#1909,.T.);
#2553=ORIENTED_EDGE('',*,*,#1906,.T.);
#2554=ORIENTED_EDGE('',*,*,#1903,.T.);
#2555=ORIENTED_EDGE('',*,*,#1900,.T.);
#2556=ORIENTED_EDGE('',*,*,#1897,.T.);
#2557=ORIENTED_EDGE('',*,*,#1894,.T.);
#2558=ORIENTED_EDGE('',*,*,#1891,.T.);
#2559=ORIENTED_EDGE('',*,*,#1888,.T.);
#2560=ORIENTED_EDGE('',*,*,#1943,.F.);
#2561=ORIENTED_EDGE('',*,*,#1944,.T.);
#2562=ORIENTED_EDGE('',*,*,#1945,.F.);
#2563=ORIENTED_EDGE('',*,*,#1946,.F.);
#2564=ORIENTED_EDGE('',*,*,#1947,.F.);
#2565=ORIENTED_EDGE('',*,*,#1946,.T.);
#2566=ORIENTED_EDGE('',*,*,#1948,.F.);
#2567=ORIENTED_EDGE('',*,*,#1949,.F.);
#2568=ORIENTED_EDGE('',*,*,#1950,.F.);
#2569=ORIENTED_EDGE('',*,*,#1949,.T.);
#2570=ORIENTED_EDGE('',*,*,#1951,.F.);
#2571=ORIENTED_EDGE('',*,*,#1952,.F.);
#2572=ORIENTED_EDGE('',*,*,#1953,.F.);
#2573=ORIENTED_EDGE('',*,*,#1952,.T.);
#2574=ORIENTED_EDGE('',*,*,#1954,.F.);
#2575=ORIENTED_EDGE('',*,*,#1955,.F.);
#2576=ORIENTED_EDGE('',*,*,#1956,.F.);
#2577=ORIENTED_EDGE('',*,*,#1955,.T.);
#2578=ORIENTED_EDGE('',*,*,#1957,.F.);
#2579=ORIENTED_EDGE('',*,*,#1958,.F.);
#2580=ORIENTED_EDGE('',*,*,#1959,.F.);
#2581=ORIENTED_EDGE('',*,*,#1958,.T.);
#2582=ORIENTED_EDGE('',*,*,#1960,.F.);
#2583=ORIENTED_EDGE('',*,*,#1961,.F.);
#2584=ORIENTED_EDGE('',*,*,#1962,.F.);
#2585=ORIENTED_EDGE('',*,*,#1961,.T.);
#2586=ORIENTED_EDGE('',*,*,#1963,.F.);
#2587=ORIENTED_EDGE('',*,*,#1964,.F.);
#2588=ORIENTED_EDGE('',*,*,#1965,.F.);
#2589=ORIENTED_EDGE('',*,*,#1964,.T.);
#2590=ORIENTED_EDGE('',*,*,#1966,.F.);
#2591=ORIENTED_EDGE('',*,*,#1967,.F.);
#2592=ORIENTED_EDGE('',*,*,#1968,.F.);
#2593=ORIENTED_EDGE('',*,*,#1967,.T.);
#2594=ORIENTED_EDGE('',*,*,#1969,.F.);
#2595=ORIENTED_EDGE('',*,*,#1970,.F.);
#2596=ORIENTED_EDGE('',*,*,#1971,.F.);
#2597=ORIENTED_EDGE('',*,*,#1970,.T.);
#2598=ORIENTED_EDGE('',*,*,#1972,.F.);
#2599=ORIENTED_EDGE('',*,*,#1973,.F.);
#2600=ORIENTED_EDGE('',*,*,#1974,.F.);
#2601=ORIENTED_EDGE('',*,*,#1973,.T.);
#2602=ORIENTED_EDGE('',*,*,#1975,.F.);
#2603=ORIENTED_EDGE('',*,*,#1976,.F.);
#2604=ORIENTED_EDGE('',*,*,#1977,.F.);
#2605=ORIENTED_EDGE('',*,*,#1976,.T.);
#2606=ORIENTED_EDGE('',*,*,#1978,.F.);
#2607=ORIENTED_EDGE('',*,*,#1979,.F.);
#2608=ORIENTED_EDGE('',*,*,#1980,.F.);
#2609=ORIENTED_EDGE('',*,*,#1979,.T.);
#2610=ORIENTED_EDGE('',*,*,#1981,.F.);
#2611=ORIENTED_EDGE('',*,*,#1982,.F.);
#2612=ORIENTED_EDGE('',*,*,#1983,.F.);
#2613=ORIENTED_EDGE('',*,*,#1982,.T.);
#2614=ORIENTED_EDGE('',*,*,#1984,.F.);
#2615=ORIENTED_EDGE('',*,*,#1985,.F.);
#2616=ORIENTED_EDGE('',*,*,#1986,.F.);
#2617=ORIENTED_EDGE('',*,*,#1985,.T.);
#2618=ORIENTED_EDGE('',*,*,#1987,.F.);
#2619=ORIENTED_EDGE('',*,*,#1988,.F.);
#2620=ORIENTED_EDGE('',*,*,#1989,.F.);
#2621=ORIENTED_EDGE('',*,*,#1988,.T.);
#2622=ORIENTED_EDGE('',*,*,#1990,.F.);
#2623=ORIENTED_EDGE('',*,*,#1991,.F.);
#2624=ORIENTED_EDGE('',*,*,#1992,.F.);
#2625=ORIENTED_EDGE('',*,*,#1991,.T.);
#2626=ORIENTED_EDGE('',*,*,#1993,.F.);
#2627=ORIENTED_EDGE('',*,*,#1994,.F.);
#2628=ORIENTED_EDGE('',*,*,#1995,.F.);
#2629=ORIENTED_EDGE('',*,*,#1994,.T.);
#2630=ORIENTED_EDGE('',*,*,#1996,.F.);
#2631=ORIENTED_EDGE('',*,*,#1997,.F.);
#2632=ORIENTED_EDGE('',*,*,#1998,.F.);
#2633=ORIENTED_EDGE('',*,*,#1997,.T.);
#2634=ORIENTED_EDGE('',*,*,#1999,.F.);
#2635=ORIENTED_EDGE('',*,*,#2000,.F.);
#2636=ORIENTED_EDGE('',*,*,#2001,.F.);
#2637=ORIENTED_EDGE('',*,*,#2000,.T.);
#2638=ORIENTED_EDGE('',*,*,#2002,.F.);
#2639=ORIENTED_EDGE('',*,*,#2003,.F.);
#2640=ORIENTED_EDGE('',*,*,#2004,.F.);
#2641=ORIENTED_EDGE('',*,*,#2003,.T.);
#2642=ORIENTED_EDGE('',*,*,#2005,.F.);
#2643=ORIENTED_EDGE('',*,*,#2006,.F.);
#2644=ORIENTED_EDGE('',*,*,#2007,.F.);
#2645=ORIENTED_EDGE('',*,*,#2006,.T.);
#2646=ORIENTED_EDGE('',*,*,#2008,.F.);
#2647=ORIENTED_EDGE('',*,*,#2009,.F.);
#2648=ORIENTED_EDGE('',*,*,#2010,.F.);
#2649=ORIENTED_EDGE('',*,*,#2009,.T.);
#2650=ORIENTED_EDGE('',*,*,#2011,.F.);
#2651=ORIENTED_EDGE('',*,*,#2012,.F.);
#2652=ORIENTED_EDGE('',*,*,#2013,.F.);
#2653=ORIENTED_EDGE('',*,*,#2012,.T.);
#2654=ORIENTED_EDGE('',*,*,#2014,.F.);
#2655=ORIENTED_EDGE('',*,*,#2015,.F.);
#2656=ORIENTED_EDGE('',*,*,#2016,.F.);
#2657=ORIENTED_EDGE('',*,*,#2015,.T.);
#2658=ORIENTED_EDGE('',*,*,#2017,.F.);
#2659=ORIENTED_EDGE('',*,*,#2018,.F.);
#2660=ORIENTED_EDGE('',*,*,#2019,.F.);
#2661=ORIENTED_EDGE('',*,*,#2018,.T.);
#2662=ORIENTED_EDGE('',*,*,#2020,.F.);
#2663=ORIENTED_EDGE('',*,*,#2021,.F.);
#2664=ORIENTED_EDGE('',*,*,#2022,.F.);
#2665=ORIENTED_EDGE('',*,*,#2021,.T.);
#2666=ORIENTED_EDGE('',*,*,#2023,.F.);
#2667=ORIENTED_EDGE('',*,*,#2024,.F.);
#2668=ORIENTED_EDGE('',*,*,#2025,.F.);
#2669=ORIENTED_EDGE('',*,*,#2024,.T.);
#2670=ORIENTED_EDGE('',*,*,#2026,.F.);
#2671=ORIENTED_EDGE('',*,*,#2027,.F.);
#2672=ORIENTED_EDGE('',*,*,#2028,.F.);
#2673=ORIENTED_EDGE('',*,*,#2027,.T.);
#2674=ORIENTED_EDGE('',*,*,#2029,.F.);
#2675=ORIENTED_EDGE('',*,*,#2030,.F.);
#2676=ORIENTED_EDGE('',*,*,#2031,.F.);
#2677=ORIENTED_EDGE('',*,*,#2030,.T.);
#2678=ORIENTED_EDGE('',*,*,#2032,.F.);
#2679=ORIENTED_EDGE('',*,*,#2033,.F.);
#2680=ORIENTED_EDGE('',*,*,#2034,.F.);
#2681=ORIENTED_EDGE('',*,*,#2033,.T.);
#2682=ORIENTED_EDGE('',*,*,#2035,.F.);
#2683=ORIENTED_EDGE('',*,*,#2036,.F.);
#2684=ORIENTED_EDGE('',*,*,#2037,.F.);
#2685=ORIENTED_EDGE('',*,*,#2036,.T.);
#2686=ORIENTED_EDGE('',*,*,#2038,.F.);
#2687=ORIENTED_EDGE('',*,*,#2039,.F.);
#2688=ORIENTED_EDGE('',*,*,#2040,.F.);
#2689=ORIENTED_EDGE('',*,*,#2039,.T.);
#2690=ORIENTED_EDGE('',*,*,#2041,.F.);
#2691=ORIENTED_EDGE('',*,*,#1944,.F.);
#2692=ORIENTED_EDGE('',*,*,#2041,.T.);
#2693=ORIENTED_EDGE('',*,*,#2038,.T.);
#2694=ORIENTED_EDGE('',*,*,#2035,.T.);
#2695=ORIENTED_EDGE('',*,*,#2032,.T.);
#2696=ORIENTED_EDGE('',*,*,#2029,.T.);
#2697=ORIENTED_EDGE('',*,*,#2026,.T.);
#2698=ORIENTED_EDGE('',*,*,#2023,.T.);
#2699=ORIENTED_EDGE('',*,*,#2020,.T.);
#2700=ORIENTED_EDGE('',*,*,#2017,.T.);
#2701=ORIENTED_EDGE('',*,*,#2014,.T.);
#2702=ORIENTED_EDGE('',*,*,#2011,.T.);
#2703=ORIENTED_EDGE('',*,*,#2008,.T.);
#2704=ORIENTED_EDGE('',*,*,#2005,.T.);
#2705=ORIENTED_EDGE('',*,*,#2002,.T.);
#2706=ORIENTED_EDGE('',*,*,#1999,.T.);
#2707=ORIENTED_EDGE('',*,*,#1996,.T.);
#2708=ORIENTED_EDGE('',*,*,#1993,.T.);
#2709=ORIENTED_EDGE('',*,*,#1990,.T.);
#2710=ORIENTED_EDGE('',*,*,#1987,.T.);
#2711=ORIENTED_EDGE('',*,*,#1984,.T.);
#2712=ORIENTED_EDGE('',*,*,#1981,.T.);
#2713=ORIENTED_EDGE('',*,*,#1978,.T.);
#2714=ORIENTED_EDGE('',*,*,#1975,.T.);
#2715=ORIENTED_EDGE('',*,*,#1972,.T.);
#2716=ORIENTED_EDGE('',*,*,#1969,.T.);
#2717=ORIENTED_EDGE('',*,*,#1966,.T.);
#2718=ORIENTED_EDGE('',*,*,#1963,.T.);
#2719=ORIENTED_EDGE('',*,*,#1960,.T.);
#2720=ORIENTED_EDGE('',*,*,#1957,.T.);
#2721=ORIENTED_EDGE('',*,*,#1954,.T.);
#2722=ORIENTED_EDGE('',*,*,#1951,.T.);
#2723=ORIENTED_EDGE('',*,*,#1948,.T.);
#2724=ORIENTED_EDGE('',*,*,#1945,.T.);
#2725=ORIENTED_EDGE('',*,*,#2042,.F.);
#2726=ORIENTED_EDGE('',*,*,#2043,.T.);
#2727=ORIENTED_EDGE('',*,*,#2044,.F.);
#2728=ORIENTED_EDGE('',*,*,#2045,.F.);
#2729=ORIENTED_EDGE('',*,*,#2046,.F.);
#2730=ORIENTED_EDGE('',*,*,#2045,.T.);
#2731=ORIENTED_EDGE('',*,*,#2047,.F.);
#2732=ORIENTED_EDGE('',*,*,#2048,.F.);
#2733=ORIENTED_EDGE('',*,*,#2049,.F.);
#2734=ORIENTED_EDGE('',*,*,#2048,.T.);
#2735=ORIENTED_EDGE('',*,*,#2050,.F.);
#2736=ORIENTED_EDGE('',*,*,#2051,.F.);
#2737=ORIENTED_EDGE('',*,*,#2052,.F.);
#2738=ORIENTED_EDGE('',*,*,#2051,.T.);
#2739=ORIENTED_EDGE('',*,*,#2053,.F.);
#2740=ORIENTED_EDGE('',*,*,#2054,.F.);
#2741=ORIENTED_EDGE('',*,*,#2055,.F.);
#2742=ORIENTED_EDGE('',*,*,#2054,.T.);
#2743=ORIENTED_EDGE('',*,*,#2056,.F.);
#2744=ORIENTED_EDGE('',*,*,#2057,.F.);
#2745=ORIENTED_EDGE('',*,*,#2058,.F.);
#2746=ORIENTED_EDGE('',*,*,#2057,.T.);
#2747=ORIENTED_EDGE('',*,*,#2059,.F.);
#2748=ORIENTED_EDGE('',*,*,#2060,.F.);
#2749=ORIENTED_EDGE('',*,*,#2061,.F.);
#2750=ORIENTED_EDGE('',*,*,#2060,.T.);
#2751=ORIENTED_EDGE('',*,*,#2062,.F.);
#2752=ORIENTED_EDGE('',*,*,#2063,.F.);
#2753=ORIENTED_EDGE('',*,*,#2064,.F.);
#2754=ORIENTED_EDGE('',*,*,#2063,.T.);
#2755=ORIENTED_EDGE('',*,*,#2065,.F.);
#2756=ORIENTED_EDGE('',*,*,#2043,.F.);
#2757=ORIENTED_EDGE('',*,*,#2066,.F.);
#2758=ORIENTED_EDGE('',*,*,#2067,.T.);
#2759=ORIENTED_EDGE('',*,*,#2068,.F.);
#2760=ORIENTED_EDGE('',*,*,#2069,.F.);
#2761=ORIENTED_EDGE('',*,*,#2070,.F.);
#2762=ORIENTED_EDGE('',*,*,#2069,.T.);
#2763=ORIENTED_EDGE('',*,*,#2071,.F.);
#2764=ORIENTED_EDGE('',*,*,#2072,.F.);
#2765=ORIENTED_EDGE('',*,*,#2073,.F.);
#2766=ORIENTED_EDGE('',*,*,#2072,.T.);
#2767=ORIENTED_EDGE('',*,*,#2074,.F.);
#2768=ORIENTED_EDGE('',*,*,#2075,.F.);
#2769=ORIENTED_EDGE('',*,*,#2076,.F.);
#2770=ORIENTED_EDGE('',*,*,#2075,.T.);
#2771=ORIENTED_EDGE('',*,*,#2077,.F.);
#2772=ORIENTED_EDGE('',*,*,#2078,.F.);
#2773=ORIENTED_EDGE('',*,*,#2079,.F.);
#2774=ORIENTED_EDGE('',*,*,#2078,.T.);
#2775=ORIENTED_EDGE('',*,*,#2080,.F.);
#2776=ORIENTED_EDGE('',*,*,#2081,.F.);
#2777=ORIENTED_EDGE('',*,*,#2082,.F.);
#2778=ORIENTED_EDGE('',*,*,#2081,.T.);
#2779=ORIENTED_EDGE('',*,*,#2083,.F.);
#2780=ORIENTED_EDGE('',*,*,#2084,.F.);
#2781=ORIENTED_EDGE('',*,*,#2085,.F.);
#2782=ORIENTED_EDGE('',*,*,#2084,.T.);
#2783=ORIENTED_EDGE('',*,*,#2086,.F.);
#2784=ORIENTED_EDGE('',*,*,#2087,.F.);
#2785=ORIENTED_EDGE('',*,*,#2088,.F.);
#2786=ORIENTED_EDGE('',*,*,#2087,.T.);
#2787=ORIENTED_EDGE('',*,*,#2089,.F.);
#2788=ORIENTED_EDGE('',*,*,#2090,.F.);
#2789=ORIENTED_EDGE('',*,*,#2091,.F.);
#2790=ORIENTED_EDGE('',*,*,#2090,.T.);
#2791=ORIENTED_EDGE('',*,*,#2092,.F.);
#2792=ORIENTED_EDGE('',*,*,#2093,.F.);
#2793=ORIENTED_EDGE('',*,*,#2094,.F.);
#2794=ORIENTED_EDGE('',*,*,#2093,.T.);
#2795=ORIENTED_EDGE('',*,*,#2095,.F.);
#2796=ORIENTED_EDGE('',*,*,#2096,.F.);
#2797=ORIENTED_EDGE('',*,*,#2097,.F.);
#2798=ORIENTED_EDGE('',*,*,#2096,.T.);
#2799=ORIENTED_EDGE('',*,*,#2098,.F.);
#2800=ORIENTED_EDGE('',*,*,#2099,.F.);
#2801=ORIENTED_EDGE('',*,*,#2100,.F.);
#2802=ORIENTED_EDGE('',*,*,#2099,.T.);
#2803=ORIENTED_EDGE('',*,*,#2101,.F.);
#2804=ORIENTED_EDGE('',*,*,#2102,.F.);
#2805=ORIENTED_EDGE('',*,*,#2103,.F.);
#2806=ORIENTED_EDGE('',*,*,#2102,.T.);
#2807=ORIENTED_EDGE('',*,*,#2104,.F.);
#2808=ORIENTED_EDGE('',*,*,#2105,.F.);
#2809=ORIENTED_EDGE('',*,*,#2106,.F.);
#2810=ORIENTED_EDGE('',*,*,#2105,.T.);
#2811=ORIENTED_EDGE('',*,*,#2107,.F.);
#2812=ORIENTED_EDGE('',*,*,#2067,.F.);
#2813=ORIENTED_EDGE('',*,*,#2107,.T.);
#2814=ORIENTED_EDGE('',*,*,#2104,.T.);
#2815=ORIENTED_EDGE('',*,*,#2101,.T.);
#2816=ORIENTED_EDGE('',*,*,#2098,.T.);
#2817=ORIENTED_EDGE('',*,*,#2095,.T.);
#2818=ORIENTED_EDGE('',*,*,#2092,.T.);
#2819=ORIENTED_EDGE('',*,*,#2089,.T.);
#2820=ORIENTED_EDGE('',*,*,#2086,.T.);
#2821=ORIENTED_EDGE('',*,*,#2083,.T.);
#2822=ORIENTED_EDGE('',*,*,#2080,.T.);
#2823=ORIENTED_EDGE('',*,*,#2077,.T.);
#2824=ORIENTED_EDGE('',*,*,#2074,.T.);
#2825=ORIENTED_EDGE('',*,*,#2071,.T.);
#2826=ORIENTED_EDGE('',*,*,#2068,.T.);
#2827=ORIENTED_EDGE('',*,*,#2065,.T.);
#2828=ORIENTED_EDGE('',*,*,#2062,.T.);
#2829=ORIENTED_EDGE('',*,*,#2059,.T.);
#2830=ORIENTED_EDGE('',*,*,#2056,.T.);
#2831=ORIENTED_EDGE('',*,*,#2053,.T.);
#2832=ORIENTED_EDGE('',*,*,#2050,.T.);
#2833=ORIENTED_EDGE('',*,*,#2047,.T.);
#2834=ORIENTED_EDGE('',*,*,#2044,.T.);
#2835=ORIENTED_EDGE('',*,*,#2042,.T.);
#2836=ORIENTED_EDGE('',*,*,#2046,.T.);
#2837=ORIENTED_EDGE('',*,*,#2049,.T.);
#2838=ORIENTED_EDGE('',*,*,#2052,.T.);
#2839=ORIENTED_EDGE('',*,*,#2055,.T.);
#2840=ORIENTED_EDGE('',*,*,#2058,.T.);
#2841=ORIENTED_EDGE('',*,*,#2061,.T.);
#2842=ORIENTED_EDGE('',*,*,#2064,.T.);
#2843=ORIENTED_EDGE('',*,*,#2108,.F.);
#2844=ORIENTED_EDGE('',*,*,#2109,.T.);
#2845=ORIENTED_EDGE('',*,*,#2110,.F.);
#2846=ORIENTED_EDGE('',*,*,#2111,.F.);
#2847=ORIENTED_EDGE('',*,*,#2112,.F.);
#2848=ORIENTED_EDGE('',*,*,#2111,.T.);
#2849=ORIENTED_EDGE('',*,*,#2113,.F.);
#2850=ORIENTED_EDGE('',*,*,#2114,.F.);
#2851=ORIENTED_EDGE('',*,*,#2115,.F.);
#2852=ORIENTED_EDGE('',*,*,#2114,.T.);
#2853=ORIENTED_EDGE('',*,*,#2116,.F.);
#2854=ORIENTED_EDGE('',*,*,#2117,.F.);
#2855=ORIENTED_EDGE('',*,*,#2118,.F.);
#2856=ORIENTED_EDGE('',*,*,#2117,.T.);
#2857=ORIENTED_EDGE('',*,*,#2119,.F.);
#2858=ORIENTED_EDGE('',*,*,#2120,.F.);
#2859=ORIENTED_EDGE('',*,*,#2121,.F.);
#2860=ORIENTED_EDGE('',*,*,#2120,.T.);
#2861=ORIENTED_EDGE('',*,*,#2122,.F.);
#2862=ORIENTED_EDGE('',*,*,#2123,.F.);
#2863=ORIENTED_EDGE('',*,*,#2124,.F.);
#2864=ORIENTED_EDGE('',*,*,#2123,.T.);
#2865=ORIENTED_EDGE('',*,*,#2125,.F.);
#2866=ORIENTED_EDGE('',*,*,#2126,.F.);
#2867=ORIENTED_EDGE('',*,*,#2127,.F.);
#2868=ORIENTED_EDGE('',*,*,#2126,.T.);
#2869=ORIENTED_EDGE('',*,*,#2128,.F.);
#2870=ORIENTED_EDGE('',*,*,#2129,.F.);
#2871=ORIENTED_EDGE('',*,*,#2130,.F.);
#2872=ORIENTED_EDGE('',*,*,#2129,.T.);
#2873=ORIENTED_EDGE('',*,*,#2131,.F.);
#2874=ORIENTED_EDGE('',*,*,#2109,.F.);
#2875=ORIENTED_EDGE('',*,*,#2132,.F.);
#2876=ORIENTED_EDGE('',*,*,#2133,.T.);
#2877=ORIENTED_EDGE('',*,*,#2134,.F.);
#2878=ORIENTED_EDGE('',*,*,#2135,.F.);
#2879=ORIENTED_EDGE('',*,*,#2136,.F.);
#2880=ORIENTED_EDGE('',*,*,#2135,.T.);
#2881=ORIENTED_EDGE('',*,*,#2137,.F.);
#2882=ORIENTED_EDGE('',*,*,#2138,.F.);
#2883=ORIENTED_EDGE('',*,*,#2139,.F.);
#2884=ORIENTED_EDGE('',*,*,#2138,.T.);
#2885=ORIENTED_EDGE('',*,*,#2140,.F.);
#2886=ORIENTED_EDGE('',*,*,#2141,.F.);
#2887=ORIENTED_EDGE('',*,*,#2142,.F.);
#2888=ORIENTED_EDGE('',*,*,#2141,.T.);
#2889=ORIENTED_EDGE('',*,*,#2143,.F.);
#2890=ORIENTED_EDGE('',*,*,#2144,.F.);
#2891=ORIENTED_EDGE('',*,*,#2145,.F.);
#2892=ORIENTED_EDGE('',*,*,#2144,.T.);
#2893=ORIENTED_EDGE('',*,*,#2146,.F.);
#2894=ORIENTED_EDGE('',*,*,#2147,.F.);
#2895=ORIENTED_EDGE('',*,*,#2148,.F.);
#2896=ORIENTED_EDGE('',*,*,#2147,.T.);
#2897=ORIENTED_EDGE('',*,*,#2149,.F.);
#2898=ORIENTED_EDGE('',*,*,#2150,.F.);
#2899=ORIENTED_EDGE('',*,*,#2151,.F.);
#2900=ORIENTED_EDGE('',*,*,#2150,.T.);
#2901=ORIENTED_EDGE('',*,*,#2152,.F.);
#2902=ORIENTED_EDGE('',*,*,#2153,.F.);
#2903=ORIENTED_EDGE('',*,*,#2154,.F.);
#2904=ORIENTED_EDGE('',*,*,#2153,.T.);
#2905=ORIENTED_EDGE('',*,*,#2155,.F.);
#2906=ORIENTED_EDGE('',*,*,#2156,.F.);
#2907=ORIENTED_EDGE('',*,*,#2157,.F.);
#2908=ORIENTED_EDGE('',*,*,#2156,.T.);
#2909=ORIENTED_EDGE('',*,*,#2158,.F.);
#2910=ORIENTED_EDGE('',*,*,#2133,.F.);
#2911=ORIENTED_EDGE('',*,*,#2158,.T.);
#2912=ORIENTED_EDGE('',*,*,#2155,.T.);
#2913=ORIENTED_EDGE('',*,*,#2152,.T.);
#2914=ORIENTED_EDGE('',*,*,#2149,.T.);
#2915=ORIENTED_EDGE('',*,*,#2146,.T.);
#2916=ORIENTED_EDGE('',*,*,#2143,.T.);
#2917=ORIENTED_EDGE('',*,*,#2140,.T.);
#2918=ORIENTED_EDGE('',*,*,#2137,.T.);
#2919=ORIENTED_EDGE('',*,*,#2134,.T.);
#2920=ORIENTED_EDGE('',*,*,#2131,.T.);
#2921=ORIENTED_EDGE('',*,*,#2128,.T.);
#2922=ORIENTED_EDGE('',*,*,#2125,.T.);
#2923=ORIENTED_EDGE('',*,*,#2122,.T.);
#2924=ORIENTED_EDGE('',*,*,#2119,.T.);
#2925=ORIENTED_EDGE('',*,*,#2116,.T.);
#2926=ORIENTED_EDGE('',*,*,#2113,.T.);
#2927=ORIENTED_EDGE('',*,*,#2110,.T.);
#2928=ORIENTED_EDGE('',*,*,#2159,.F.);
#2929=ORIENTED_EDGE('',*,*,#2160,.F.);
#2930=ORIENTED_EDGE('',*,*,#2161,.F.);
#2931=ORIENTED_EDGE('',*,*,#2162,.F.);
#2932=ORIENTED_EDGE('',*,*,#2066,.T.);
#2933=ORIENTED_EDGE('',*,*,#2070,.T.);
#2934=ORIENTED_EDGE('',*,*,#2073,.T.);
#2935=ORIENTED_EDGE('',*,*,#2076,.T.);
#2936=ORIENTED_EDGE('',*,*,#2079,.T.);
#2937=ORIENTED_EDGE('',*,*,#2082,.T.);
#2938=ORIENTED_EDGE('',*,*,#2085,.T.);
#2939=ORIENTED_EDGE('',*,*,#2088,.T.);
#2940=ORIENTED_EDGE('',*,*,#2091,.T.);
#2941=ORIENTED_EDGE('',*,*,#2094,.T.);
#2942=ORIENTED_EDGE('',*,*,#2097,.T.);
#2943=ORIENTED_EDGE('',*,*,#2100,.T.);
#2944=ORIENTED_EDGE('',*,*,#2103,.T.);
#2945=ORIENTED_EDGE('',*,*,#2106,.T.);
#2946=ORIENTED_EDGE('',*,*,#2163,.T.);
#2947=ORIENTED_EDGE('',*,*,#2164,.T.);
#2948=ORIENTED_EDGE('',*,*,#2165,.T.);
#2949=ORIENTED_EDGE('',*,*,#2166,.T.);
#2950=ORIENTED_EDGE('',*,*,#2167,.T.);
#2951=ORIENTED_EDGE('',*,*,#2168,.T.);
#2952=ORIENTED_EDGE('',*,*,#2169,.T.);
#2953=ORIENTED_EDGE('',*,*,#2170,.T.);
#2954=ORIENTED_EDGE('',*,*,#2171,.T.);
#2955=ORIENTED_EDGE('',*,*,#2172,.T.);
#2956=ORIENTED_EDGE('',*,*,#2173,.T.);
#2957=ORIENTED_EDGE('',*,*,#2174,.T.);
#2958=ORIENTED_EDGE('',*,*,#2175,.T.);
#2959=ORIENTED_EDGE('',*,*,#2176,.T.);
#2960=ORIENTED_EDGE('',*,*,#2177,.T.);
#2961=ORIENTED_EDGE('',*,*,#2178,.T.);
#2962=ORIENTED_EDGE('',*,*,#2179,.T.);
#2963=ORIENTED_EDGE('',*,*,#2180,.T.);
#2964=ORIENTED_EDGE('',*,*,#2181,.T.);
#2965=ORIENTED_EDGE('',*,*,#2182,.T.);
#2966=ORIENTED_EDGE('',*,*,#2183,.T.);
#2967=ORIENTED_EDGE('',*,*,#2184,.T.);
#2968=ORIENTED_EDGE('',*,*,#2185,.T.);
#2969=ORIENTED_EDGE('',*,*,#2186,.T.);
#2970=ORIENTED_EDGE('',*,*,#2187,.T.);
#2971=ORIENTED_EDGE('',*,*,#2188,.T.);
#2972=ORIENTED_EDGE('',*,*,#2189,.T.);
#2973=ORIENTED_EDGE('',*,*,#2190,.T.);
#2974=ORIENTED_EDGE('',*,*,#2191,.T.);
#2975=ORIENTED_EDGE('',*,*,#2192,.T.);
#2976=ORIENTED_EDGE('',*,*,#2193,.T.);
#2977=ORIENTED_EDGE('',*,*,#2194,.T.);
#2978=ORIENTED_EDGE('',*,*,#2195,.T.);
#2979=ORIENTED_EDGE('',*,*,#2196,.T.);
#2980=ORIENTED_EDGE('',*,*,#2197,.T.);
#2981=ORIENTED_EDGE('',*,*,#2198,.T.);
#2982=ORIENTED_EDGE('',*,*,#2199,.T.);
#2983=ORIENTED_EDGE('',*,*,#2200,.T.);
#2984=ORIENTED_EDGE('',*,*,#2201,.T.);
#2985=ORIENTED_EDGE('',*,*,#2202,.T.);
#2986=ORIENTED_EDGE('',*,*,#2203,.T.);
#2987=ORIENTED_EDGE('',*,*,#2204,.T.);
#2988=ORIENTED_EDGE('',*,*,#2205,.T.);
#2989=ORIENTED_EDGE('',*,*,#2206,.T.);
#2990=ORIENTED_EDGE('',*,*,#2207,.T.);
#2991=ORIENTED_EDGE('',*,*,#2208,.T.);
#2992=ORIENTED_EDGE('',*,*,#2209,.T.);
#2993=ORIENTED_EDGE('',*,*,#2210,.T.);
#2994=ORIENTED_EDGE('',*,*,#2211,.T.);
#2995=ORIENTED_EDGE('',*,*,#2212,.T.);
#2996=ORIENTED_EDGE('',*,*,#2213,.T.);
#2997=ORIENTED_EDGE('',*,*,#2214,.T.);
#2998=ORIENTED_EDGE('',*,*,#2215,.T.);
#2999=ORIENTED_EDGE('',*,*,#2216,.T.);
#3000=ORIENTED_EDGE('',*,*,#2217,.T.);
#3001=ORIENTED_EDGE('',*,*,#2218,.T.);
#3002=ORIENTED_EDGE('',*,*,#2219,.T.);
#3003=ORIENTED_EDGE('',*,*,#2220,.T.);
#3004=ORIENTED_EDGE('',*,*,#2221,.T.);
#3005=ORIENTED_EDGE('',*,*,#2222,.T.);
#3006=ORIENTED_EDGE('',*,*,#2223,.T.);
#3007=ORIENTED_EDGE('',*,*,#2224,.T.);
#3008=ORIENTED_EDGE('',*,*,#2225,.T.);
#3009=ORIENTED_EDGE('',*,*,#2132,.T.);
#3010=ORIENTED_EDGE('',*,*,#2136,.T.);
#3011=ORIENTED_EDGE('',*,*,#2139,.T.);
#3012=ORIENTED_EDGE('',*,*,#2142,.T.);
#3013=ORIENTED_EDGE('',*,*,#2145,.T.);
#3014=ORIENTED_EDGE('',*,*,#2148,.T.);
#3015=ORIENTED_EDGE('',*,*,#2151,.T.);
#3016=ORIENTED_EDGE('',*,*,#2154,.T.);
#3017=ORIENTED_EDGE('',*,*,#2157,.T.);
#3018=ORIENTED_EDGE('',*,*,#1943,.T.);
#3019=ORIENTED_EDGE('',*,*,#1947,.T.);
#3020=ORIENTED_EDGE('',*,*,#1950,.T.);
#3021=ORIENTED_EDGE('',*,*,#1953,.T.);
#3022=ORIENTED_EDGE('',*,*,#1956,.T.);
#3023=ORIENTED_EDGE('',*,*,#1959,.T.);
#3024=ORIENTED_EDGE('',*,*,#1962,.T.);
#3025=ORIENTED_EDGE('',*,*,#1965,.T.);
#3026=ORIENTED_EDGE('',*,*,#1968,.T.);
#3027=ORIENTED_EDGE('',*,*,#1971,.T.);
#3028=ORIENTED_EDGE('',*,*,#1974,.T.);
#3029=ORIENTED_EDGE('',*,*,#1977,.T.);
#3030=ORIENTED_EDGE('',*,*,#1980,.T.);
#3031=ORIENTED_EDGE('',*,*,#1983,.T.);
#3032=ORIENTED_EDGE('',*,*,#1986,.T.);
#3033=ORIENTED_EDGE('',*,*,#1989,.T.);
#3034=ORIENTED_EDGE('',*,*,#1992,.T.);
#3035=ORIENTED_EDGE('',*,*,#1995,.T.);
#3036=ORIENTED_EDGE('',*,*,#1998,.T.);
#3037=ORIENTED_EDGE('',*,*,#2001,.T.);
#3038=ORIENTED_EDGE('',*,*,#2004,.T.);
#3039=ORIENTED_EDGE('',*,*,#2007,.T.);
#3040=ORIENTED_EDGE('',*,*,#2010,.T.);
#3041=ORIENTED_EDGE('',*,*,#2013,.T.);
#3042=ORIENTED_EDGE('',*,*,#2016,.T.);
#3043=ORIENTED_EDGE('',*,*,#2019,.T.);
#3044=ORIENTED_EDGE('',*,*,#2022,.T.);
#3045=ORIENTED_EDGE('',*,*,#2025,.T.);
#3046=ORIENTED_EDGE('',*,*,#2028,.T.);
#3047=ORIENTED_EDGE('',*,*,#2031,.T.);
#3048=ORIENTED_EDGE('',*,*,#2034,.T.);
#3049=ORIENTED_EDGE('',*,*,#2037,.T.);
#3050=ORIENTED_EDGE('',*,*,#2040,.T.);
#3051=ORIENTED_EDGE('',*,*,#1886,.T.);
#3052=ORIENTED_EDGE('',*,*,#1890,.T.);
#3053=ORIENTED_EDGE('',*,*,#1893,.T.);
#3054=ORIENTED_EDGE('',*,*,#1896,.T.);
#3055=ORIENTED_EDGE('',*,*,#1899,.T.);
#3056=ORIENTED_EDGE('',*,*,#1902,.T.);
#3057=ORIENTED_EDGE('',*,*,#1905,.T.);
#3058=ORIENTED_EDGE('',*,*,#1908,.T.);
#3059=ORIENTED_EDGE('',*,*,#1911,.T.);
#3060=ORIENTED_EDGE('',*,*,#1914,.T.);
#3061=ORIENTED_EDGE('',*,*,#1917,.T.);
#3062=ORIENTED_EDGE('',*,*,#1920,.T.);
#3063=ORIENTED_EDGE('',*,*,#1923,.T.);
#3064=ORIENTED_EDGE('',*,*,#1926,.T.);
#3065=ORIENTED_EDGE('',*,*,#1929,.T.);
#3066=ORIENTED_EDGE('',*,*,#1932,.T.);
#3067=ORIENTED_EDGE('',*,*,#1935,.T.);
#3068=ORIENTED_EDGE('',*,*,#1938,.T.);
#3069=ORIENTED_EDGE('',*,*,#1941,.T.);
#3070=ORIENTED_EDGE('',*,*,#2226,.F.);
#3071=ORIENTED_EDGE('',*,*,#2227,.T.);
#3072=ORIENTED_EDGE('',*,*,#2228,.F.);
#3073=ORIENTED_EDGE('',*,*,#2229,.F.);
#3074=ORIENTED_EDGE('',*,*,#2230,.F.);
#3075=ORIENTED_EDGE('',*,*,#2229,.T.);
#3076=ORIENTED_EDGE('',*,*,#2231,.F.);
#3077=ORIENTED_EDGE('',*,*,#2232,.F.);
#3078=ORIENTED_EDGE('',*,*,#2233,.F.);
#3079=ORIENTED_EDGE('',*,*,#2232,.T.);
#3080=ORIENTED_EDGE('',*,*,#2234,.F.);
#3081=ORIENTED_EDGE('',*,*,#2235,.F.);
#3082=ORIENTED_EDGE('',*,*,#2236,.F.);
#3083=ORIENTED_EDGE('',*,*,#2235,.T.);
#3084=ORIENTED_EDGE('',*,*,#2237,.F.);
#3085=ORIENTED_EDGE('',*,*,#2238,.F.);
#3086=ORIENTED_EDGE('',*,*,#2239,.F.);
#3087=ORIENTED_EDGE('',*,*,#2238,.T.);
#3088=ORIENTED_EDGE('',*,*,#2240,.F.);
#3089=ORIENTED_EDGE('',*,*,#2241,.F.);
#3090=ORIENTED_EDGE('',*,*,#2242,.F.);
#3091=ORIENTED_EDGE('',*,*,#2241,.T.);
#3092=ORIENTED_EDGE('',*,*,#2243,.F.);
#3093=ORIENTED_EDGE('',*,*,#2244,.F.);
#3094=ORIENTED_EDGE('',*,*,#2245,.F.);
#3095=ORIENTED_EDGE('',*,*,#2244,.T.);
#3096=ORIENTED_EDGE('',*,*,#2246,.F.);
#3097=ORIENTED_EDGE('',*,*,#2247,.F.);
#3098=ORIENTED_EDGE('',*,*,#2248,.F.);
#3099=ORIENTED_EDGE('',*,*,#2247,.T.);
#3100=ORIENTED_EDGE('',*,*,#2249,.F.);
#3101=ORIENTED_EDGE('',*,*,#2227,.F.);
#3102=ORIENTED_EDGE('',*,*,#2163,.F.);
#3103=ORIENTED_EDGE('',*,*,#2250,.T.);
#3104=ORIENTED_EDGE('',*,*,#2251,.F.);
#3105=ORIENTED_EDGE('',*,*,#2252,.F.);
#3106=ORIENTED_EDGE('',*,*,#2164,.F.);
#3107=ORIENTED_EDGE('',*,*,#2252,.T.);
#3108=ORIENTED_EDGE('',*,*,#2253,.F.);
#3109=ORIENTED_EDGE('',*,*,#2254,.F.);
#3110=ORIENTED_EDGE('',*,*,#2165,.F.);
#3111=ORIENTED_EDGE('',*,*,#2254,.T.);
#3112=ORIENTED_EDGE('',*,*,#2255,.F.);
#3113=ORIENTED_EDGE('',*,*,#2256,.F.);
#3114=ORIENTED_EDGE('',*,*,#2166,.F.);
#3115=ORIENTED_EDGE('',*,*,#2256,.T.);
#3116=ORIENTED_EDGE('',*,*,#2257,.F.);
#3117=ORIENTED_EDGE('',*,*,#2258,.F.);
#3118=ORIENTED_EDGE('',*,*,#2167,.F.);
#3119=ORIENTED_EDGE('',*,*,#2258,.T.);
#3120=ORIENTED_EDGE('',*,*,#2259,.F.);
#3121=ORIENTED_EDGE('',*,*,#2260,.F.);
#3122=ORIENTED_EDGE('',*,*,#2168,.F.);
#3123=ORIENTED_EDGE('',*,*,#2260,.T.);
#3124=ORIENTED_EDGE('',*,*,#2261,.F.);
#3125=ORIENTED_EDGE('',*,*,#2262,.F.);
#3126=ORIENTED_EDGE('',*,*,#2169,.F.);
#3127=ORIENTED_EDGE('',*,*,#2262,.T.);
#3128=ORIENTED_EDGE('',*,*,#2263,.F.);
#3129=ORIENTED_EDGE('',*,*,#2264,.F.);
#3130=ORIENTED_EDGE('',*,*,#2170,.F.);
#3131=ORIENTED_EDGE('',*,*,#2264,.T.);
#3132=ORIENTED_EDGE('',*,*,#2265,.F.);
#3133=ORIENTED_EDGE('',*,*,#2266,.F.);
#3134=ORIENTED_EDGE('',*,*,#2171,.F.);
#3135=ORIENTED_EDGE('',*,*,#2266,.T.);
#3136=ORIENTED_EDGE('',*,*,#2267,.F.);
#3137=ORIENTED_EDGE('',*,*,#2250,.F.);
#3138=ORIENTED_EDGE('',*,*,#2267,.T.);
#3139=ORIENTED_EDGE('',*,*,#2265,.T.);
#3140=ORIENTED_EDGE('',*,*,#2263,.T.);
#3141=ORIENTED_EDGE('',*,*,#2261,.T.);
#3142=ORIENTED_EDGE('',*,*,#2259,.T.);
#3143=ORIENTED_EDGE('',*,*,#2257,.T.);
#3144=ORIENTED_EDGE('',*,*,#2255,.T.);
#3145=ORIENTED_EDGE('',*,*,#2253,.T.);
#3146=ORIENTED_EDGE('',*,*,#2251,.T.);
#3147=ORIENTED_EDGE('',*,*,#2249,.T.);
#3148=ORIENTED_EDGE('',*,*,#2246,.T.);
#3149=ORIENTED_EDGE('',*,*,#2243,.T.);
#3150=ORIENTED_EDGE('',*,*,#2240,.T.);
#3151=ORIENTED_EDGE('',*,*,#2237,.T.);
#3152=ORIENTED_EDGE('',*,*,#2234,.T.);
#3153=ORIENTED_EDGE('',*,*,#2231,.T.);
#3154=ORIENTED_EDGE('',*,*,#2228,.T.);
#3155=ORIENTED_EDGE('',*,*,#2108,.T.);
#3156=ORIENTED_EDGE('',*,*,#2112,.T.);
#3157=ORIENTED_EDGE('',*,*,#2115,.T.);
#3158=ORIENTED_EDGE('',*,*,#2118,.T.);
#3159=ORIENTED_EDGE('',*,*,#2121,.T.);
#3160=ORIENTED_EDGE('',*,*,#2124,.T.);
#3161=ORIENTED_EDGE('',*,*,#2127,.T.);
#3162=ORIENTED_EDGE('',*,*,#2130,.T.);
#3163=ORIENTED_EDGE('',*,*,#2172,.F.);
#3164=ORIENTED_EDGE('',*,*,#2268,.T.);
#3165=ORIENTED_EDGE('',*,*,#2269,.F.);
#3166=ORIENTED_EDGE('',*,*,#2270,.F.);
#3167=ORIENTED_EDGE('',*,*,#2173,.F.);
#3168=ORIENTED_EDGE('',*,*,#2270,.T.);
#3169=ORIENTED_EDGE('',*,*,#2271,.F.);
#3170=ORIENTED_EDGE('',*,*,#2272,.F.);
#3171=ORIENTED_EDGE('',*,*,#2174,.F.);
#3172=ORIENTED_EDGE('',*,*,#2272,.T.);
#3173=ORIENTED_EDGE('',*,*,#2273,.F.);
#3174=ORIENTED_EDGE('',*,*,#2274,.F.);
#3175=ORIENTED_EDGE('',*,*,#2175,.F.);
#3176=ORIENTED_EDGE('',*,*,#2274,.T.);
#3177=ORIENTED_EDGE('',*,*,#2275,.F.);
#3178=ORIENTED_EDGE('',*,*,#2276,.F.);
#3179=ORIENTED_EDGE('',*,*,#2176,.F.);
#3180=ORIENTED_EDGE('',*,*,#2276,.T.);
#3181=ORIENTED_EDGE('',*,*,#2277,.F.);
#3182=ORIENTED_EDGE('',*,*,#2278,.F.);
#3183=ORIENTED_EDGE('',*,*,#2177,.F.);
#3184=ORIENTED_EDGE('',*,*,#2278,.T.);
#3185=ORIENTED_EDGE('',*,*,#2279,.F.);
#3186=ORIENTED_EDGE('',*,*,#2280,.F.);
#3187=ORIENTED_EDGE('',*,*,#2178,.F.);
#3188=ORIENTED_EDGE('',*,*,#2280,.T.);
#3189=ORIENTED_EDGE('',*,*,#2281,.F.);
#3190=ORIENTED_EDGE('',*,*,#2282,.F.);
#3191=ORIENTED_EDGE('',*,*,#2179,.F.);
#3192=ORIENTED_EDGE('',*,*,#2282,.T.);
#3193=ORIENTED_EDGE('',*,*,#2283,.F.);
#3194=ORIENTED_EDGE('',*,*,#2284,.F.);
#3195=ORIENTED_EDGE('',*,*,#2180,.F.);
#3196=ORIENTED_EDGE('',*,*,#2284,.T.);
#3197=ORIENTED_EDGE('',*,*,#2285,.F.);
#3198=ORIENTED_EDGE('',*,*,#2286,.F.);
#3199=ORIENTED_EDGE('',*,*,#2181,.F.);
#3200=ORIENTED_EDGE('',*,*,#2286,.T.);
#3201=ORIENTED_EDGE('',*,*,#2287,.F.);
#3202=ORIENTED_EDGE('',*,*,#2288,.F.);
#3203=ORIENTED_EDGE('',*,*,#2182,.F.);
#3204=ORIENTED_EDGE('',*,*,#2288,.T.);
#3205=ORIENTED_EDGE('',*,*,#2289,.F.);
#3206=ORIENTED_EDGE('',*,*,#2290,.F.);
#3207=ORIENTED_EDGE('',*,*,#2183,.F.);
#3208=ORIENTED_EDGE('',*,*,#2290,.T.);
#3209=ORIENTED_EDGE('',*,*,#2291,.F.);
#3210=ORIENTED_EDGE('',*,*,#2292,.F.);
#3211=ORIENTED_EDGE('',*,*,#2184,.F.);
#3212=ORIENTED_EDGE('',*,*,#2292,.T.);
#3213=ORIENTED_EDGE('',*,*,#2293,.F.);
#3214=ORIENTED_EDGE('',*,*,#2294,.F.);
#3215=ORIENTED_EDGE('',*,*,#2185,.F.);
#3216=ORIENTED_EDGE('',*,*,#2294,.T.);
#3217=ORIENTED_EDGE('',*,*,#2295,.F.);
#3218=ORIENTED_EDGE('',*,*,#2296,.F.);
#3219=ORIENTED_EDGE('',*,*,#2186,.F.);
#3220=ORIENTED_EDGE('',*,*,#2296,.T.);
#3221=ORIENTED_EDGE('',*,*,#2297,.F.);
#3222=ORIENTED_EDGE('',*,*,#2298,.F.);
#3223=ORIENTED_EDGE('',*,*,#2187,.F.);
#3224=ORIENTED_EDGE('',*,*,#2298,.T.);
#3225=ORIENTED_EDGE('',*,*,#2299,.F.);
#3226=ORIENTED_EDGE('',*,*,#2300,.F.);
#3227=ORIENTED_EDGE('',*,*,#2188,.F.);
#3228=ORIENTED_EDGE('',*,*,#2300,.T.);
#3229=ORIENTED_EDGE('',*,*,#2301,.F.);
#3230=ORIENTED_EDGE('',*,*,#2302,.F.);
#3231=ORIENTED_EDGE('',*,*,#2189,.F.);
#3232=ORIENTED_EDGE('',*,*,#2302,.T.);
#3233=ORIENTED_EDGE('',*,*,#2303,.F.);
#3234=ORIENTED_EDGE('',*,*,#2304,.F.);
#3235=ORIENTED_EDGE('',*,*,#2190,.F.);
#3236=ORIENTED_EDGE('',*,*,#2304,.T.);
#3237=ORIENTED_EDGE('',*,*,#2305,.F.);
#3238=ORIENTED_EDGE('',*,*,#2268,.F.);
#3239=ORIENTED_EDGE('',*,*,#2305,.T.);
#3240=ORIENTED_EDGE('',*,*,#2303,.T.);
#3241=ORIENTED_EDGE('',*,*,#2301,.T.);
#3242=ORIENTED_EDGE('',*,*,#2299,.T.);
#3243=ORIENTED_EDGE('',*,*,#2297,.T.);
#3244=ORIENTED_EDGE('',*,*,#2295,.T.);
#3245=ORIENTED_EDGE('',*,*,#2293,.T.);
#3246=ORIENTED_EDGE('',*,*,#2291,.T.);
#3247=ORIENTED_EDGE('',*,*,#2289,.T.);
#3248=ORIENTED_EDGE('',*,*,#2287,.T.);
#3249=ORIENTED_EDGE('',*,*,#2285,.T.);
#3250=ORIENTED_EDGE('',*,*,#2283,.T.);
#3251=ORIENTED_EDGE('',*,*,#2281,.T.);
#3252=ORIENTED_EDGE('',*,*,#2279,.T.);
#3253=ORIENTED_EDGE('',*,*,#2277,.T.);
#3254=ORIENTED_EDGE('',*,*,#2275,.T.);
#3255=ORIENTED_EDGE('',*,*,#2273,.T.);
#3256=ORIENTED_EDGE('',*,*,#2271,.T.);
#3257=ORIENTED_EDGE('',*,*,#2269,.T.);
#3258=ORIENTED_EDGE('',*,*,#2191,.F.);
#3259=ORIENTED_EDGE('',*,*,#2306,.T.);
#3260=ORIENTED_EDGE('',*,*,#2307,.F.);
#3261=ORIENTED_EDGE('',*,*,#2308,.F.);
#3262=ORIENTED_EDGE('',*,*,#2192,.F.);
#3263=ORIENTED_EDGE('',*,*,#2308,.T.);
#3264=ORIENTED_EDGE('',*,*,#2309,.F.);
#3265=ORIENTED_EDGE('',*,*,#2310,.F.);
#3266=ORIENTED_EDGE('',*,*,#2193,.F.);
#3267=ORIENTED_EDGE('',*,*,#2310,.T.);
#3268=ORIENTED_EDGE('',*,*,#2311,.F.);
#3269=ORIENTED_EDGE('',*,*,#2312,.F.);
#3270=ORIENTED_EDGE('',*,*,#2194,.F.);
#3271=ORIENTED_EDGE('',*,*,#2312,.T.);
#3272=ORIENTED_EDGE('',*,*,#2313,.F.);
#3273=ORIENTED_EDGE('',*,*,#2314,.F.);
#3274=ORIENTED_EDGE('',*,*,#2195,.F.);
#3275=ORIENTED_EDGE('',*,*,#2314,.T.);
#3276=ORIENTED_EDGE('',*,*,#2315,.F.);
#3277=ORIENTED_EDGE('',*,*,#2316,.F.);
#3278=ORIENTED_EDGE('',*,*,#2196,.F.);
#3279=ORIENTED_EDGE('',*,*,#2316,.T.);
#3280=ORIENTED_EDGE('',*,*,#2317,.F.);
#3281=ORIENTED_EDGE('',*,*,#2318,.F.);
#3282=ORIENTED_EDGE('',*,*,#2197,.F.);
#3283=ORIENTED_EDGE('',*,*,#2318,.T.);
#3284=ORIENTED_EDGE('',*,*,#2319,.F.);
#3285=ORIENTED_EDGE('',*,*,#2320,.F.);
#3286=ORIENTED_EDGE('',*,*,#2198,.F.);
#3287=ORIENTED_EDGE('',*,*,#2320,.T.);
#3288=ORIENTED_EDGE('',*,*,#2321,.F.);
#3289=ORIENTED_EDGE('',*,*,#2322,.F.);
#3290=ORIENTED_EDGE('',*,*,#2199,.F.);
#3291=ORIENTED_EDGE('',*,*,#2322,.T.);
#3292=ORIENTED_EDGE('',*,*,#2323,.F.);
#3293=ORIENTED_EDGE('',*,*,#2324,.F.);
#3294=ORIENTED_EDGE('',*,*,#2200,.F.);
#3295=ORIENTED_EDGE('',*,*,#2324,.T.);
#3296=ORIENTED_EDGE('',*,*,#2325,.F.);
#3297=ORIENTED_EDGE('',*,*,#2326,.F.);
#3298=ORIENTED_EDGE('',*,*,#2201,.F.);
#3299=ORIENTED_EDGE('',*,*,#2326,.T.);
#3300=ORIENTED_EDGE('',*,*,#2327,.F.);
#3301=ORIENTED_EDGE('',*,*,#2328,.F.);
#3302=ORIENTED_EDGE('',*,*,#2202,.F.);
#3303=ORIENTED_EDGE('',*,*,#2328,.T.);
#3304=ORIENTED_EDGE('',*,*,#2329,.F.);
#3305=ORIENTED_EDGE('',*,*,#2330,.F.);
#3306=ORIENTED_EDGE('',*,*,#2203,.F.);
#3307=ORIENTED_EDGE('',*,*,#2330,.T.);
#3308=ORIENTED_EDGE('',*,*,#2331,.F.);
#3309=ORIENTED_EDGE('',*,*,#2332,.F.);
#3310=ORIENTED_EDGE('',*,*,#2204,.F.);
#3311=ORIENTED_EDGE('',*,*,#2332,.T.);
#3312=ORIENTED_EDGE('',*,*,#2333,.F.);
#3313=ORIENTED_EDGE('',*,*,#2334,.F.);
#3314=ORIENTED_EDGE('',*,*,#2205,.F.);
#3315=ORIENTED_EDGE('',*,*,#2334,.T.);
#3316=ORIENTED_EDGE('',*,*,#2335,.F.);
#3317=ORIENTED_EDGE('',*,*,#2336,.F.);
#3318=ORIENTED_EDGE('',*,*,#2206,.F.);
#3319=ORIENTED_EDGE('',*,*,#2336,.T.);
#3320=ORIENTED_EDGE('',*,*,#2337,.F.);
#3321=ORIENTED_EDGE('',*,*,#2338,.F.);
#3322=ORIENTED_EDGE('',*,*,#2207,.F.);
#3323=ORIENTED_EDGE('',*,*,#2338,.T.);
#3324=ORIENTED_EDGE('',*,*,#2339,.F.);
#3325=ORIENTED_EDGE('',*,*,#2340,.F.);
#3326=ORIENTED_EDGE('',*,*,#2208,.F.);
#3327=ORIENTED_EDGE('',*,*,#2340,.T.);
#3328=ORIENTED_EDGE('',*,*,#2341,.F.);
#3329=ORIENTED_EDGE('',*,*,#2342,.F.);
#3330=ORIENTED_EDGE('',*,*,#2209,.F.);
#3331=ORIENTED_EDGE('',*,*,#2342,.T.);
#3332=ORIENTED_EDGE('',*,*,#2343,.F.);
#3333=ORIENTED_EDGE('',*,*,#2344,.F.);
#3334=ORIENTED_EDGE('',*,*,#2210,.F.);
#3335=ORIENTED_EDGE('',*,*,#2344,.T.);
#3336=ORIENTED_EDGE('',*,*,#2345,.F.);
#3337=ORIENTED_EDGE('',*,*,#2306,.F.);
#3338=ORIENTED_EDGE('',*,*,#2345,.T.);
#3339=ORIENTED_EDGE('',*,*,#2343,.T.);
#3340=ORIENTED_EDGE('',*,*,#2341,.T.);
#3341=ORIENTED_EDGE('',*,*,#2339,.T.);
#3342=ORIENTED_EDGE('',*,*,#2337,.T.);
#3343=ORIENTED_EDGE('',*,*,#2335,.T.);
#3344=ORIENTED_EDGE('',*,*,#2333,.T.);
#3345=ORIENTED_EDGE('',*,*,#2331,.T.);
#3346=ORIENTED_EDGE('',*,*,#2329,.T.);
#3347=ORIENTED_EDGE('',*,*,#2327,.T.);
#3348=ORIENTED_EDGE('',*,*,#2325,.T.);
#3349=ORIENTED_EDGE('',*,*,#2323,.T.);
#3350=ORIENTED_EDGE('',*,*,#2321,.T.);
#3351=ORIENTED_EDGE('',*,*,#2319,.T.);
#3352=ORIENTED_EDGE('',*,*,#2317,.T.);
#3353=ORIENTED_EDGE('',*,*,#2315,.T.);
#3354=ORIENTED_EDGE('',*,*,#2313,.T.);
#3355=ORIENTED_EDGE('',*,*,#2311,.T.);
#3356=ORIENTED_EDGE('',*,*,#2309,.T.);
#3357=ORIENTED_EDGE('',*,*,#2307,.T.);
#3358=ORIENTED_EDGE('',*,*,#2346,.F.);
#3359=ORIENTED_EDGE('',*,*,#2347,.T.);
#3360=ORIENTED_EDGE('',*,*,#2348,.F.);
#3361=ORIENTED_EDGE('',*,*,#2349,.F.);
#3362=ORIENTED_EDGE('',*,*,#2350,.F.);
#3363=ORIENTED_EDGE('',*,*,#2349,.T.);
#3364=ORIENTED_EDGE('',*,*,#2351,.F.);
#3365=ORIENTED_EDGE('',*,*,#2352,.F.);
#3366=ORIENTED_EDGE('',*,*,#2353,.F.);
#3367=ORIENTED_EDGE('',*,*,#2352,.T.);
#3368=ORIENTED_EDGE('',*,*,#2354,.F.);
#3369=ORIENTED_EDGE('',*,*,#2355,.F.);
#3370=ORIENTED_EDGE('',*,*,#2356,.F.);
#3371=ORIENTED_EDGE('',*,*,#2355,.T.);
#3372=ORIENTED_EDGE('',*,*,#2357,.F.);
#3373=ORIENTED_EDGE('',*,*,#2358,.F.);
#3374=ORIENTED_EDGE('',*,*,#2359,.F.);
#3375=ORIENTED_EDGE('',*,*,#2358,.T.);
#3376=ORIENTED_EDGE('',*,*,#2360,.F.);
#3377=ORIENTED_EDGE('',*,*,#2347,.F.);
#3378=ORIENTED_EDGE('',*,*,#2211,.F.);
#3379=ORIENTED_EDGE('',*,*,#2361,.T.);
#3380=ORIENTED_EDGE('',*,*,#2362,.F.);
#3381=ORIENTED_EDGE('',*,*,#2363,.F.);
#3382=ORIENTED_EDGE('',*,*,#2212,.F.);
#3383=ORIENTED_EDGE('',*,*,#2363,.T.);
#3384=ORIENTED_EDGE('',*,*,#2364,.F.);
#3385=ORIENTED_EDGE('',*,*,#2365,.F.);
#3386=ORIENTED_EDGE('',*,*,#2213,.F.);
#3387=ORIENTED_EDGE('',*,*,#2365,.T.);
#3388=ORIENTED_EDGE('',*,*,#2366,.F.);
#3389=ORIENTED_EDGE('',*,*,#2367,.F.);
#3390=ORIENTED_EDGE('',*,*,#2214,.F.);
#3391=ORIENTED_EDGE('',*,*,#2367,.T.);
#3392=ORIENTED_EDGE('',*,*,#2368,.F.);
#3393=ORIENTED_EDGE('',*,*,#2369,.F.);
#3394=ORIENTED_EDGE('',*,*,#2215,.F.);
#3395=ORIENTED_EDGE('',*,*,#2369,.T.);
#3396=ORIENTED_EDGE('',*,*,#2370,.F.);
#3397=ORIENTED_EDGE('',*,*,#2371,.F.);
#3398=ORIENTED_EDGE('',*,*,#2216,.F.);
#3399=ORIENTED_EDGE('',*,*,#2371,.T.);
#3400=ORIENTED_EDGE('',*,*,#2372,.F.);
#3401=ORIENTED_EDGE('',*,*,#2373,.F.);
#3402=ORIENTED_EDGE('',*,*,#2217,.F.);
#3403=ORIENTED_EDGE('',*,*,#2373,.T.);
#3404=ORIENTED_EDGE('',*,*,#2374,.F.);
#3405=ORIENTED_EDGE('',*,*,#2375,.F.);
#3406=ORIENTED_EDGE('',*,*,#2218,.F.);
#3407=ORIENTED_EDGE('',*,*,#2375,.T.);
#3408=ORIENTED_EDGE('',*,*,#2376,.F.);
#3409=ORIENTED_EDGE('',*,*,#2377,.F.);
#3410=ORIENTED_EDGE('',*,*,#2219,.F.);
#3411=ORIENTED_EDGE('',*,*,#2377,.T.);
#3412=ORIENTED_EDGE('',*,*,#2378,.F.);
#3413=ORIENTED_EDGE('',*,*,#2379,.F.);
#3414=ORIENTED_EDGE('',*,*,#2220,.F.);
#3415=ORIENTED_EDGE('',*,*,#2379,.T.);
#3416=ORIENTED_EDGE('',*,*,#2380,.F.);
#3417=ORIENTED_EDGE('',*,*,#2381,.F.);
#3418=ORIENTED_EDGE('',*,*,#2221,.F.);
#3419=ORIENTED_EDGE('',*,*,#2381,.T.);
#3420=ORIENTED_EDGE('',*,*,#2382,.F.);
#3421=ORIENTED_EDGE('',*,*,#2383,.F.);
#3422=ORIENTED_EDGE('',*,*,#2222,.F.);
#3423=ORIENTED_EDGE('',*,*,#2383,.T.);
#3424=ORIENTED_EDGE('',*,*,#2384,.F.);
#3425=ORIENTED_EDGE('',*,*,#2385,.F.);
#3426=ORIENTED_EDGE('',*,*,#2223,.F.);
#3427=ORIENTED_EDGE('',*,*,#2385,.T.);
#3428=ORIENTED_EDGE('',*,*,#2386,.F.);
#3429=ORIENTED_EDGE('',*,*,#2387,.F.);
#3430=ORIENTED_EDGE('',*,*,#2224,.F.);
#3431=ORIENTED_EDGE('',*,*,#2387,.T.);
#3432=ORIENTED_EDGE('',*,*,#2388,.F.);
#3433=ORIENTED_EDGE('',*,*,#2389,.F.);
#3434=ORIENTED_EDGE('',*,*,#2225,.F.);
#3435=ORIENTED_EDGE('',*,*,#2389,.T.);
#3436=ORIENTED_EDGE('',*,*,#2390,.F.);
#3437=ORIENTED_EDGE('',*,*,#2361,.F.);
#3438=ORIENTED_EDGE('',*,*,#2390,.T.);
#3439=ORIENTED_EDGE('',*,*,#2388,.T.);
#3440=ORIENTED_EDGE('',*,*,#2386,.T.);
#3441=ORIENTED_EDGE('',*,*,#2384,.T.);
#3442=ORIENTED_EDGE('',*,*,#2382,.T.);
#3443=ORIENTED_EDGE('',*,*,#2380,.T.);
#3444=ORIENTED_EDGE('',*,*,#2378,.T.);
#3445=ORIENTED_EDGE('',*,*,#2376,.T.);
#3446=ORIENTED_EDGE('',*,*,#2374,.T.);
#3447=ORIENTED_EDGE('',*,*,#2372,.T.);
#3448=ORIENTED_EDGE('',*,*,#2370,.T.);
#3449=ORIENTED_EDGE('',*,*,#2368,.T.);
#3450=ORIENTED_EDGE('',*,*,#2366,.T.);
#3451=ORIENTED_EDGE('',*,*,#2364,.T.);
#3452=ORIENTED_EDGE('',*,*,#2362,.T.);
#3453=ORIENTED_EDGE('',*,*,#2360,.T.);
#3454=ORIENTED_EDGE('',*,*,#2357,.T.);
#3455=ORIENTED_EDGE('',*,*,#2354,.T.);
#3456=ORIENTED_EDGE('',*,*,#2351,.T.);
#3457=ORIENTED_EDGE('',*,*,#2348,.T.);
#3458=ORIENTED_EDGE('',*,*,#2226,.T.);
#3459=ORIENTED_EDGE('',*,*,#2230,.T.);
#3460=ORIENTED_EDGE('',*,*,#2233,.T.);
#3461=ORIENTED_EDGE('',*,*,#2236,.T.);
#3462=ORIENTED_EDGE('',*,*,#2239,.T.);
#3463=ORIENTED_EDGE('',*,*,#2242,.T.);
#3464=ORIENTED_EDGE('',*,*,#2245,.T.);
#3465=ORIENTED_EDGE('',*,*,#2248,.T.);
#3466=ORIENTED_EDGE('',*,*,#2160,.T.);
#3467=ORIENTED_EDGE('',*,*,#2391,.T.);
#3468=ORIENTED_EDGE('',*,*,#2392,.F.);
#3469=ORIENTED_EDGE('',*,*,#2393,.F.);
#3470=ORIENTED_EDGE('',*,*,#2161,.T.);
#3471=ORIENTED_EDGE('',*,*,#2393,.T.);
#3472=ORIENTED_EDGE('',*,*,#2394,.F.);
#3473=ORIENTED_EDGE('',*,*,#2395,.F.);
#3474=ORIENTED_EDGE('',*,*,#2162,.T.);
#3475=ORIENTED_EDGE('',*,*,#2395,.T.);
#3476=ORIENTED_EDGE('',*,*,#2396,.F.);
#3477=ORIENTED_EDGE('',*,*,#2397,.F.);
#3478=ORIENTED_EDGE('',*,*,#2159,.T.);
#3479=ORIENTED_EDGE('',*,*,#2397,.T.);
#3480=ORIENTED_EDGE('',*,*,#2398,.F.);
#3481=ORIENTED_EDGE('',*,*,#2391,.F.);
#3482=ORIENTED_EDGE('',*,*,#2346,.T.);
#3483=ORIENTED_EDGE('',*,*,#2350,.T.);
#3484=ORIENTED_EDGE('',*,*,#2353,.T.);
#3485=ORIENTED_EDGE('',*,*,#2356,.T.);
#3486=ORIENTED_EDGE('',*,*,#2359,.T.);
#3487=ORIENTED_EDGE('',*,*,#2398,.T.);
#3488=ORIENTED_EDGE('',*,*,#2396,.T.);
#3489=ORIENTED_EDGE('',*,*,#2394,.T.);
#3490=ORIENTED_EDGE('',*,*,#2392,.T.);
#3491=ORIENTED_EDGE('',*,*,#2399,.F.);
#3492=ORIENTED_EDGE('',*,*,#2400,.T.);
#3493=ORIENTED_EDGE('',*,*,#2401,.F.);
#3494=ORIENTED_EDGE('',*,*,#2402,.F.);
#3495=ORIENTED_EDGE('',*,*,#2403,.F.);
#3496=ORIENTED_EDGE('',*,*,#2402,.T.);
#3497=ORIENTED_EDGE('',*,*,#2404,.F.);
#3498=ORIENTED_EDGE('',*,*,#2405,.F.);
#3499=ORIENTED_EDGE('',*,*,#2406,.F.);
#3500=ORIENTED_EDGE('',*,*,#2405,.T.);
#3501=ORIENTED_EDGE('',*,*,#2407,.F.);
#3502=ORIENTED_EDGE('',*,*,#2408,.F.);
#3503=ORIENTED_EDGE('',*,*,#2409,.F.);
#3504=ORIENTED_EDGE('',*,*,#2408,.T.);
#3505=ORIENTED_EDGE('',*,*,#2410,.F.);
#3506=ORIENTED_EDGE('',*,*,#2411,.F.);
#3507=ORIENTED_EDGE('',*,*,#2412,.F.);
#3508=ORIENTED_EDGE('',*,*,#2411,.T.);
#3509=ORIENTED_EDGE('',*,*,#2413,.F.);
#3510=ORIENTED_EDGE('',*,*,#2414,.F.);
#3511=ORIENTED_EDGE('',*,*,#2415,.F.);
#3512=ORIENTED_EDGE('',*,*,#2414,.T.);
#3513=ORIENTED_EDGE('',*,*,#2416,.F.);
#3514=ORIENTED_EDGE('',*,*,#2417,.F.);
#3515=ORIENTED_EDGE('',*,*,#2418,.F.);
#3516=ORIENTED_EDGE('',*,*,#2417,.T.);
#3517=ORIENTED_EDGE('',*,*,#2419,.F.);
#3518=ORIENTED_EDGE('',*,*,#2420,.F.);
#3519=ORIENTED_EDGE('',*,*,#2421,.F.);
#3520=ORIENTED_EDGE('',*,*,#2420,.T.);
#3521=ORIENTED_EDGE('',*,*,#2422,.F.);
#3522=ORIENTED_EDGE('',*,*,#2423,.F.);
#3523=ORIENTED_EDGE('',*,*,#2424,.F.);
#3524=ORIENTED_EDGE('',*,*,#2423,.T.);
#3525=ORIENTED_EDGE('',*,*,#2425,.F.);
#3526=ORIENTED_EDGE('',*,*,#2400,.F.);
#3527=ORIENTED_EDGE('',*,*,#2425,.T.);
#3528=ORIENTED_EDGE('',*,*,#2422,.T.);
#3529=ORIENTED_EDGE('',*,*,#2419,.T.);
#3530=ORIENTED_EDGE('',*,*,#2416,.T.);
#3531=ORIENTED_EDGE('',*,*,#2413,.T.);
#3532=ORIENTED_EDGE('',*,*,#2410,.T.);
#3533=ORIENTED_EDGE('',*,*,#2407,.T.);
#3534=ORIENTED_EDGE('',*,*,#2404,.T.);
#3535=ORIENTED_EDGE('',*,*,#2401,.T.);
#3536=ORIENTED_EDGE('',*,*,#2426,.F.);
#3537=ORIENTED_EDGE('',*,*,#2427,.T.);
#3538=ORIENTED_EDGE('',*,*,#2428,.F.);
#3539=ORIENTED_EDGE('',*,*,#2429,.F.);
#3540=ORIENTED_EDGE('',*,*,#2430,.F.);
#3541=ORIENTED_EDGE('',*,*,#2429,.T.);
#3542=ORIENTED_EDGE('',*,*,#2431,.F.);
#3543=ORIENTED_EDGE('',*,*,#2432,.F.);
#3544=ORIENTED_EDGE('',*,*,#2433,.F.);
#3545=ORIENTED_EDGE('',*,*,#2432,.T.);
#3546=ORIENTED_EDGE('',*,*,#2434,.F.);
#3547=ORIENTED_EDGE('',*,*,#2435,.F.);
#3548=ORIENTED_EDGE('',*,*,#2436,.F.);
#3549=ORIENTED_EDGE('',*,*,#2435,.T.);
#3550=ORIENTED_EDGE('',*,*,#2437,.F.);
#3551=ORIENTED_EDGE('',*,*,#2438,.F.);
#3552=ORIENTED_EDGE('',*,*,#2439,.F.);
#3553=ORIENTED_EDGE('',*,*,#2438,.T.);
#3554=ORIENTED_EDGE('',*,*,#2440,.F.);
#3555=ORIENTED_EDGE('',*,*,#2441,.F.);
#3556=ORIENTED_EDGE('',*,*,#2442,.F.);
#3557=ORIENTED_EDGE('',*,*,#2441,.T.);
#3558=ORIENTED_EDGE('',*,*,#2443,.F.);
#3559=ORIENTED_EDGE('',*,*,#2444,.F.);
#3560=ORIENTED_EDGE('',*,*,#2445,.F.);
#3561=ORIENTED_EDGE('',*,*,#2444,.T.);
#3562=ORIENTED_EDGE('',*,*,#2446,.F.);
#3563=ORIENTED_EDGE('',*,*,#2447,.F.);
#3564=ORIENTED_EDGE('',*,*,#2448,.F.);
#3565=ORIENTED_EDGE('',*,*,#2447,.T.);
#3566=ORIENTED_EDGE('',*,*,#2449,.F.);
#3567=ORIENTED_EDGE('',*,*,#2450,.F.);
#3568=ORIENTED_EDGE('',*,*,#2451,.F.);
#3569=ORIENTED_EDGE('',*,*,#2450,.T.);
#3570=ORIENTED_EDGE('',*,*,#2452,.F.);
#3571=ORIENTED_EDGE('',*,*,#2427,.F.);
#3572=ORIENTED_EDGE('',*,*,#2452,.T.);
#3573=ORIENTED_EDGE('',*,*,#2449,.T.);
#3574=ORIENTED_EDGE('',*,*,#2446,.T.);
#3575=ORIENTED_EDGE('',*,*,#2443,.T.);
#3576=ORIENTED_EDGE('',*,*,#2440,.T.);
#3577=ORIENTED_EDGE('',*,*,#2437,.T.);
#3578=ORIENTED_EDGE('',*,*,#2434,.T.);
#3579=ORIENTED_EDGE('',*,*,#2431,.T.);
#3580=ORIENTED_EDGE('',*,*,#2428,.T.);
#3581=ORIENTED_EDGE('',*,*,#2453,.T.);
#3582=ORIENTED_EDGE('',*,*,#2454,.T.);
#3583=ORIENTED_EDGE('',*,*,#2455,.F.);
#3584=ORIENTED_EDGE('',*,*,#2456,.F.);
#3585=ORIENTED_EDGE('',*,*,#2457,.T.);
#3586=ORIENTED_EDGE('',*,*,#2456,.T.);
#3587=ORIENTED_EDGE('',*,*,#2458,.F.);
#3588=ORIENTED_EDGE('',*,*,#2459,.F.);
#3589=ORIENTED_EDGE('',*,*,#2460,.T.);
#3590=ORIENTED_EDGE('',*,*,#2459,.T.);
#3591=ORIENTED_EDGE('',*,*,#2461,.F.);
#3592=ORIENTED_EDGE('',*,*,#2462,.F.);
#3593=ORIENTED_EDGE('',*,*,#2463,.T.);
#3594=ORIENTED_EDGE('',*,*,#2462,.T.);
#3595=ORIENTED_EDGE('',*,*,#2464,.F.);
#3596=ORIENTED_EDGE('',*,*,#2454,.F.);
#3597=ORIENTED_EDGE('',*,*,#2463,.F.);
#3598=ORIENTED_EDGE('',*,*,#2453,.F.);
#3599=ORIENTED_EDGE('',*,*,#2457,.F.);
#3600=ORIENTED_EDGE('',*,*,#2460,.F.);
#3601=ORIENTED_EDGE('',*,*,#2399,.T.);
#3602=ORIENTED_EDGE('',*,*,#2403,.T.);
#3603=ORIENTED_EDGE('',*,*,#2406,.T.);
#3604=ORIENTED_EDGE('',*,*,#2409,.T.);
#3605=ORIENTED_EDGE('',*,*,#2412,.T.);
#3606=ORIENTED_EDGE('',*,*,#2415,.T.);
#3607=ORIENTED_EDGE('',*,*,#2418,.T.);
#3608=ORIENTED_EDGE('',*,*,#2421,.T.);
#3609=ORIENTED_EDGE('',*,*,#2424,.T.);
#3610=ORIENTED_EDGE('',*,*,#2426,.T.);
#3611=ORIENTED_EDGE('',*,*,#2430,.T.);
#3612=ORIENTED_EDGE('',*,*,#2433,.T.);
#3613=ORIENTED_EDGE('',*,*,#2436,.T.);
#3614=ORIENTED_EDGE('',*,*,#2439,.T.);
#3615=ORIENTED_EDGE('',*,*,#2442,.T.);
#3616=ORIENTED_EDGE('',*,*,#2445,.T.);
#3617=ORIENTED_EDGE('',*,*,#2448,.T.);
#3618=ORIENTED_EDGE('',*,*,#2451,.T.);
#3619=ORIENTED_EDGE('',*,*,#2464,.T.);
#3620=ORIENTED_EDGE('',*,*,#2461,.T.);
#3621=ORIENTED_EDGE('',*,*,#2458,.T.);
#3622=ORIENTED_EDGE('',*,*,#2455,.T.);
#3623=PLANE('',#3935);
#3624=PLANE('',#3936);
#3625=PLANE('',#3937);
#3626=PLANE('',#3938);
#3627=PLANE('',#3939);
#3628=PLANE('',#3940);
#3629=PLANE('',#3941);
#3630=PLANE('',#3942);
#3631=PLANE('',#3943);
#3632=PLANE('',#3944);
#3633=PLANE('',#3945);
#3634=PLANE('',#3946);
#3635=PLANE('',#3947);
#3636=PLANE('',#3948);
#3637=PLANE('',#3949);
#3638=PLANE('',#3950);
#3639=PLANE('',#3951);
#3640=PLANE('',#3952);
#3641=PLANE('',#3953);
#3642=PLANE('',#3954);
#3643=PLANE('',#3955);
#3644=PLANE('',#3956);
#3645=PLANE('',#3957);
#3646=PLANE('',#3958);
#3647=PLANE('',#3959);
#3648=PLANE('',#3960);
#3649=PLANE('',#3961);
#3650=PLANE('',#3962);
#3651=PLANE('',#3963);
#3652=PLANE('',#3964);
#3653=PLANE('',#3965);
#3654=PLANE('',#3966);
#3655=PLANE('',#3967);
#3656=PLANE('',#3968);
#3657=PLANE('',#3969);
#3658=PLANE('',#3970);
#3659=PLANE('',#3971);
#3660=PLANE('',#3972);
#3661=PLANE('',#3973);
#3662=PLANE('',#3974);
#3663=PLANE('',#3975);
#3664=PLANE('',#3976);
#3665=PLANE('',#3977);
#3666=PLANE('',#3978);
#3667=PLANE('',#3979);
#3668=PLANE('',#3980);
#3669=PLANE('',#3981);
#3670=PLANE('',#3982);
#3671=PLANE('',#3983);
#3672=PLANE('',#3984);
#3673=PLANE('',#3985);
#3674=PLANE('',#3986);
#3675=PLANE('',#3987);
#3676=PLANE('',#3988);
#3677=PLANE('',#3989);
#3678=PLANE('',#3990);
#3679=PLANE('',#3991);
#3680=PLANE('',#3992);
#3681=PLANE('',#3993);
#3682=PLANE('',#3994);
#3683=PLANE('',#3995);
#3684=PLANE('',#3996);
#3685=PLANE('',#3997);
#3686=PLANE('',#3998);
#3687=PLANE('',#3999);
#3688=PLANE('',#4000);
#3689=PLANE('',#4001);
#3690=PLANE('',#4002);
#3691=PLANE('',#4003);
#3692=PLANE('',#4004);
#3693=PLANE('',#4005);
#3694=PLANE('',#4006);
#3695=PLANE('',#4007);
#3696=PLANE('',#4008);
#3697=PLANE('',#4009);
#3698=PLANE('',#4010);
#3699=PLANE('',#4011);
#3700=PLANE('',#4012);
#3701=PLANE('',#4013);
#3702=PLANE('',#4014);
#3703=PLANE('',#4015);
#3704=PLANE('',#4016);
#3705=PLANE('',#4017);
#3706=PLANE('',#4018);
#3707=PLANE('',#4019);
#3708=PLANE('',#4020);
#3709=ADVANCED_FACE('',(#406),#3623,.T.);
#3710=ADVANCED_FACE('',(#407),#3624,.T.);
#3711=ADVANCED_FACE('',(#408),#3625,.T.);
#3712=ADVANCED_FACE('',(#409),#281,.T.);
#3713=ADVANCED_FACE('',(#410),#282,.T.);
#3714=ADVANCED_FACE('',(#411),#3626,.T.);
#3715=ADVANCED_FACE('',(#412),#3627,.T.);
#3716=ADVANCED_FACE('',(#413),#3628,.T.);
#3717=ADVANCED_FACE('',(#414),#283,.T.);
#3718=ADVANCED_FACE('',(#415),#284,.T.);
#3719=ADVANCED_FACE('',(#416),#3629,.T.);
#3720=ADVANCED_FACE('',(#417),#3630,.T.);
#3721=ADVANCED_FACE('',(#418),#3631,.T.);
#3722=ADVANCED_FACE('',(#419),#3632,.T.);
#3723=ADVANCED_FACE('',(#420),#3633,.T.);
#3724=ADVANCED_FACE('',(#421),#285,.T.);
#3725=ADVANCED_FACE('',(#422),#286,.T.);
#3726=ADVANCED_FACE('',(#423),#3634,.T.);
#3727=ADVANCED_FACE('',(#424),#3635,.T.);
#3728=ADVANCED_FACE('',(#425),#3636,.T.);
#3729=ADVANCED_FACE('',(#426),#3637,.T.);
#3730=ADVANCED_FACE('',(#427),#287,.T.);
#3731=ADVANCED_FACE('',(#428),#288,.T.);
#3732=ADVANCED_FACE('',(#429),#289,.T.);
#3733=ADVANCED_FACE('',(#430),#290,.T.);
#3734=ADVANCED_FACE('',(#431),#291,.T.);
#3735=ADVANCED_FACE('',(#432),#292,.T.);
#3736=ADVANCED_FACE('',(#433),#293,.T.);
#3737=ADVANCED_FACE('',(#434),#294,.T.);
#3738=ADVANCED_FACE('',(#435),#295,.T.);
#3739=ADVANCED_FACE('',(#436),#296,.T.);
#3740=ADVANCED_FACE('',(#437),#297,.T.);
#3741=ADVANCED_FACE('',(#438),#298,.T.);
#3742=ADVANCED_FACE('',(#439),#299,.T.);
#3743=ADVANCED_FACE('',(#440),#300,.T.);
#3744=ADVANCED_FACE('',(#441),#301,.T.);
#3745=ADVANCED_FACE('',(#442),#302,.T.);
#3746=ADVANCED_FACE('',(#443),#3638,.T.);
#3747=ADVANCED_FACE('',(#444),#303,.T.);
#3748=ADVANCED_FACE('',(#445),#304,.T.);
#3749=ADVANCED_FACE('',(#446),#305,.T.);
#3750=ADVANCED_FACE('',(#447),#306,.T.);
#3751=ADVANCED_FACE('',(#448),#307,.T.);
#3752=ADVANCED_FACE('',(#449),#308,.T.);
#3753=ADVANCED_FACE('',(#450),#309,.T.);
#3754=ADVANCED_FACE('',(#451),#310,.T.);
#3755=ADVANCED_FACE('',(#452),#311,.T.);
#3756=ADVANCED_FACE('',(#453),#312,.T.);
#3757=ADVANCED_FACE('',(#454),#313,.T.);
#3758=ADVANCED_FACE('',(#455),#314,.T.);
#3759=ADVANCED_FACE('',(#456),#315,.T.);
#3760=ADVANCED_FACE('',(#457),#316,.T.);
#3761=ADVANCED_FACE('',(#458),#317,.T.);
#3762=ADVANCED_FACE('',(#459),#3639,.T.);
#3763=ADVANCED_FACE('',(#460),#318,.T.);
#3764=ADVANCED_FACE('',(#461),#319,.T.);
#3765=ADVANCED_FACE('',(#462),#320,.T.);
#3766=ADVANCED_FACE('',(#463),#321,.T.);
#3767=ADVANCED_FACE('',(#464),#322,.T.);
#3768=ADVANCED_FACE('',(#465),#323,.T.);
#3769=ADVANCED_FACE('',(#466),#324,.T.);
#3770=ADVANCED_FACE('',(#467),#325,.T.);
#3771=ADVANCED_FACE('',(#468),#3640,.T.);
#3772=ADVANCED_FACE('',(#469),#326,.T.);
#3773=ADVANCED_FACE('',(#470),#327,.T.);
#3774=ADVANCED_FACE('',(#471),#328,.T.);
#3775=ADVANCED_FACE('',(#472),#329,.T.);
#3776=ADVANCED_FACE('',(#473),#330,.T.);
#3777=ADVANCED_FACE('',(#474),#331,.T.);
#3778=ADVANCED_FACE('',(#475),#332,.T.);
#3779=ADVANCED_FACE('',(#476),#333,.T.);
#3780=ADVANCED_FACE('',(#477),#334,.T.);
#3781=ADVANCED_FACE('',(#478),#3641,.T.);
#3782=ADVANCED_FACE('',(#479),#3642,.T.);
#3783=ADVANCED_FACE('',(#480),#3643,.T.);
#3784=ADVANCED_FACE('',(#481),#3644,.T.);
#3785=ADVANCED_FACE('',(#482,#17),#3645,.T.);
#3786=ADVANCED_FACE('',(#483),#3646,.T.);
#3787=ADVANCED_FACE('',(#484),#335,.T.);
#3788=ADVANCED_FACE('',(#485),#336,.T.);
#3789=ADVANCED_FACE('',(#486),#337,.T.);
#3790=ADVANCED_FACE('',(#487),#338,.T.);
#3791=ADVANCED_FACE('',(#488),#339,.T.);
#3792=ADVANCED_FACE('',(#489),#340,.T.);
#3793=ADVANCED_FACE('',(#490),#341,.T.);
#3794=ADVANCED_FACE('',(#491),#342,.T.);
#3795=ADVANCED_FACE('',(#492),#343,.T.);
#3796=ADVANCED_FACE('',(#493),#344,.T.);
#3797=ADVANCED_FACE('',(#494),#345,.T.);
#3798=ADVANCED_FACE('',(#495),#346,.T.);
#3799=ADVANCED_FACE('',(#496),#347,.T.);
#3800=ADVANCED_FACE('',(#497),#348,.T.);
#3801=ADVANCED_FACE('',(#498),#349,.T.);
#3802=ADVANCED_FACE('',(#499),#350,.T.);
#3803=ADVANCED_FACE('',(#500),#351,.T.);
#3804=ADVANCED_FACE('',(#501,#18),#3647,.T.);
#3805=ADVANCED_FACE('',(#502,#19,#20,#21,#22,#23,#24,#25,#26),#3648,.T.);
#3806=ADVANCED_FACE('',(#503),#352,.T.);
#3807=ADVANCED_FACE('',(#504),#353,.T.);
#3808=ADVANCED_FACE('',(#505),#354,.T.);
#3809=ADVANCED_FACE('',(#506),#355,.T.);
#3810=ADVANCED_FACE('',(#507),#356,.T.);
#3811=ADVANCED_FACE('',(#508),#357,.T.);
#3812=ADVANCED_FACE('',(#509),#358,.T.);
#3813=ADVANCED_FACE('',(#510),#359,.T.);
#3814=ADVANCED_FACE('',(#511),#360,.T.);
#3815=ADVANCED_FACE('',(#512),#361,.T.);
#3816=ADVANCED_FACE('',(#513),#362,.T.);
#3817=ADVANCED_FACE('',(#514),#363,.T.);
#3818=ADVANCED_FACE('',(#515),#364,.T.);
#3819=ADVANCED_FACE('',(#516),#365,.T.);
#3820=ADVANCED_FACE('',(#517),#366,.T.);
#3821=ADVANCED_FACE('',(#518),#367,.T.);
#3822=ADVANCED_FACE('',(#519),#368,.T.);
#3823=ADVANCED_FACE('',(#520,#27),#3649,.T.);
#3824=ADVANCED_FACE('',(#521),#3650,.T.);
#3825=ADVANCED_FACE('',(#522),#3651,.T.);
#3826=ADVANCED_FACE('',(#523),#3652,.T.);
#3827=ADVANCED_FACE('',(#524),#3653,.T.);
#3828=ADVANCED_FACE('',(#525),#369,.T.);
#3829=ADVANCED_FACE('',(#526),#370,.T.);
#3830=ADVANCED_FACE('',(#527),#3654,.T.);
#3831=ADVANCED_FACE('',(#528),#3655,.T.);
#3832=ADVANCED_FACE('',(#529),#3656,.T.);
#3833=ADVANCED_FACE('',(#530),#371,.T.);
#3834=ADVANCED_FACE('',(#531),#372,.T.);
#3835=ADVANCED_FACE('',(#532),#3657,.T.);
#3836=ADVANCED_FACE('',(#533),#3658,.T.);
#3837=ADVANCED_FACE('',(#534),#3659,.T.);
#3838=ADVANCED_FACE('',(#535),#3660,.T.);
#3839=ADVANCED_FACE('',(#536),#3661,.T.);
#3840=ADVANCED_FACE('',(#537),#373,.T.);
#3841=ADVANCED_FACE('',(#538),#374,.T.);
#3842=ADVANCED_FACE('',(#539),#3662,.T.);
#3843=ADVANCED_FACE('',(#540),#3663,.T.);
#3844=ADVANCED_FACE('',(#541),#3664,.T.);
#3845=ADVANCED_FACE('',(#542),#3665,.T.);
#3846=ADVANCED_FACE('',(#543),#375,.T.);
#3847=ADVANCED_FACE('',(#544),#376,.T.);
#3848=ADVANCED_FACE('',(#545),#377,.T.);
#3849=ADVANCED_FACE('',(#546),#378,.T.);
#3850=ADVANCED_FACE('',(#547),#3666,.T.);
#3851=ADVANCED_FACE('',(#548),#3667,.T.);
#3852=ADVANCED_FACE('',(#549),#3668,.T.);
#3853=ADVANCED_FACE('',(#550),#3669,.T.);
#3854=ADVANCED_FACE('',(#551),#3670,.T.);
#3855=ADVANCED_FACE('',(#552),#3671,.T.);
#3856=ADVANCED_FACE('',(#553),#3672,.T.);
#3857=ADVANCED_FACE('',(#554),#3673,.T.);
#3858=ADVANCED_FACE('',(#555),#3674,.T.);
#3859=ADVANCED_FACE('',(#556),#3675,.T.);
#3860=ADVANCED_FACE('',(#557),#3676,.T.);
#3861=ADVANCED_FACE('',(#558),#379,.T.);
#3862=ADVANCED_FACE('',(#559),#380,.T.);
#3863=ADVANCED_FACE('',(#560),#381,.T.);
#3864=ADVANCED_FACE('',(#561),#382,.T.);
#3865=ADVANCED_FACE('',(#562),#3677,.T.);
#3866=ADVANCED_FACE('',(#563),#3678,.T.);
#3867=ADVANCED_FACE('',(#564),#383,.T.);
#3868=ADVANCED_FACE('',(#565),#384,.T.);
#3869=ADVANCED_FACE('',(#566),#385,.T.);
#3870=ADVANCED_FACE('',(#567),#386,.T.);
#3871=ADVANCED_FACE('',(#568),#3679,.T.);
#3872=ADVANCED_FACE('',(#569),#387,.T.);
#3873=ADVANCED_FACE('',(#570),#388,.T.);
#3874=ADVANCED_FACE('',(#571),#389,.T.);
#3875=ADVANCED_FACE('',(#572),#390,.T.);
#3876=ADVANCED_FACE('',(#573),#391,.T.);
#3877=ADVANCED_FACE('',(#574),#392,.T.);
#3878=ADVANCED_FACE('',(#575),#393,.T.);
#3879=ADVANCED_FACE('',(#576),#394,.T.);
#3880=ADVANCED_FACE('',(#577),#395,.T.);
#3881=ADVANCED_FACE('',(#578),#3680,.T.);
#3882=ADVANCED_FACE('',(#579),#396,.T.);
#3883=ADVANCED_FACE('',(#580),#397,.T.);
#3884=ADVANCED_FACE('',(#581),#398,.T.);
#3885=ADVANCED_FACE('',(#582),#399,.T.);
#3886=ADVANCED_FACE('',(#583,#28),#3681,.T.);
#3887=ADVANCED_FACE('',(#584),#3682,.T.);
#3888=ADVANCED_FACE('',(#585),#3683,.T.);
#3889=ADVANCED_FACE('',(#586),#3684,.T.);
#3890=ADVANCED_FACE('',(#587),#3685,.T.);
#3891=ADVANCED_FACE('',(#588),#3686,.T.);
#3892=ADVANCED_FACE('',(#589),#3687,.T.);
#3893=ADVANCED_FACE('',(#590),#3688,.T.);
#3894=ADVANCED_FACE('',(#591),#3689,.T.);
#3895=ADVANCED_FACE('',(#592),#3690,.T.);
#3896=ADVANCED_FACE('',(#593),#3691,.T.);
#3897=ADVANCED_FACE('',(#594),#400,.T.);
#3898=ADVANCED_FACE('',(#595),#401,.T.);
#3899=ADVANCED_FACE('',(#596),#3692,.T.);
#3900=ADVANCED_FACE('',(#597),#3693,.T.);
#3901=ADVANCED_FACE('',(#598),#3694,.T.);
#3902=ADVANCED_FACE('',(#599),#3695,.T.);
#3903=ADVANCED_FACE('',(#600),#3696,.T.);
#3904=ADVANCED_FACE('',(#601),#3697,.T.);
#3905=ADVANCED_FACE('',(#602),#3698,.T.);
#3906=ADVANCED_FACE('',(#603),#402,.T.);
#3907=ADVANCED_FACE('',(#604),#403,.T.);
#3908=ADVANCED_FACE('',(#605),#3699,.T.);
#3909=ADVANCED_FACE('',(#606),#404,.T.);
#3910=ADVANCED_FACE('',(#607),#405,.T.);
#3911=ADVANCED_FACE('',(#608),#3700,.T.);
#3912=ADVANCED_FACE('',(#609),#3701,.T.);
#3913=ADVANCED_FACE('',(#610),#3702,.T.);
#3914=ADVANCED_FACE('',(#611),#3703,.T.);
#3915=ADVANCED_FACE('',(#612),#3704,.T.);
#3916=ADVANCED_FACE('',(#613),#3705,.T.);
#3917=ADVANCED_FACE('',(#614),#3706,.T.);
#3918=ADVANCED_FACE('',(#615,#29,#30),#3707,.T.);
#3919=ADVANCED_FACE('',(#616),#3708,.T.);
#3920=CLOSED_SHELL('',(#3709,#3710,#3711,#3712,#3713,#3714,#3715,#3716,
#3717,#3718,#3719,#3720,#3721,#3722,#3723,#3724,#3725,#3726,#3727,#3728,
#3729,#3730,#3731,#3732,#3733,#3734,#3735,#3736,#3737,#3738,#3739,#3740,
#3741,#3742,#3743,#3744,#3745,#3746,#3747,#3748,#3749,#3750,#3751,#3752,
#3753,#3754,#3755,#3756,#3757,#3758,#3759,#3760,#3761,#3762,#3763,#3764,
#3765,#3766,#3767,#3768,#3769,#3770,#3771,#3772,#3773,#3774,#3775,#3776,
#3777,#3778,#3779,#3780,#3781,#3782,#3783,#3784,#3785,#3786,#3787,#3788,
#3789,#3790,#3791,#3792,#3793,#3794,#3795,#3796,#3797,#3798,#3799,#3800,
#3801,#3802,#3803,#3804,#3805,#3806,#3807,#3808,#3809,#3810,#3811,#3812,
#3813,#3814,#3815,#3816,#3817,#3818,#3819,#3820,#3821,#3822,#3823,#3824,
#3825,#3826,#3827,#3828,#3829,#3830,#3831,#3832,#3833,#3834,#3835,#3836,
#3837,#3838,#3839,#3840,#3841,#3842,#3843,#3844,#3845,#3846,#3847,#3848,
#3849,#3850,#3851,#3852,#3853,#3854,#3855,#3856,#3857,#3858,#3859,#3860,
#3861,#3862,#3863,#3864,#3865,#3866,#3867,#3868,#3869,#3870,#3871,#3872,
#3873,#3874,#3875,#3876,#3877,#3878,#3879,#3880,#3881,#3882,#3883,#3884,
#3885,#3886,#3887,#3888,#3889,#3890,#3891,#3892,#3893));
#3921=CLOSED_SHELL('',(#3894,#3895,#3896,#3897,#3898,#3899,#3900,#3901,
#3902,#3903,#3904,#3905,#3906,#3907,#3908,#3909,#3910,#3911,#3912,#3913,
#3914,#3915,#3916,#3917,#3918,#3919));
#3922=DERIVED_UNIT_ELEMENT(#3924,1.);
#3923=DERIVED_UNIT_ELEMENT(#7831,-3.);
#3924=(
MASS_UNIT()
NAMED_UNIT(*)
SI_UNIT(.KILO.,.GRAM.)
);
#3925=DERIVED_UNIT((#3922,#3923));
#3926=MEASURE_REPRESENTATION_ITEM('density measure',
POSITIVE_RATIO_MEASURE(7850.),#3925);
#3927=PROPERTY_DEFINITION_REPRESENTATION(#3932,#3929);
#3928=PROPERTY_DEFINITION_REPRESENTATION(#3933,#3930);
#3929=REPRESENTATION('material name',(#3931),#7828);
#3930=REPRESENTATION('density',(#3926),#7828);
#3931=DESCRIPTIVE_REPRESENTATION_ITEM('Steel','Steel');
#3932=PROPERTY_DEFINITION('material property','material name',#7838);
#3933=PROPERTY_DEFINITION('material property','density of part',#7838);
#3934=AXIS2_PLACEMENT_3D('',#4524,#4021,#4022);
#3935=AXIS2_PLACEMENT_3D('',#4525,#4023,#4024);
#3936=AXIS2_PLACEMENT_3D('',#4534,#4029,#4030);
#3937=AXIS2_PLACEMENT_3D('',#4540,#4034,#4035);
#3938=AXIS2_PLACEMENT_3D('',#4592,#4041,#4042);
#3939=AXIS2_PLACEMENT_3D('',#4598,#4046,#4047);
#3940=AXIS2_PLACEMENT_3D('',#4604,#4051,#4052);
#3941=AXIS2_PLACEMENT_3D('',#4656,#4058,#4059);
#3942=AXIS2_PLACEMENT_3D('',#4662,#4063,#4064);
#3943=AXIS2_PLACEMENT_3D('',#4668,#4068,#4069);
#3944=AXIS2_PLACEMENT_3D('',#4674,#4073,#4074);
#3945=AXIS2_PLACEMENT_3D('',#4680,#4078,#4079);
#3946=AXIS2_PLACEMENT_3D('',#4732,#4085,#4086);
#3947=AXIS2_PLACEMENT_3D('',#4738,#4090,#4091);
#3948=AXIS2_PLACEMENT_3D('',#4741,#4094,#4095);
#3949=AXIS2_PLACEMENT_3D('',#4742,#4096,#4097);
#3950=AXIS2_PLACEMENT_3D('',#5119,#4118,#4119);
#3951=AXIS2_PLACEMENT_3D('',#5467,#4137,#4138);
#3952=AXIS2_PLACEMENT_3D('',#5652,#4147,#4148);
#3953=AXIS2_PLACEMENT_3D('',#5868,#4162,#4163);
#3954=AXIS2_PLACEMENT_3D('',#5874,#4167,#4168);
#3955=AXIS2_PLACEMENT_3D('',#5880,#4172,#4173);
#3956=AXIS2_PLACEMENT_3D('',#5886,#4177,#4178);
#3957=AXIS2_PLACEMENT_3D('',#5889,#4181,#4182);
#3958=AXIS2_PLACEMENT_3D('',#5890,#4183,#4184);
#3959=AXIS2_PLACEMENT_3D('',#6282,#4202,#4203);
#3960=AXIS2_PLACEMENT_3D('',#6283,#4204,#4205);
#3961=AXIS2_PLACEMENT_3D('',#6899,#4254,#4255);
#3962=AXIS2_PLACEMENT_3D('',#6900,#4256,#4257);
#3963=AXIS2_PLACEMENT_3D('',#6901,#4258,#4259);
#3964=AXIS2_PLACEMENT_3D('',#6907,#4263,#4264);
#3965=AXIS2_PLACEMENT_3D('',#6911,#4267,#4268);
#3966=AXIS2_PLACEMENT_3D('',#6949,#4273,#4274);
#3967=AXIS2_PLACEMENT_3D('',#6953,#4277,#4278);
#3968=AXIS2_PLACEMENT_3D('',#6957,#4281,#4282);
#3969=AXIS2_PLACEMENT_3D('',#6995,#4287,#4288);
#3970=AXIS2_PLACEMENT_3D('',#6999,#4291,#4292);
#3971=AXIS2_PLACEMENT_3D('',#7003,#4295,#4296);
#3972=AXIS2_PLACEMENT_3D('',#7007,#4299,#4300);
#3973=AXIS2_PLACEMENT_3D('',#7011,#4303,#4304);
#3974=AXIS2_PLACEMENT_3D('',#7049,#4309,#4310);
#3975=AXIS2_PLACEMENT_3D('',#7053,#4313,#4314);
#3976=AXIS2_PLACEMENT_3D('',#7055,#4316,#4317);
#3977=AXIS2_PLACEMENT_3D('',#7056,#4318,#4319);
#3978=AXIS2_PLACEMENT_3D('',#7130,#4327,#4328);
#3979=AXIS2_PLACEMENT_3D('',#7134,#4331,#4332);
#3980=AXIS2_PLACEMENT_3D('',#7138,#4335,#4336);
#3981=AXIS2_PLACEMENT_3D('',#7142,#4339,#4340);
#3982=AXIS2_PLACEMENT_3D('',#7146,#4343,#4344);
#3983=AXIS2_PLACEMENT_3D('',#7150,#4347,#4348);
#3984=AXIS2_PLACEMENT_3D('',#7154,#4351,#4352);
#3985=AXIS2_PLACEMENT_3D('',#7158,#4355,#4356);
#3986=AXIS2_PLACEMENT_3D('',#7162,#4359,#4360);
#3987=AXIS2_PLACEMENT_3D('',#7166,#4363,#4364);
#3988=AXIS2_PLACEMENT_3D('',#7170,#4367,#4368);
#3989=AXIS2_PLACEMENT_3D('',#7240,#4374,#4375);
#3990=AXIS2_PLACEMENT_3D('',#7241,#4376,#4377);
#3991=AXIS2_PLACEMENT_3D('',#7339,#4385,#4386);
#3992=AXIS2_PLACEMENT_3D('',#7498,#4399,#4400);
#3993=AXIS2_PLACEMENT_3D('',#7568,#4406,#4407);
#3994=AXIS2_PLACEMENT_3D('',#7569,#4408,#4409);
#3995=AXIS2_PLACEMENT_3D('',#7570,#4410,#4411);
#3996=AXIS2_PLACEMENT_3D('',#7576,#4415,#4416);
#3997=AXIS2_PLACEMENT_3D('',#7580,#4419,#4420);
#3998=AXIS2_PLACEMENT_3D('',#7584,#4423,#4424);
#3999=AXIS2_PLACEMENT_3D('',#7586,#4426,#4427);
#4000=AXIS2_PLACEMENT_3D('',#7587,#4428,#4429);
#4001=AXIS2_PLACEMENT_3D('',#7588,#4430,#4431);
#4002=AXIS2_PLACEMENT_3D('',#7597,#4436,#4437);
#4003=AXIS2_PLACEMENT_3D('',#7603,#4441,#4442);
#4004=AXIS2_PLACEMENT_3D('',#7655,#4448,#4449);
#4005=AXIS2_PLACEMENT_3D('',#7661,#4453,#4454);
#4006=AXIS2_PLACEMENT_3D('',#7667,#4458,#4459);
#4007=AXIS2_PLACEMENT_3D('',#7673,#4463,#4464);
#4008=AXIS2_PLACEMENT_3D('',#7676,#4467,#4468);
#4009=AXIS2_PLACEMENT_3D('',#7677,#4469,#4470);
#4010=AXIS2_PLACEMENT_3D('',#7686,#4475,#4476);
#4011=AXIS2_PLACEMENT_3D('',#7738,#4482,#4483);
#4012=AXIS2_PLACEMENT_3D('',#7790,#4489,#4490);
#4013=AXIS2_PLACEMENT_3D('',#7796,#4494,#4495);
#4014=AXIS2_PLACEMENT_3D('',#7799,#4498,#4499);
#4015=AXIS2_PLACEMENT_3D('',#7800,#4500,#4501);
#4016=AXIS2_PLACEMENT_3D('',#7809,#4506,#4507);
#4017=AXIS2_PLACEMENT_3D('',#7815,#4511,#4512);
#4018=AXIS2_PLACEMENT_3D('',#7821,#4516,#4517);
#4019=AXIS2_PLACEMENT_3D('',#7824,#4520,#4521);
#4020=AXIS2_PLACEMENT_3D('',#7825,#4522,#4523);
#4021=DIRECTION('axis',(0.,0.,1.));
#4022=DIRECTION('refdir',(1.,0.,0.));
#4023=DIRECTION('center_axis',(-0.966551546303112,-0.256472431928002,0.));
#4024=DIRECTION('ref_axis',(0.256472431928002,-0.966551546303112,0.));
#4025=DIRECTION('',(-0.256472431928002,0.966551546303112,0.));
#4026=DIRECTION('',(0.,0.,1.));
#4027=DIRECTION('',(0.256472431928002,-0.966551546303112,0.));
#4028=DIRECTION('',(0.,0.,1.));
#4029=DIRECTION('center_axis',(0.,1.,0.));
#4030=DIRECTION('ref_axis',(-1.,0.,0.));
#4031=DIRECTION('',(1.,0.,0.));
#4032=DIRECTION('',(-1.,0.,0.));
#4033=DIRECTION('',(0.,0.,1.));
#4034=DIRECTION('center_axis',(0.974117119167828,0.226043885438584,0.));
#4035=DIRECTION('ref_axis',(-0.226043885438584,0.974117119167828,0.));
#4036=DIRECTION('',(0.226043885438584,-0.974117119167828,0.));
#4037=DIRECTION('',(-0.226043885438584,0.974117119167828,0.));
#4038=DIRECTION('',(0.,0.,1.));
#4039=DIRECTION('',(0.,0.,1.));
#4040=DIRECTION('',(0.,0.,1.));
#4041=DIRECTION('center_axis',(-0.962508286713601,0.271252277423894,0.));
#4042=DIRECTION('ref_axis',(-0.271252277423894,-0.962508286713601,0.));
#4043=DIRECTION('',(0.271252277423894,0.962508286713601,0.));
#4044=DIRECTION('',(-0.271252277423894,-0.962508286713601,0.));
#4045=DIRECTION('',(0.,0.,1.));
#4046=DIRECTION('center_axis',(0.,1.,0.));
#4047=DIRECTION('ref_axis',(-1.,0.,0.));
#4048=DIRECTION('',(1.,0.,0.));
#4049=DIRECTION('',(-1.,0.,0.));
#4050=DIRECTION('',(0.,0.,1.));
#4051=DIRECTION('center_axis',(0.962206037421276,0.272322495490267,0.));
#4052=DIRECTION('ref_axis',(-0.272322495490267,0.962206037421276,0.));
#4053=DIRECTION('',(0.272322495490267,-0.962206037421276,0.));
#4054=DIRECTION('',(-0.272322495490267,0.962206037421276,0.));
#4055=DIRECTION('',(0.,0.,1.));
#4056=DIRECTION('',(0.,0.,1.));
#4057=DIRECTION('',(0.,0.,1.));
#4058=DIRECTION('center_axis',(-0.971462381180499,0.237193680251213,0.));
#4059=DIRECTION('ref_axis',(-0.237193680251213,-0.971462381180499,0.));
#4060=DIRECTION('',(0.237193680251213,0.971462381180499,0.));
#4061=DIRECTION('',(-0.237193680251213,-0.971462381180499,0.));
#4062=DIRECTION('',(0.,0.,1.));
#4063=DIRECTION('center_axis',(0.,1.,0.));
#4064=DIRECTION('ref_axis',(-1.,0.,0.));
#4065=DIRECTION('',(1.,0.,0.));
#4066=DIRECTION('',(-1.,0.,0.));
#4067=DIRECTION('',(0.,0.,1.));
#4068=DIRECTION('center_axis',(0.964398545688136,-0.264453105624813,0.));
#4069=DIRECTION('ref_axis',(0.264453105624813,0.964398545688136,0.));
#4070=DIRECTION('',(-0.264453105624813,-0.964398545688136,0.));
#4071=DIRECTION('',(0.264453105624813,0.964398545688136,0.));
#4072=DIRECTION('',(0.,0.,1.));
#4073=DIRECTION('center_axis',(0.,-1.,0.));
#4074=DIRECTION('ref_axis',(1.,0.,0.));
#4075=DIRECTION('',(-1.,0.,0.));
#4076=DIRECTION('',(1.,0.,0.));
#4077=DIRECTION('',(0.,0.,1.));
#4078=DIRECTION('center_axis',(-0.963801682525785,-0.266620173206129,0.));
#4079=DIRECTION('ref_axis',(0.266620173206129,-0.963801682525785,0.));
#4080=DIRECTION('',(-0.266620173206129,0.963801682525785,0.));
#4081=DIRECTION('',(0.266620173206129,-0.963801682525785,0.));
#4082=DIRECTION('',(0.,0.,1.));
#4083=DIRECTION('',(0.,0.,1.));
#4084=DIRECTION('',(0.,0.,1.));
#4085=DIRECTION('center_axis',(0.963357122702721,-0.26822202396137,0.));
#4086=DIRECTION('ref_axis',(0.26822202396137,0.963357122702721,0.));
#4087=DIRECTION('',(-0.26822202396137,-0.963357122702721,0.));
#4088=DIRECTION('',(0.26822202396137,0.963357122702721,0.));
#4089=DIRECTION('',(0.,0.,1.));
#4090=DIRECTION('center_axis',(0.,-1.,0.));
#4091=DIRECTION('ref_axis',(1.,0.,0.));
#4092=DIRECTION('',(-1.,0.,0.));
#4093=DIRECTION('',(1.,0.,0.));
#4094=DIRECTION('center_axis',(0.,0.,1.));
#4095=DIRECTION('ref_axis',(1.,0.,0.));
#4096=DIRECTION('center_axis',(-0.155392734258531,0.987852771489587,0.));
#4097=DIRECTION('ref_axis',(-0.987852771489587,-0.155392734258531,0.));
#4098=DIRECTION('',(0.987852771489587,0.155392734258531,0.));
#4099=DIRECTION('',(0.,0.,1.));
#4100=DIRECTION('',(-0.987852771489587,-0.155392734258531,0.));
#4101=DIRECTION('',(0.,0.,1.));
#4102=DIRECTION('',(0.,0.,1.));
#4103=DIRECTION('',(0.,0.,1.));
#4104=DIRECTION('',(0.,0.,1.));
#4105=DIRECTION('',(0.,0.,1.));
#4106=DIRECTION('',(0.,0.,1.));
#4107=DIRECTION('',(0.,0.,1.));
#4108=DIRECTION('',(0.,0.,1.));
#4109=DIRECTION('',(0.,0.,1.));
#4110=DIRECTION('',(0.,0.,1.));
#4111=DIRECTION('',(0.,0.,1.));
#4112=DIRECTION('',(0.,0.,1.));
#4113=DIRECTION('',(0.,0.,1.));
#4114=DIRECTION('',(0.,0.,1.));
#4115=DIRECTION('',(0.,0.,1.));
#4116=DIRECTION('',(0.,0.,1.));
#4117=DIRECTION('',(0.,0.,1.));
#4118=DIRECTION('center_axis',(0.135112985212412,-0.990830197978943,0.));
#4119=DIRECTION('ref_axis',(0.990830197978943,0.135112985212412,0.));
#4120=DIRECTION('',(-0.990830197978943,-0.135112985212412,0.));
#4121=DIRECTION('',(0.990830197978943,0.135112985212412,0.));
#4122=DIRECTION('',(0.,0.,1.));
#4123=DIRECTION('',(0.,0.,1.));
#4124=DIRECTION('',(0.,0.,1.));
#4125=DIRECTION('',(0.,0.,1.));
#4126=DIRECTION('',(0.,0.,1.));
#4127=DIRECTION('',(0.,0.,1.));
#4128=DIRECTION('',(0.,0.,1.));
#4129=DIRECTION('',(0.,0.,1.));
#4130=DIRECTION('',(0.,0.,1.));
#4131=DIRECTION('',(0.,0.,1.));
#4132=DIRECTION('',(0.,0.,1.));
#4133=DIRECTION('',(0.,0.,1.));
#4134=DIRECTION('',(0.,0.,1.));
#4135=DIRECTION('',(0.,0.,1.));
#4136=DIRECTION('',(0.,0.,1.));
#4137=DIRECTION('center_axis',(0.,0.,1.));
#4138=DIRECTION('ref_axis',(1.,0.,0.));
#4139=DIRECTION('',(0.,0.,1.));
#4140=DIRECTION('',(0.,0.,1.));
#4141=DIRECTION('',(0.,0.,1.));
#4142=DIRECTION('',(0.,0.,1.));
#4143=DIRECTION('',(0.,0.,1.));
#4144=DIRECTION('',(0.,0.,1.));
#4145=DIRECTION('',(0.,0.,1.));
#4146=DIRECTION('',(0.,0.,1.));
#4147=DIRECTION('center_axis',(-1.,4.76130075889608E-13,0.));
#4148=DIRECTION('ref_axis',(-4.76130075889608E-13,-1.,0.));
#4149=DIRECTION('',(4.76130075889608E-13,1.,0.));
#4150=DIRECTION('',(0.,0.,1.));
#4151=DIRECTION('',(-4.76130075889608E-13,-1.,0.));
#4152=DIRECTION('',(0.,0.,1.));
#4153=DIRECTION('',(0.,0.,1.));
#4154=DIRECTION('',(0.,0.,1.));
#4155=DIRECTION('',(0.,0.,1.));
#4156=DIRECTION('',(0.,0.,1.));
#4157=DIRECTION('',(0.,0.,1.));
#4158=DIRECTION('',(0.,0.,1.));
#4159=DIRECTION('',(0.,0.,1.));
#4160=DIRECTION('',(0.,0.,1.));
#4161=DIRECTION('',(0.,0.,1.));
#4162=DIRECTION('center_axis',(-1.,4.72804801608216E-13,0.));
#4163=DIRECTION('ref_axis',(-4.72804801608216E-13,-1.,0.));
#4164=DIRECTION('',(4.72804801608216E-13,1.,0.));
#4165=DIRECTION('',(-4.72804801608216E-13,-1.,0.));
#4166=DIRECTION('',(0.,0.,1.));
#4167=DIRECTION('center_axis',(0.,1.,0.));
#4168=DIRECTION('ref_axis',(-1.,0.,0.));
#4169=DIRECTION('',(1.,0.,0.));
#4170=DIRECTION('',(-1.,0.,0.));
#4171=DIRECTION('',(0.,0.,1.));
#4172=DIRECTION('center_axis',(1.,-4.73399097700167E-13,0.));
#4173=DIRECTION('ref_axis',(4.73399097700167E-13,1.,0.));
#4174=DIRECTION('',(-4.73399097700167E-13,-1.,0.));
#4175=DIRECTION('',(4.73399097700167E-13,1.,0.));
#4176=DIRECTION('',(0.,0.,1.));
#4177=DIRECTION('center_axis',(0.,-1.,0.));
#4178=DIRECTION('ref_axis',(1.,0.,0.));
#4179=DIRECTION('',(-1.,0.,0.));
#4180=DIRECTION('',(1.,0.,0.));
#4181=DIRECTION('center_axis',(0.,0.,1.));
#4182=DIRECTION('ref_axis',(1.,0.,0.));
#4183=DIRECTION('center_axis',(0.,0.,1.));
#4184=DIRECTION('ref_axis',(1.,0.,0.));
#4185=DIRECTION('',(0.,0.,1.));
#4186=DIRECTION('',(0.,0.,1.));
#4187=DIRECTION('',(0.,0.,1.));
#4188=DIRECTION('',(0.,0.,1.));
#4189=DIRECTION('',(0.,0.,1.));
#4190=DIRECTION('',(0.,0.,1.));
#4191=DIRECTION('',(0.,0.,1.));
#4192=DIRECTION('',(0.,0.,1.));
#4193=DIRECTION('',(0.,0.,1.));
#4194=DIRECTION('',(0.,0.,1.));
#4195=DIRECTION('',(0.,0.,1.));
#4196=DIRECTION('',(0.,0.,1.));
#4197=DIRECTION('',(0.,0.,1.));
#4198=DIRECTION('',(0.,0.,1.));
#4199=DIRECTION('',(0.,0.,1.));
#4200=DIRECTION('',(0.,0.,1.));
#4201=DIRECTION('',(0.,0.,1.));
#4202=DIRECTION('center_axis',(0.,0.,1.));
#4203=DIRECTION('ref_axis',(1.,0.,0.));
#4204=DIRECTION('center_axis',(0.,0.,1.));
#4205=DIRECTION('ref_axis',(1.,0.,0.));
#4206=DIRECTION('',(-1.,0.,0.));
#4207=DIRECTION('',(0.,-1.,0.));
#4208=DIRECTION('',(1.,0.,0.));
#4209=DIRECTION('',(0.,1.,0.));
#4210=DIRECTION('',(-0.256472475657906,0.966551534699472,0.));
#4211=DIRECTION('',(1.,0.,0.));
#4212=DIRECTION('',(0.226043549248982,-0.974117197180567,0.));
#4213=DIRECTION('',(0.271252395478673,0.962508253443617,0.));
#4214=DIRECTION('',(1.,0.,0.));
#4215=DIRECTION('',(0.272321970943152,-0.962206185877869,0.));
#4216=DIRECTION('',(0.237193510164191,0.97146242270918,0.));
#4217=DIRECTION('',(1.,0.,0.));
#4218=DIRECTION('',(-0.264453212549927,-0.964398516367597,0.));
#4219=DIRECTION('',(-1.,0.,0.));
#4220=DIRECTION('',(-0.266619752987539,0.963801798772374,0.));
#4221=DIRECTION('',(-0.268222198810231,-0.963357074020534,0.));
#4222=DIRECTION('',(-1.,0.,0.));
#4223=DIRECTION('',(0.161379946947047,-0.986892351132264,0.));
#4224=DIRECTION('',(4.73092380547573E-13,1.,0.));
#4225=DIRECTION('',(-1.,0.,0.));
#4226=DIRECTION('',(4.74325280326447E-13,1.,0.));
#4227=DIRECTION('',(1.,0.,0.));
#4228=DIRECTION('',(4.72804723064724E-13,1.,0.));
#4229=DIRECTION('',(0.856224351087407,0.516604162396075,0.));
#4230=DIRECTION('',(-4.73798892970172E-13,-1.,0.));
#4231=DIRECTION('',(1.,0.,0.));
#4232=DIRECTION('',(-4.74325280326447E-13,-1.,0.));
#4233=DIRECTION('',(-1.,0.,0.));
#4234=DIRECTION('',(-4.72812710601234E-13,-1.,0.));
#4235=DIRECTION('',(0.992441123195098,-0.122721705460984,0.));
#4236=DIRECTION('',(-1.,0.,0.));
#4237=DIRECTION('',(0.,0.,1.));
#4238=DIRECTION('',(0.,0.,1.));
#4239=DIRECTION('',(0.,0.,1.));
#4240=DIRECTION('',(0.,0.,1.));
#4241=DIRECTION('',(0.,0.,1.));
#4242=DIRECTION('',(0.,0.,1.));
#4243=DIRECTION('',(0.,0.,1.));
#4244=DIRECTION('',(0.,0.,1.));
#4245=DIRECTION('',(0.,0.,1.));
#4246=DIRECTION('',(0.,0.,1.));
#4247=DIRECTION('',(0.,0.,1.));
#4248=DIRECTION('',(0.,0.,1.));
#4249=DIRECTION('',(0.,0.,1.));
#4250=DIRECTION('',(0.,0.,1.));
#4251=DIRECTION('',(0.,0.,1.));
#4252=DIRECTION('',(0.,0.,1.));
#4253=DIRECTION('',(0.,0.,1.));
#4254=DIRECTION('center_axis',(0.,0.,1.));
#4255=DIRECTION('ref_axis',(1.,0.,0.));
#4256=DIRECTION('center_axis',(0.,0.,1.));
#4257=DIRECTION('ref_axis',(1.,0.,0.));
#4258=DIRECTION('center_axis',(-0.966551534699472,-0.256472475657906,0.));
#4259=DIRECTION('ref_axis',(0.256472475657906,-0.966551534699472,0.));
#4260=DIRECTION('',(0.,0.,1.));
#4261=DIRECTION('',(0.256472475657906,-0.966551534699472,0.));
#4262=DIRECTION('',(0.,0.,1.));
#4263=DIRECTION('center_axis',(0.,1.,0.));
#4264=DIRECTION('ref_axis',(-1.,0.,0.));
#4265=DIRECTION('',(-1.,0.,0.));
#4266=DIRECTION('',(0.,0.,1.));
#4267=DIRECTION('center_axis',(0.974117197180567,0.226043549248982,0.));
#4268=DIRECTION('ref_axis',(-0.226043549248982,0.974117197180567,0.));
#4269=DIRECTION('',(-0.226043549248982,0.974117197180567,0.));
#4270=DIRECTION('',(0.,0.,1.));
#4271=DIRECTION('',(0.,0.,1.));
#4272=DIRECTION('',(0.,0.,1.));
#4273=DIRECTION('center_axis',(-0.962508253443617,0.271252395478674,0.));
#4274=DIRECTION('ref_axis',(-0.271252395478673,-0.962508253443617,0.));
#4275=DIRECTION('',(-0.271252395478673,-0.962508253443617,0.));
#4276=DIRECTION('',(0.,0.,1.));
#4277=DIRECTION('center_axis',(0.,1.,0.));
#4278=DIRECTION('ref_axis',(-1.,0.,0.));
#4279=DIRECTION('',(-1.,0.,0.));
#4280=DIRECTION('',(0.,0.,1.));
#4281=DIRECTION('center_axis',(0.96220618587787,0.272321970943152,0.));
#4282=DIRECTION('ref_axis',(-0.272321970943152,0.962206185877869,0.));
#4283=DIRECTION('',(-0.272321970943152,0.962206185877869,0.));
#4284=DIRECTION('',(0.,0.,1.));
#4285=DIRECTION('',(0.,0.,1.));
#4286=DIRECTION('',(0.,0.,1.));
#4287=DIRECTION('center_axis',(-0.97146242270918,0.237193510164191,0.));
#4288=DIRECTION('ref_axis',(-0.237193510164191,-0.97146242270918,0.));
#4289=DIRECTION('',(-0.237193510164191,-0.97146242270918,0.));
#4290=DIRECTION('',(0.,0.,1.));
#4291=DIRECTION('center_axis',(0.,1.,0.));
#4292=DIRECTION('ref_axis',(-1.,0.,0.));
#4293=DIRECTION('',(-1.,0.,0.));
#4294=DIRECTION('',(0.,0.,1.));
#4295=DIRECTION('center_axis',(0.964398516367597,-0.264453212549927,0.));
#4296=DIRECTION('ref_axis',(0.264453212549927,0.964398516367597,0.));
#4297=DIRECTION('',(0.264453212549927,0.964398516367597,0.));
#4298=DIRECTION('',(0.,0.,1.));
#4299=DIRECTION('center_axis',(0.,-1.,0.));
#4300=DIRECTION('ref_axis',(1.,0.,0.));
#4301=DIRECTION('',(1.,0.,0.));
#4302=DIRECTION('',(0.,0.,1.));
#4303=DIRECTION('center_axis',(-0.963801798772374,-0.266619752987539,0.));
#4304=DIRECTION('ref_axis',(0.266619752987539,-0.963801798772374,0.));
#4305=DIRECTION('',(0.266619752987539,-0.963801798772374,0.));
#4306=DIRECTION('',(0.,0.,1.));
#4307=DIRECTION('',(0.,0.,1.));
#4308=DIRECTION('',(0.,0.,1.));
#4309=DIRECTION('center_axis',(0.963357074020534,-0.268222198810231,0.));
#4310=DIRECTION('ref_axis',(0.268222198810231,0.963357074020534,0.));
#4311=DIRECTION('',(0.268222198810231,0.963357074020534,0.));
#4312=DIRECTION('',(0.,0.,1.));
#4313=DIRECTION('center_axis',(0.,-1.,0.));
#4314=DIRECTION('ref_axis',(1.,0.,0.));
#4315=DIRECTION('',(1.,0.,0.));
#4316=DIRECTION('center_axis',(0.,0.,1.));
#4317=DIRECTION('ref_axis',(1.,0.,0.));
#4318=DIRECTION('center_axis',(0.986892351132264,0.161379946947047,0.));
#4319=DIRECTION('ref_axis',(-0.161379946947047,0.986892351132264,0.));
#4320=DIRECTION('',(0.,0.,1.));
#4321=DIRECTION('',(-0.161379946947047,0.986892351132264,0.));
#4322=DIRECTION('',(0.,0.,1.));
#4323=DIRECTION('',(0.,0.,1.));
#4324=DIRECTION('',(0.,0.,1.));
#4325=DIRECTION('',(0.,0.,1.));
#4326=DIRECTION('',(0.,0.,1.));
#4327=DIRECTION('center_axis',(-1.,4.73092380547573E-13,0.));
#4328=DIRECTION('ref_axis',(-4.73092380547573E-13,-1.,0.));
#4329=DIRECTION('',(-4.73092380547573E-13,-1.,0.));
#4330=DIRECTION('',(0.,0.,1.));
#4331=DIRECTION('center_axis',(0.,-1.,0.));
#4332=DIRECTION('ref_axis',(1.,0.,0.));
#4333=DIRECTION('',(1.,0.,0.));
#4334=DIRECTION('',(0.,0.,1.));
#4335=DIRECTION('center_axis',(-1.,4.74325280326447E-13,0.));
#4336=DIRECTION('ref_axis',(-4.74325280326447E-13,-1.,0.));
#4337=DIRECTION('',(-4.74325280326447E-13,-1.,0.));
#4338=DIRECTION('',(0.,0.,1.));
#4339=DIRECTION('center_axis',(0.,1.,0.));
#4340=DIRECTION('ref_axis',(-1.,0.,0.));
#4341=DIRECTION('',(-1.,0.,0.));
#4342=DIRECTION('',(0.,0.,1.));
#4343=DIRECTION('center_axis',(-1.,4.72804723064724E-13,0.));
#4344=DIRECTION('ref_axis',(-4.72804723064724E-13,-1.,0.));
#4345=DIRECTION('',(-4.72804723064724E-13,-1.,0.));
#4346=DIRECTION('',(0.,0.,1.));
#4347=DIRECTION('center_axis',(-0.516604162396075,0.856224351087407,0.));
#4348=DIRECTION('ref_axis',(-0.856224351087407,-0.516604162396075,0.));
#4349=DIRECTION('',(-0.856224351087407,-0.516604162396075,0.));
#4350=DIRECTION('',(0.,0.,1.));
#4351=DIRECTION('center_axis',(1.,-4.73798892970172E-13,0.));
#4352=DIRECTION('ref_axis',(4.73798892970172E-13,1.,0.));
#4353=DIRECTION('',(4.73798892970172E-13,1.,0.));
#4354=DIRECTION('',(0.,0.,1.));
#4355=DIRECTION('center_axis',(0.,1.,0.));
#4356=DIRECTION('ref_axis',(-1.,0.,0.));
#4357=DIRECTION('',(-1.,0.,0.));
#4358=DIRECTION('',(0.,0.,1.));
#4359=DIRECTION('center_axis',(1.,-4.74325280326447E-13,0.));
#4360=DIRECTION('ref_axis',(4.74325280326447E-13,1.,0.));
#4361=DIRECTION('',(4.74325280326447E-13,1.,0.));
#4362=DIRECTION('',(0.,0.,1.));
#4363=DIRECTION('center_axis',(0.,-1.,0.));
#4364=DIRECTION('ref_axis',(1.,0.,0.));
#4365=DIRECTION('',(1.,0.,0.));
#4366=DIRECTION('',(0.,0.,1.));
#4367=DIRECTION('center_axis',(1.,-4.72812710601234E-13,0.));
#4368=DIRECTION('ref_axis',(4.72812710601234E-13,1.,0.));
#4369=DIRECTION('',(4.72812710601234E-13,1.,0.));
#4370=DIRECTION('',(0.,0.,1.));
#4371=DIRECTION('',(0.,0.,1.));
#4372=DIRECTION('',(0.,0.,1.));
#4373=DIRECTION('',(0.,0.,1.));
#4374=DIRECTION('center_axis',(0.,0.,1.));
#4375=DIRECTION('ref_axis',(1.,0.,0.));
#4376=DIRECTION('center_axis',(0.,1.,0.));
#4377=DIRECTION('ref_axis',(-1.,0.,0.));
#4378=DIRECTION('',(1.,0.,0.));
#4379=DIRECTION('',(0.,0.,1.));
#4380=DIRECTION('',(-1.,0.,0.));
#4381=DIRECTION('',(0.,0.,1.));
#4382=DIRECTION('',(0.,0.,1.));
#4383=DIRECTION('',(0.,0.,1.));
#4384=DIRECTION('',(0.,0.,1.));
#4385=DIRECTION('center_axis',(0.122721705460984,0.992441123195098,0.));
#4386=DIRECTION('ref_axis',(-0.992441123195098,0.122721705460984,0.));
#4387=DIRECTION('',(0.,0.,1.));
#4388=DIRECTION('',(-0.992441123195098,0.122721705460984,0.));
#4389=DIRECTION('',(0.,0.,1.));
#4390=DIRECTION('',(0.,0.,1.));
#4391=DIRECTION('',(0.,0.,1.));
#4392=DIRECTION('',(0.,0.,1.));
#4393=DIRECTION('',(0.,0.,1.));
#4394=DIRECTION('',(0.,0.,1.));
#4395=DIRECTION('',(0.,0.,1.));
#4396=DIRECTION('',(0.,0.,1.));
#4397=DIRECTION('',(0.,0.,1.));
#4398=DIRECTION('',(0.,0.,1.));
#4399=DIRECTION('center_axis',(0.,-1.,0.));
#4400=DIRECTION('ref_axis',(1.,0.,0.));
#4401=DIRECTION('',(1.,0.,0.));
#4402=DIRECTION('',(0.,0.,1.));
#4403=DIRECTION('',(0.,0.,1.));
#4404=DIRECTION('',(0.,0.,1.));
#4405=DIRECTION('',(0.,0.,1.));
#4406=DIRECTION('center_axis',(0.,0.,1.));
#4407=DIRECTION('ref_axis',(1.,0.,0.));
#4408=DIRECTION('center_axis',(0.,0.,1.));
#4409=DIRECTION('ref_axis',(1.,0.,0.));
#4410=DIRECTION('center_axis',(1.,0.,0.));
#4411=DIRECTION('ref_axis',(0.,-1.,0.));
#4412=DIRECTION('',(0.,0.,-1.));
#4413=DIRECTION('',(0.,-1.,0.));
#4414=DIRECTION('',(0.,0.,-1.));
#4415=DIRECTION('center_axis',(0.,1.,0.));
#4416=DIRECTION('ref_axis',(1.,0.,0.));
#4417=DIRECTION('',(1.,0.,0.));
#4418=DIRECTION('',(0.,0.,-1.));
#4419=DIRECTION('center_axis',(-1.,0.,0.));
#4420=DIRECTION('ref_axis',(0.,1.,0.));
#4421=DIRECTION('',(0.,1.,0.));
#4422=DIRECTION('',(0.,0.,-1.));
#4423=DIRECTION('center_axis',(0.,-1.,0.));
#4424=DIRECTION('ref_axis',(-1.,0.,0.));
#4425=DIRECTION('',(-1.,0.,0.));
#4426=DIRECTION('center_axis',(0.,0.,1.));
#4427=DIRECTION('ref_axis',(1.,0.,0.));
#4428=DIRECTION('center_axis',(0.,0.,-1.));
#4429=DIRECTION('ref_axis',(-1.,0.,0.));
#4430=DIRECTION('center_axis',(-0.932699922798793,-0.360653370996481,0.));
#4431=DIRECTION('ref_axis',(0.360653370996481,-0.932699922798793,0.));
#4432=DIRECTION('',(-0.360653370996481,0.932699922798793,0.));
#4433=DIRECTION('',(0.,0.,1.));
#4434=DIRECTION('',(0.360653370996481,-0.932699922798793,0.));
#4435=DIRECTION('',(0.,0.,1.));
#4436=DIRECTION('center_axis',(0.000671493822704275,0.999999774547998,0.));
#4437=DIRECTION('ref_axis',(-0.999999774547998,0.000671493822704275,0.));
#4438=DIRECTION('',(0.999999774547998,-0.000671493822704275,0.));
#4439=DIRECTION('',(-0.999999774547998,0.000671493822704275,0.));
#4440=DIRECTION('',(0.,0.,1.));
#4441=DIRECTION('center_axis',(0.94178773691327,0.33620805849917,0.));
#4442=DIRECTION('ref_axis',(-0.33620805849917,0.94178773691327,0.));
#4443=DIRECTION('',(0.33620805849917,-0.94178773691327,0.));
#4444=DIRECTION('',(-0.33620805849917,0.94178773691327,0.));
#4445=DIRECTION('',(0.,0.,1.));
#4446=DIRECTION('',(0.,0.,1.));
#4447=DIRECTION('',(0.,0.,1.));
#4448=DIRECTION('center_axis',(-0.937067881594576,0.349147225800025,0.));
#4449=DIRECTION('ref_axis',(-0.349147225800025,-0.937067881594576,0.));
#4450=DIRECTION('',(0.349147225800025,0.937067881594576,0.));
#4451=DIRECTION('',(-0.349147225800025,-0.937067881594576,0.));
#4452=DIRECTION('',(0.,0.,1.));
#4453=DIRECTION('center_axis',(0.000671493822703831,0.999999774547998,0.));
#4454=DIRECTION('ref_axis',(-0.999999774547998,0.000671493822703831,0.));
#4455=DIRECTION('',(0.999999774547998,-0.000671493822703831,0.));
#4456=DIRECTION('',(-0.999999774547998,0.000671493822703831,0.));
#4457=DIRECTION('',(0.,0.,1.));
#4458=DIRECTION('center_axis',(0.930922770819411,-0.365216093251531,0.));
#4459=DIRECTION('ref_axis',(0.365216093251531,0.930922770819411,0.));
#4460=DIRECTION('',(-0.365216093251531,-0.930922770819411,0.));
#4461=DIRECTION('',(0.365216093251531,0.930922770819411,0.));
#4462=DIRECTION('',(0.,0.,1.));
#4463=DIRECTION('center_axis',(-0.000671493822704856,-0.999999774547998,
0.));
#4464=DIRECTION('ref_axis',(0.999999774547998,-0.000671493822704856,0.));
#4465=DIRECTION('',(-0.999999774547998,0.000671493822704856,0.));
#4466=DIRECTION('',(0.999999774547998,-0.000671493822704856,0.));
#4467=DIRECTION('center_axis',(0.,0.,1.));
#4468=DIRECTION('ref_axis',(1.,0.,0.));
#4469=DIRECTION('center_axis',(-0.000671493822705148,-0.999999774547998,
0.));
#4470=DIRECTION('ref_axis',(0.999999774547998,-0.000671493822705148,0.));
#4471=DIRECTION('',(-0.999999774547998,0.000671493822705148,0.));
#4472=DIRECTION('',(0.,0.,1.));
#4473=DIRECTION('',(0.999999774547998,-0.000671493822705148,0.));
#4474=DIRECTION('',(0.,0.,1.));
#4475=DIRECTION('center_axis',(-0.999999774547998,0.000671493822703923,
0.));
#4476=DIRECTION('ref_axis',(-0.000671493822703923,-0.999999774547998,0.));
#4477=DIRECTION('',(0.000671493822703923,0.999999774547998,0.));
#4478=DIRECTION('',(-0.000671493822703923,-0.999999774547998,0.));
#4479=DIRECTION('',(0.,0.,1.));
#4480=DIRECTION('',(0.,0.,1.));
#4481=DIRECTION('',(0.,0.,1.));
#4482=DIRECTION('center_axis',(-0.999999774547998,0.000671493822704397,
0.));
#4483=DIRECTION('ref_axis',(-0.000671493822704397,-0.999999774547998,0.));
#4484=DIRECTION('',(0.000671493822704397,0.999999774547998,0.));
#4485=DIRECTION('',(-0.000671493822704397,-0.999999774547998,0.));
#4486=DIRECTION('',(0.,0.,1.));
#4487=DIRECTION('',(0.,0.,1.));
#4488=DIRECTION('',(0.,0.,1.));
#4489=DIRECTION('center_axis',(0.000671493822703776,0.999999774547998,0.));
#4490=DIRECTION('ref_axis',(-0.999999774547998,0.000671493822703776,0.));
#4491=DIRECTION('',(0.999999774547998,-0.000671493822703776,0.));
#4492=DIRECTION('',(-0.999999774547998,0.000671493822703776,0.));
#4493=DIRECTION('',(0.,0.,1.));
#4494=DIRECTION('center_axis',(0.999999774547998,-0.000671493822703948,
0.));
#4495=DIRECTION('ref_axis',(0.000671493822703948,0.999999774547998,0.));
#4496=DIRECTION('',(-0.000671493822703948,-0.999999774547998,0.));
#4497=DIRECTION('',(0.000671493822703948,0.999999774547998,0.));
#4498=DIRECTION('center_axis',(0.,0.,1.));
#4499=DIRECTION('ref_axis',(1.,0.,0.));
#4500=DIRECTION('center_axis',(1.,0.,0.));
#4501=DIRECTION('ref_axis',(0.,-1.,0.));
#4502=DIRECTION('',(0.,-1.,0.));
#4503=DIRECTION('',(0.,0.,-1.));
#4504=DIRECTION('',(0.,-1.,0.));
#4505=DIRECTION('',(0.,0.,-1.));
#4506=DIRECTION('center_axis',(0.,1.,0.));
#4507=DIRECTION('ref_axis',(1.,0.,0.));
#4508=DIRECTION('',(1.,0.,0.));
#4509=DIRECTION('',(1.,0.,0.));
#4510=DIRECTION('',(0.,0.,-1.));
#4511=DIRECTION('center_axis',(-1.,0.,0.));
#4512=DIRECTION('ref_axis',(0.,1.,0.));
#4513=DIRECTION('',(0.,1.,0.));
#4514=DIRECTION('',(0.,1.,0.));
#4515=DIRECTION('',(0.,0.,-1.));
#4516=DIRECTION('center_axis',(0.,-1.,0.));
#4517=DIRECTION('ref_axis',(-1.,0.,0.));
#4518=DIRECTION('',(-1.,0.,0.));
#4519=DIRECTION('',(-1.,0.,0.));
#4520=DIRECTION('center_axis',(0.,0.,1.));
#4521=DIRECTION('ref_axis',(1.,0.,0.));
#4522=DIRECTION('center_axis',(0.,0.,-1.));
#4523=DIRECTION('ref_axis',(-1.,0.,0.));
#4524=CARTESIAN_POINT('',(0.,0.,0.));
#4525=CARTESIAN_POINT('Origin',(5.43565192856477E-12,11.4878406607145,0.));
#4526=CARTESIAN_POINT('',(2.6534790918238,1.48784066071446,0.));
#4527=CARTESIAN_POINT('',(5.43565192856477E-12,11.4878406607145,0.));
#4528=CARTESIAN_POINT('',(1.95486182957127,4.12067565989205,0.));
#4529=CARTESIAN_POINT('',(2.6534790918238,1.48784066071446,3.));
#4530=CARTESIAN_POINT('',(2.6534790918238,1.48784066071446,0.));
#4531=CARTESIAN_POINT('',(5.43565192856477E-12,11.4878406607145,3.));
#4532=CARTESIAN_POINT('',(2.6534790918238,1.48784066071446,3.));
#4533=CARTESIAN_POINT('',(5.43565192856477E-12,11.4878406607145,0.));
#4534=CARTESIAN_POINT('Origin',(1.357435099786,11.4878406607145,0.));
#4535=CARTESIAN_POINT('',(1.357435099786,11.4878406607145,0.));
#4536=CARTESIAN_POINT('',(18.1725926062046,11.4878406607145,0.));
#4537=CARTESIAN_POINT('',(1.357435099786,11.4878406607145,3.));
#4538=CARTESIAN_POINT('',(5.43565192856477E-12,11.4878406607145,3.));
#4539=CARTESIAN_POINT('',(1.357435099786,11.4878406607145,0.));
#4540=CARTESIAN_POINT('Origin',(2.87858139723773,4.93258858551915,0.));
#4541=CARTESIAN_POINT('',(2.87858139723773,4.93258858551915,0.));
#4542=CARTESIAN_POINT('',(3.69148207289163,1.42946147017539,0.));
#4543=CARTESIAN_POINT('',(2.87858139723773,4.93258858551915,3.));
#4544=CARTESIAN_POINT('',(1.357435099786,11.4878406607145,3.));
#4545=CARTESIAN_POINT('',(2.87858139723773,4.93258858551915,0.));
#4546=CARTESIAN_POINT('Ctrl Pts',(3.30150078982251,2.88620377411778,0.));
#4547=CARTESIAN_POINT('Ctrl Pts',(3.30150078982251,2.88620377411778,3.));
#4548=CARTESIAN_POINT('Ctrl Pts',(3.23927804293637,3.22666386282479,0.));
#4549=CARTESIAN_POINT('Ctrl Pts',(3.23927804293637,3.22666386282479,3.));
#4550=CARTESIAN_POINT('Ctrl Pts',(3.11401854292426,3.91203798434264,0.));
#4551=CARTESIAN_POINT('Ctrl Pts',(3.11401854292426,3.91203798434264,3.));
#4552=CARTESIAN_POINT('Ctrl Pts',(2.95739971136765,4.59093443559962,0.));
#4553=CARTESIAN_POINT('Ctrl Pts',(2.95739971136765,4.59093443559962,3.));
#4554=CARTESIAN_POINT('Ctrl Pts',(2.87858139723773,4.93258858551915,0.));
#4555=CARTESIAN_POINT('Ctrl Pts',(2.87858139723773,4.93258858551915,3.));
#4556=CARTESIAN_POINT('',(3.30150078982251,2.88620377411778,0.));
#4557=CARTESIAN_POINT('Ctrl Pts',(2.87858139723773,4.93258858551915,0.));
#4558=CARTESIAN_POINT('Ctrl Pts',(2.95739971136765,4.59093443559962,0.));
#4559=CARTESIAN_POINT('Ctrl Pts',(3.11401854292426,3.91203798434264,0.));
#4560=CARTESIAN_POINT('Ctrl Pts',(3.23927804293637,3.22666386282479,0.));
#4561=CARTESIAN_POINT('Ctrl Pts',(3.30150078982251,2.88620377411778,0.));
#4562=CARTESIAN_POINT('',(3.30150078982251,2.88620377411778,3.));
#4563=CARTESIAN_POINT('Ctrl Pts',(3.30150078982251,2.88620377411778,3.));
#4564=CARTESIAN_POINT('Ctrl Pts',(3.23927804293637,3.22666386282479,3.));
#4565=CARTESIAN_POINT('Ctrl Pts',(3.11401854292426,3.91203798434264,3.));
#4566=CARTESIAN_POINT('Ctrl Pts',(2.95739971136765,4.59093443559962,3.));
#4567=CARTESIAN_POINT('Ctrl Pts',(2.87858139723773,4.93258858551915,3.));
#4568=CARTESIAN_POINT('',(3.30150078982251,2.88620377411778,0.));
#4569=CARTESIAN_POINT('Ctrl Pts',(3.75170540064797,4.73477149834569,0.));
#4570=CARTESIAN_POINT('Ctrl Pts',(3.75170540064797,4.73477149834569,3.));
#4571=CARTESIAN_POINT('Ctrl Pts',(3.70251281176266,4.53987185519694,0.));
#4572=CARTESIAN_POINT('Ctrl Pts',(3.70251281176266,4.53987185519694,3.));
#4573=CARTESIAN_POINT('Ctrl Pts',(3.54730531121146,3.9249441362683,0.));
#4574=CARTESIAN_POINT('Ctrl Pts',(3.54730531121146,3.9249441362683,3.));
#4575=CARTESIAN_POINT('Ctrl Pts',(3.40125848060009,3.30776778465783,0.));
#4576=CARTESIAN_POINT('Ctrl Pts',(3.40125848060009,3.30776778465783,3.));
#4577=CARTESIAN_POINT('Ctrl Pts',(3.30150078982251,2.88620377411778,0.));
#4578=CARTESIAN_POINT('Ctrl Pts',(3.30150078982251,2.88620377411778,3.));
#4579=CARTESIAN_POINT('',(3.75170540064797,4.73477149834569,0.));
#4580=CARTESIAN_POINT('Ctrl Pts',(3.30150078982251,2.88620377411778,0.));
#4581=CARTESIAN_POINT('Ctrl Pts',(3.40125848060009,3.30776778465783,0.));
#4582=CARTESIAN_POINT('Ctrl Pts',(3.54730531121146,3.9249441362683,0.));
#4583=CARTESIAN_POINT('Ctrl Pts',(3.70251281176266,4.53987185519694,0.));
#4584=CARTESIAN_POINT('Ctrl Pts',(3.75170540064797,4.73477149834569,0.));
#4585=CARTESIAN_POINT('',(3.75170540064797,4.73477149834569,3.));
#4586=CARTESIAN_POINT('Ctrl Pts',(3.75170540064797,4.73477149834569,3.));
#4587=CARTESIAN_POINT('Ctrl Pts',(3.70251281176266,4.53987185519694,3.));
#4588=CARTESIAN_POINT('Ctrl Pts',(3.54730531121146,3.9249441362683,3.));
#4589=CARTESIAN_POINT('Ctrl Pts',(3.40125848060009,3.30776778465783,3.));
#4590=CARTESIAN_POINT('Ctrl Pts',(3.30150078982251,2.88620377411778,3.));
#4591=CARTESIAN_POINT('',(3.75170540064797,4.73477149834569,0.));
#4592=CARTESIAN_POINT('Origin',(5.65484266728706,11.4878406607145,0.));
#4593=CARTESIAN_POINT('',(5.65484266728706,11.4878406607145,0.));
#4594=CARTESIAN_POINT('',(5.88703699689169,12.3117561997649,0.));
#4595=CARTESIAN_POINT('',(5.65484266728706,11.4878406607145,3.));
#4596=CARTESIAN_POINT('',(3.75170540064797,4.73477149834569,3.));
#4597=CARTESIAN_POINT('',(5.65484266728706,11.4878406607145,0.));
#4598=CARTESIAN_POINT('Origin',(7.25102286786385,11.4878406607145,0.));
#4599=CARTESIAN_POINT('',(7.25102286786385,11.4878406607145,0.));
#4600=CARTESIAN_POINT('',(21.1193864902435,11.4878406607145,0.));
#4601=CARTESIAN_POINT('',(7.25102286786385,11.4878406607145,3.));
#4602=CARTESIAN_POINT('',(5.65484266728706,11.4878406607145,3.));
#4603=CARTESIAN_POINT('',(7.25102286786385,11.4878406607145,0.));
#4604=CARTESIAN_POINT('Origin',(8.6834923550517,6.4264490686887,0.));
#4605=CARTESIAN_POINT('',(8.6834923550517,6.4264490686887,0.));
#4606=CARTESIAN_POINT('',(9.84573467696342,2.31986001486608,0.));
#4607=CARTESIAN_POINT('',(8.6834923550517,6.4264490686887,3.));
#4608=CARTESIAN_POINT('',(7.25102286786385,11.4878406607145,3.));
#4609=CARTESIAN_POINT('',(8.6834923550517,6.4264490686887,0.));
#4610=CARTESIAN_POINT('Ctrl Pts',(9.46111839264768,2.88620377411778,0.));
#4611=CARTESIAN_POINT('Ctrl Pts',(9.46111839264768,2.88620377411778,3.));
#4612=CARTESIAN_POINT('Ctrl Pts',(9.36574186888565,3.45949767780115,0.));
#4613=CARTESIAN_POINT('Ctrl Pts',(9.36574186888565,3.45949767780115,3.));
#4614=CARTESIAN_POINT('Ctrl Pts',(9.16721317214779,4.65282374019785,0.));
#4615=CARTESIAN_POINT('Ctrl Pts',(9.16721317214779,4.65282374019785,3.));
#4616=CARTESIAN_POINT('Ctrl Pts',(8.84888850179598,5.82000257159248,0.));
#4617=CARTESIAN_POINT('Ctrl Pts',(8.84888850179598,5.82000257159248,3.));
#4618=CARTESIAN_POINT('Ctrl Pts',(8.6834923550517,6.4264490686887,0.));
#4619=CARTESIAN_POINT('Ctrl Pts',(8.6834923550517,6.4264490686887,3.));
#4620=CARTESIAN_POINT('',(9.46111839264768,2.88620377411778,0.));
#4621=CARTESIAN_POINT('Ctrl Pts',(8.6834923550517,6.4264490686887,0.));
#4622=CARTESIAN_POINT('Ctrl Pts',(8.84888850179598,5.82000257159248,0.));
#4623=CARTESIAN_POINT('Ctrl Pts',(9.16721317214779,4.65282374019785,0.));
#4624=CARTESIAN_POINT('Ctrl Pts',(9.36574186888565,3.45949767780115,0.));
#4625=CARTESIAN_POINT('Ctrl Pts',(9.46111839264768,2.88620377411778,0.));
#4626=CARTESIAN_POINT('',(9.46111839264768,2.88620377411778,3.));
#4627=CARTESIAN_POINT('Ctrl Pts',(9.46111839264768,2.88620377411778,3.));
#4628=CARTESIAN_POINT('Ctrl Pts',(9.36574186888565,3.45949767780115,3.));
#4629=CARTESIAN_POINT('Ctrl Pts',(9.16721317214779,4.65282374019785,3.));
#4630=CARTESIAN_POINT('Ctrl Pts',(8.84888850179598,5.82000257159248,3.));
#4631=CARTESIAN_POINT('Ctrl Pts',(8.6834923550517,6.4264490686887,3.));
#4632=CARTESIAN_POINT('',(9.46111839264768,2.88620377411778,0.));
#4633=CARTESIAN_POINT('Ctrl Pts',(9.95907228440286,5.06219292511876,0.));
#4634=CARTESIAN_POINT('Ctrl Pts',(9.95907228440286,5.06219292511876,3.));
#4635=CARTESIAN_POINT('Ctrl Pts',(9.86406392262526,4.67675872404167,0.));
#4636=CARTESIAN_POINT('Ctrl Pts',(9.86406392262526,4.67675872404167,3.));
#4637=CARTESIAN_POINT('Ctrl Pts',(9.68595392383724,3.95419405918198,0.));
#4638=CARTESIAN_POINT('Ctrl Pts',(9.68595392383724,3.95419405918198,3.));
#4639=CARTESIAN_POINT('Ctrl Pts',(9.5326473681577,3.22597325157147,0.));
#4640=CARTESIAN_POINT('Ctrl Pts',(9.5326473681577,3.22597325157147,3.));
#4641=CARTESIAN_POINT('Ctrl Pts',(9.46111839264768,2.88620377411778,0.));
#4642=CARTESIAN_POINT('Ctrl Pts',(9.46111839264768,2.88620377411778,3.));
#4643=CARTESIAN_POINT('',(9.95907228440286,5.06219292511876,0.));
#4644=CARTESIAN_POINT('Ctrl Pts',(9.46111839264768,2.88620377411778,0.));
#4645=CARTESIAN_POINT('Ctrl Pts',(9.5326473681577,3.22597325157147,0.));
#4646=CARTESIAN_POINT('Ctrl Pts',(9.68595392383724,3.95419405918198,0.));
#4647=CARTESIAN_POINT('Ctrl Pts',(9.86406392262526,4.67675872404167,0.));
#4648=CARTESIAN_POINT('Ctrl Pts',(9.95907228440286,5.06219292511876,0.));
#4649=CARTESIAN_POINT('',(9.95907228440286,5.06219292511876,3.));
#4650=CARTESIAN_POINT('Ctrl Pts',(9.95907228440286,5.06219292511876,3.));
#4651=CARTESIAN_POINT('Ctrl Pts',(9.86406392262526,4.67675872404167,3.));
#4652=CARTESIAN_POINT('Ctrl Pts',(9.68595392383724,3.95419405918198,3.));
#4653=CARTESIAN_POINT('Ctrl Pts',(9.5326473681577,3.22597325157147,3.));
#4654=CARTESIAN_POINT('Ctrl Pts',(9.46111839264768,2.88620377411778,3.));
#4655=CARTESIAN_POINT('',(9.95907228440286,5.06219292511876,0.));
#4656=CARTESIAN_POINT('Origin',(11.5279678627903,11.4878406607145,0.));
#4657=CARTESIAN_POINT('',(11.5279678627903,11.4878406607145,0.));
#4658=CARTESIAN_POINT('',(11.4404219231461,11.1292831017638,0.));
#4659=CARTESIAN_POINT('',(11.5279678627903,11.4878406607145,3.));
#4660=CARTESIAN_POINT('',(9.95907228440286,5.06219292511876,3.));
#4661=CARTESIAN_POINT('',(11.5279678627903,11.4878406607145,0.));
#4662=CARTESIAN_POINT('Origin',(12.8581182286198,11.4878406607145,0.));
#4663=CARTESIAN_POINT('',(12.8581182286198,11.4878406607145,0.));
#4664=CARTESIAN_POINT('',(23.9229341706215,11.4878406607145,0.));
#4665=CARTESIAN_POINT('',(12.8581182286198,11.4878406607145,3.));
#4666=CARTESIAN_POINT('',(11.5279678627903,11.4878406607145,3.));
#4667=CARTESIAN_POINT('',(12.8581182286198,11.4878406607145,0.));
#4668=CARTESIAN_POINT('Origin',(10.1159624382861,1.48784066071446,0.));
#4669=CARTESIAN_POINT('',(10.1159624382861,1.48784066071446,0.));
#4670=CARTESIAN_POINT('',(11.4335395899511,6.29273597814897,0.));
#4671=CARTESIAN_POINT('',(10.1159624382861,1.48784066071446,3.));
#4672=CARTESIAN_POINT('',(12.8581182286198,11.4878406607145,3.));
#4673=CARTESIAN_POINT('',(10.1159624382861,1.48784066071446,0.));
#4674=CARTESIAN_POINT('Origin',(8.8403819128878,1.48784066071446,0.));
#4675=CARTESIAN_POINT('',(8.8403819128878,1.48784066071446,0.));
#4676=CARTESIAN_POINT('',(21.9140660127555,1.48784066071446,0.));
#4677=CARTESIAN_POINT('',(8.8403819128878,1.48784066071446,3.));
#4678=CARTESIAN_POINT('',(10.1159624382861,1.48784066071446,3.));
#4679=CARTESIAN_POINT('',(8.8403819128878,1.48784066071446,0.));
#4680=CARTESIAN_POINT('Origin',(6.73260550946428,9.10721326699193,0.));
#4681=CARTESIAN_POINT('',(6.73260550946428,9.10721326699193,0.));
#4682=CARTESIAN_POINT('',(8.26459577369023,3.56924224057392,0.));
#4683=CARTESIAN_POINT('',(6.73260550946428,9.10721326699193,3.));
#4684=CARTESIAN_POINT('',(8.8403819128878,1.48784066071446,3.));
#4685=CARTESIAN_POINT('',(6.73260550946428,9.10721326699193,0.));
#4686=CARTESIAN_POINT('Ctrl Pts',(6.41882639378796,10.2804734789365,0.));
#4687=CARTESIAN_POINT('Ctrl Pts',(6.41882639378796,10.2804734789365,3.));
#4688=CARTESIAN_POINT('Ctrl Pts',(6.45250297495318,10.1462081244635,0.));
#4689=CARTESIAN_POINT('Ctrl Pts',(6.45250297495318,10.1462081244635,3.));
#4690=CARTESIAN_POINT('Ctrl Pts',(6.55099984194587,9.75351040089205,0.));
#4691=CARTESIAN_POINT('Ctrl Pts',(6.55099984194587,9.75351040089205,3.));
#4692=CARTESIAN_POINT('Ctrl Pts',(6.6605265448659,9.36372744339943,0.));
#4693=CARTESIAN_POINT('Ctrl Pts',(6.6605265448659,9.36372744339943,3.));
#4694=CARTESIAN_POINT('Ctrl Pts',(6.73260550946428,9.10721326699193,0.));
#4695=CARTESIAN_POINT('Ctrl Pts',(6.73260550946428,9.10721326699193,3.));
#4696=CARTESIAN_POINT('',(6.41882639378796,10.2804734789365,0.));
#4697=CARTESIAN_POINT('Ctrl Pts',(6.73260550946428,9.10721326699193,0.));
#4698=CARTESIAN_POINT('Ctrl Pts',(6.6605265448659,9.36372744339943,0.));
#4699=CARTESIAN_POINT('Ctrl Pts',(6.55099984194587,9.75351040089205,0.));
#4700=CARTESIAN_POINT('Ctrl Pts',(6.45250297495318,10.1462081244635,0.));
#4701=CARTESIAN_POINT('Ctrl Pts',(6.41882639378796,10.2804734789365,0.));
#4702=CARTESIAN_POINT('',(6.41882639378796,10.2804734789365,3.));
#4703=CARTESIAN_POINT('Ctrl Pts',(6.41882639378796,10.2804734789365,3.));
#4704=CARTESIAN_POINT('Ctrl Pts',(6.45250297495318,10.1462081244635,3.));
#4705=CARTESIAN_POINT('Ctrl Pts',(6.55099984194587,9.75351040089205,3.));
#4706=CARTESIAN_POINT('Ctrl Pts',(6.6605265448659,9.36372744339943,3.));
#4707=CARTESIAN_POINT('Ctrl Pts',(6.73260550946428,9.10721326699193,3.));
#4708=CARTESIAN_POINT('',(6.41882639378796,10.2804734789365,0.));
#4709=CARTESIAN_POINT('Ctrl Pts',(6.12551134080126,9.10721326699193,0.));
#4710=CARTESIAN_POINT('Ctrl Pts',(6.12551134080126,9.10721326699193,3.));
#4711=CARTESIAN_POINT('Ctrl Pts',(6.17370845381309,9.2854481570323,0.));
#4712=CARTESIAN_POINT('Ctrl Pts',(6.17370845381309,9.2854481570323,3.));
#4713=CARTESIAN_POINT('Ctrl Pts',(6.2789559406818,9.67465765687232,0.));
#4714=CARTESIAN_POINT('Ctrl Pts',(6.2789559406818,9.67465765687232,3.));
#4715=CARTESIAN_POINT('Ctrl Pts',(6.36965962347095,10.0675192293694,0.));
#4716=CARTESIAN_POINT('Ctrl Pts',(6.36965962347095,10.0675192293694,3.));
#4717=CARTESIAN_POINT('Ctrl Pts',(6.41882639378796,10.2804734789365,0.));
#4718=CARTESIAN_POINT('Ctrl Pts',(6.41882639378796,10.2804734789365,3.));
#4719=CARTESIAN_POINT('',(6.12551134080126,9.10721326699193,0.));
#4720=CARTESIAN_POINT('Ctrl Pts',(6.41882639378796,10.2804734789365,0.));
#4721=CARTESIAN_POINT('Ctrl Pts',(6.36965962347095,10.0675192293694,0.));
#4722=CARTESIAN_POINT('Ctrl Pts',(6.2789559406818,9.67465765687232,0.));
#4723=CARTESIAN_POINT('Ctrl Pts',(6.17370845381309,9.2854481570323,0.));
#4724=CARTESIAN_POINT('Ctrl Pts',(6.12551134080126,9.10721326699193,0.));
#4725=CARTESIAN_POINT('',(6.12551134080126,9.10721326699193,3.));
#4726=CARTESIAN_POINT('Ctrl Pts',(6.12551134080126,9.10721326699193,3.));
#4727=CARTESIAN_POINT('Ctrl Pts',(6.17370845381309,9.2854481570323,3.));
#4728=CARTESIAN_POINT('Ctrl Pts',(6.2789559406818,9.67465765687232,3.));
#4729=CARTESIAN_POINT('Ctrl Pts',(6.36965962347095,10.0675192293694,3.));
#4730=CARTESIAN_POINT('Ctrl Pts',(6.41882639378796,10.2804734789365,3.));
#4731=CARTESIAN_POINT('',(6.12551134080126,9.10721326699193,0.));
#4732=CARTESIAN_POINT('Origin',(4.00409292429756,1.48784066071446,0.));
#4733=CARTESIAN_POINT('',(4.00409292429756,1.48784066071446,0.));
#4734=CARTESIAN_POINT('',(5.57238213043771,7.1205719140231,0.));
#4735=CARTESIAN_POINT('',(4.00409292429756,1.48784066071446,3.));
#4736=CARTESIAN_POINT('',(6.12551134080126,9.10721326699193,3.));
#4737=CARTESIAN_POINT('',(4.00409292429756,1.48784066071446,0.));
#4738=CARTESIAN_POINT('Origin',(2.6534790918238,1.48784066071446,0.));
#4739=CARTESIAN_POINT('',(18.8206146022235,1.48784066071446,0.));
#4740=CARTESIAN_POINT('',(4.00409292429756,1.48784066071446,3.));
#4741=CARTESIAN_POINT('Origin',(33.315143194055,6.40598500599797,3.));
#4742=CARTESIAN_POINT('Origin',(22.1759883686918,3.84118343224461,0.));
#4743=CARTESIAN_POINT('',(20.9618012234586,3.65018750061925,0.));
#4744=CARTESIAN_POINT('',(22.1759883686918,3.84118343224461,0.));
#4745=CARTESIAN_POINT('',(28.5161292155049,4.83851000782821,0.));
#4746=CARTESIAN_POINT('',(20.9618012234586,3.65018750061925,3.));
#4747=CARTESIAN_POINT('',(20.9618012234586,3.65018750061925,0.));
#4748=CARTESIAN_POINT('',(22.1759883686918,3.84118343224461,3.));
#4749=CARTESIAN_POINT('',(20.9618012234586,3.65018750061925,3.));
#4750=CARTESIAN_POINT('',(22.1759883686918,3.84118343224461,0.));
#4751=CARTESIAN_POINT('Ctrl Pts',(22.7455655857934,2.7224924646848,0.));
#4752=CARTESIAN_POINT('Ctrl Pts',(22.7455655857934,2.7224924646848,3.));
#4753=CARTESIAN_POINT('Ctrl Pts',(22.6042848336606,2.87219759323745,0.));
#4754=CARTESIAN_POINT('Ctrl Pts',(22.6042848336606,2.87219759323745,3.));
#4755=CARTESIAN_POINT('Ctrl Pts',(22.3058593570317,3.18841776950136,0.));
#4756=CARTESIAN_POINT('Ctrl Pts',(22.3058593570317,3.18841776950136,3.));
#4757=CARTESIAN_POINT('Ctrl Pts',(22.220786164141,3.61601795834177,0.));
#4758=CARTESIAN_POINT('Ctrl Pts',(22.220786164141,3.61601795834177,3.));
#4759=CARTESIAN_POINT('Ctrl Pts',(22.1759883686918,3.84118343224461,0.));
#4760=CARTESIAN_POINT('Ctrl Pts',(22.1759883686918,3.84118343224461,3.));
#4761=CARTESIAN_POINT('',(22.7455655857934,2.7224924646848,0.));
#4762=CARTESIAN_POINT('Ctrl Pts',(22.1759883686918,3.84118343224461,0.));
#4763=CARTESIAN_POINT('Ctrl Pts',(22.220786164141,3.61601795834177,0.));
#4764=CARTESIAN_POINT('Ctrl Pts',(22.3058593570317,3.18841776950136,0.));
#4765=CARTESIAN_POINT('Ctrl Pts',(22.6042848336606,2.87219759323745,0.));
#4766=CARTESIAN_POINT('Ctrl Pts',(22.7455655857934,2.7224924646848,0.));
#4767=CARTESIAN_POINT('',(22.7455655857934,2.7224924646848,3.));
#4768=CARTESIAN_POINT('Ctrl Pts',(22.7455655857934,2.7224924646848,3.));
#4769=CARTESIAN_POINT('Ctrl Pts',(22.6042848336606,2.87219759323745,3.));
#4770=CARTESIAN_POINT('Ctrl Pts',(22.3058593570317,3.18841776950136,3.));
#4771=CARTESIAN_POINT('Ctrl Pts',(22.220786164141,3.61601795834177,3.));
#4772=CARTESIAN_POINT('Ctrl Pts',(22.1759883686918,3.84118343224461,3.));
#4773=CARTESIAN_POINT('',(22.7455655857934,2.7224924646848,0.));
#4774=CARTESIAN_POINT('Ctrl Pts',(24.0518419072043,2.33367944588597,0.));
#4775=CARTESIAN_POINT('Ctrl Pts',(24.0518419072043,2.33367944588597,3.));
#4776=CARTESIAN_POINT('Ctrl Pts',(23.7960180843377,2.34341020951364,0.));
#4777=CARTESIAN_POINT('Ctrl Pts',(23.7960180843377,2.34341020951364,3.));
#4778=CARTESIAN_POINT('Ctrl Pts',(23.3254554480151,2.36130898740994,0.));
#4779=CARTESIAN_POINT('Ctrl Pts',(23.3254554480151,2.36130898740994,3.));
#4780=CARTESIAN_POINT('Ctrl Pts',(22.9272737391745,2.60931583070135,0.));
#4781=CARTESIAN_POINT('Ctrl Pts',(22.9272737391745,2.60931583070135,3.));
#4782=CARTESIAN_POINT('Ctrl Pts',(22.7455655857934,2.7224924646848,0.));
#4783=CARTESIAN_POINT('Ctrl Pts',(22.7455655857934,2.7224924646848,3.));
#4784=CARTESIAN_POINT('',(24.0518419072043,2.33367944588597,0.));
#4785=CARTESIAN_POINT('Ctrl Pts',(22.7455655857934,2.7224924646848,0.));
#4786=CARTESIAN_POINT('Ctrl Pts',(22.9272737391745,2.60931583070135,0.));
#4787=CARTESIAN_POINT('Ctrl Pts',(23.3254554480151,2.36130898740994,0.));
#4788=CARTESIAN_POINT('Ctrl Pts',(23.7960180843377,2.34341020951364,0.));
#4789=CARTESIAN_POINT('Ctrl Pts',(24.0518419072043,2.33367944588597,0.));
#4790=CARTESIAN_POINT('',(24.0518419072043,2.33367944588597,3.));
#4791=CARTESIAN_POINT('Ctrl Pts',(24.0518419072043,2.33367944588597,3.));
#4792=CARTESIAN_POINT('Ctrl Pts',(23.7960180843377,2.34341020951364,3.));
#4793=CARTESIAN_POINT('Ctrl Pts',(23.3254554480151,2.36130898740994,3.));
#4794=CARTESIAN_POINT('Ctrl Pts',(22.9272737391745,2.60931583070135,3.));
#4795=CARTESIAN_POINT('Ctrl Pts',(22.7455655857934,2.7224924646848,3.));
#4796=CARTESIAN_POINT('',(24.0518419072043,2.33367944588597,0.));
#4797=CARTESIAN_POINT('Ctrl Pts',(25.306958369912,2.67815495362218,0.));
#4798=CARTESIAN_POINT('Ctrl Pts',(25.306958369912,2.67815495362218,3.));
#4799=CARTESIAN_POINT('Ctrl Pts',(25.1383104437336,2.57806985273882,0.));
#4800=CARTESIAN_POINT('Ctrl Pts',(25.1383104437336,2.57806985273882,3.));
#4801=CARTESIAN_POINT('Ctrl Pts',(24.7537045506851,2.34982322985784,0.));
#4802=CARTESIAN_POINT('Ctrl Pts',(24.7537045506851,2.34982322985784,3.));
#4803=CARTESIAN_POINT('Ctrl Pts',(24.3042261074936,2.33948462164967,0.));
#4804=CARTESIAN_POINT('Ctrl Pts',(24.3042261074936,2.33948462164967,3.));
#4805=CARTESIAN_POINT('Ctrl Pts',(24.0518419072043,2.33367944588597,0.));
#4806=CARTESIAN_POINT('Ctrl Pts',(24.0518419072043,2.33367944588597,3.));
#4807=CARTESIAN_POINT('',(25.306958369912,2.67815495362218,0.));
#4808=CARTESIAN_POINT('Ctrl Pts',(24.0518419072043,2.33367944588597,0.));
#4809=CARTESIAN_POINT('Ctrl Pts',(24.3042261074936,2.33948462164967,0.));
#4810=CARTESIAN_POINT('Ctrl Pts',(24.7537045506851,2.34982322985784,0.));
#4811=CARTESIAN_POINT('Ctrl Pts',(25.1383104437336,2.57806985273882,0.));
#4812=CARTESIAN_POINT('Ctrl Pts',(25.306958369912,2.67815495362218,0.));
#4813=CARTESIAN_POINT('',(25.306958369912,2.67815495362218,3.));
#4814=CARTESIAN_POINT('Ctrl Pts',(25.306958369912,2.67815495362218,3.));
#4815=CARTESIAN_POINT('Ctrl Pts',(25.1383104437336,2.57806985273882,3.));
#4816=CARTESIAN_POINT('Ctrl Pts',(24.7537045506851,2.34982322985784,3.));
#4817=CARTESIAN_POINT('Ctrl Pts',(24.3042261074936,2.33948462164967,3.));
#4818=CARTESIAN_POINT('Ctrl Pts',(24.0518419072043,2.33367944588597,3.));
#4819=CARTESIAN_POINT('',(25.306958369912,2.67815495362218,0.));
#4820=CARTESIAN_POINT('Ctrl Pts',(25.7162348553555,3.48647619118626,0.));
#4821=CARTESIAN_POINT('Ctrl Pts',(25.7162348553555,3.48647619118626,3.));
#4822=CARTESIAN_POINT('Ctrl Pts',(25.6965465879948,3.33467923039092,0.));
#4823=CARTESIAN_POINT('Ctrl Pts',(25.6965465879948,3.33467923039092,3.));
#4824=CARTESIAN_POINT('Ctrl Pts',(25.6554842562639,3.01808777794266,0.));
#4825=CARTESIAN_POINT('Ctrl Pts',(25.6554842562639,3.01808777794266,3.));
#4826=CARTESIAN_POINT('Ctrl Pts',(25.4262704249752,2.7945253164599,0.));
#4827=CARTESIAN_POINT('Ctrl Pts',(25.4262704249752,2.7945253164599,3.));
#4828=CARTESIAN_POINT('Ctrl Pts',(25.306958369912,2.67815495362218,0.));
#4829=CARTESIAN_POINT('Ctrl Pts',(25.306958369912,2.67815495362218,3.));
#4830=CARTESIAN_POINT('',(25.7162348553555,3.48647619118626,0.));
#4831=CARTESIAN_POINT('Ctrl Pts',(25.306958369912,2.67815495362218,0.));
#4832=CARTESIAN_POINT('Ctrl Pts',(25.4262704249752,2.7945253164599,0.));
#4833=CARTESIAN_POINT('Ctrl Pts',(25.6554842562639,3.01808777794266,0.));
#4834=CARTESIAN_POINT('Ctrl Pts',(25.6965465879948,3.33467923039092,0.));
#4835=CARTESIAN_POINT('Ctrl Pts',(25.7162348553555,3.48647619118626,0.));
#4836=CARTESIAN_POINT('',(25.7162348553555,3.48647619118626,3.));
#4837=CARTESIAN_POINT('Ctrl Pts',(25.7162348553555,3.48647619118626,3.));
#4838=CARTESIAN_POINT('Ctrl Pts',(25.6965465879948,3.33467923039092,3.));
#4839=CARTESIAN_POINT('Ctrl Pts',(25.6554842562639,3.01808777794266,3.));
#4840=CARTESIAN_POINT('Ctrl Pts',(25.4262704249752,2.7945253164599,3.));
#4841=CARTESIAN_POINT('Ctrl Pts',(25.306958369912,2.67815495362218,3.));
#4842=CARTESIAN_POINT('',(25.7162348553555,3.48647619118626,0.));
#4843=CARTESIAN_POINT('Ctrl Pts',(25.3547064587493,4.14131964077885,0.));
#4844=CARTESIAN_POINT('Ctrl Pts',(25.3547064587493,4.14131964077885,3.));
#4845=CARTESIAN_POINT('Ctrl Pts',(25.4601477484998,4.05520845491373,0.));
#4846=CARTESIAN_POINT('Ctrl Pts',(25.4601477484998,4.05520845491373,3.));
#4847=CARTESIAN_POINT('Ctrl Pts',(25.668501509689,3.88505130397304,0.));
#4848=CARTESIAN_POINT('Ctrl Pts',(25.668501509689,3.88505130397304,3.));
#4849=CARTESIAN_POINT('Ctrl Pts',(25.7004530067075,3.61825518168111,0.));
#4850=CARTESIAN_POINT('Ctrl Pts',(25.7004530067075,3.61825518168111,3.));
#4851=CARTESIAN_POINT('Ctrl Pts',(25.7162348553555,3.48647619118626,0.));
#4852=CARTESIAN_POINT('Ctrl Pts',(25.7162348553555,3.48647619118626,3.));
#4853=CARTESIAN_POINT('',(25.3547064587493,4.14131964077885,0.));
#4854=CARTESIAN_POINT('Ctrl Pts',(25.7162348553555,3.48647619118626,0.));
#4855=CARTESIAN_POINT('Ctrl Pts',(25.7004530067075,3.61825518168111,0.));
#4856=CARTESIAN_POINT('Ctrl Pts',(25.668501509689,3.88505130397304,0.));
#4857=CARTESIAN_POINT('Ctrl Pts',(25.4601477484998,4.05520845491373,0.));
#4858=CARTESIAN_POINT('Ctrl Pts',(25.3547064587493,4.14131964077885,0.));
#4859=CARTESIAN_POINT('',(25.3547064587493,4.14131964077885,3.));
#4860=CARTESIAN_POINT('Ctrl Pts',(25.3547064587493,4.14131964077885,3.));
#4861=CARTESIAN_POINT('Ctrl Pts',(25.4601477484998,4.05520845491373,3.));
#4862=CARTESIAN_POINT('Ctrl Pts',(25.668501509689,3.88505130397304,3.));
#4863=CARTESIAN_POINT('Ctrl Pts',(25.7004530067075,3.61825518168111,3.));
#4864=CARTESIAN_POINT('Ctrl Pts',(25.7162348553555,3.48647619118626,3.));
#4865=CARTESIAN_POINT('',(25.3547064587493,4.14131964077885,0.));
#4866=CARTESIAN_POINT('Ctrl Pts',(24.0995923802278,4.55741787781651,0.));
#4867=CARTESIAN_POINT('Ctrl Pts',(24.0995923802278,4.55741787781651,3.));
#4868=CARTESIAN_POINT('Ctrl Pts',(24.3750243928199,4.49127421011386,0.));
#4869=CARTESIAN_POINT('Ctrl Pts',(24.3750243928199,4.49127421011386,3.));
#4870=CARTESIAN_POINT('Ctrl Pts',(24.8057686713586,4.38783305178096,0.));
#4871=CARTESIAN_POINT('Ctrl Pts',(24.8057686713586,4.38783305178096,3.));
#4872=CARTESIAN_POINT('Ctrl Pts',(25.2092311246273,4.20664875758378,0.));
#4873=CARTESIAN_POINT('Ctrl Pts',(25.2092311246273,4.20664875758378,3.));
#4874=CARTESIAN_POINT('Ctrl Pts',(25.3547064587493,4.14131964077885,0.));
#4875=CARTESIAN_POINT('Ctrl Pts',(25.3547064587493,4.14131964077885,3.));
#4876=CARTESIAN_POINT('',(24.0995923802278,4.55741787781651,0.));
#4877=CARTESIAN_POINT('Ctrl Pts',(25.3547064587493,4.14131964077885,0.));
#4878=CARTESIAN_POINT('Ctrl Pts',(25.2092311246273,4.20664875758378,0.));
#4879=CARTESIAN_POINT('Ctrl Pts',(24.8057686713586,4.38783305178096,0.));
#4880=CARTESIAN_POINT('Ctrl Pts',(24.3750243928199,4.49127421011386,0.));
#4881=CARTESIAN_POINT('Ctrl Pts',(24.0995923802278,4.55741787781651,0.));
#4882=CARTESIAN_POINT('',(24.0995923802278,4.55741787781651,3.));
#4883=CARTESIAN_POINT('Ctrl Pts',(24.0995923802278,4.55741787781651,3.));
#4884=CARTESIAN_POINT('Ctrl Pts',(24.3750243928199,4.49127421011386,3.));
#4885=CARTESIAN_POINT('Ctrl Pts',(24.8057686713586,4.38783305178096,3.));
#4886=CARTESIAN_POINT('Ctrl Pts',(25.2092311246273,4.20664875758378,3.));
#4887=CARTESIAN_POINT('Ctrl Pts',(25.3547064587493,4.14131964077885,3.));
#4888=CARTESIAN_POINT('',(24.0995923802278,4.55741787781651,0.));
#4889=CARTESIAN_POINT('Ctrl Pts',(22.2271482273961,5.14745856156285,0.));
#4890=CARTESIAN_POINT('Ctrl Pts',(22.2271482273961,5.14745856156285,3.));
#4891=CARTESIAN_POINT('Ctrl Pts',(22.4687956410616,5.05260257214632,0.));
#4892=CARTESIAN_POINT('Ctrl Pts',(22.4687956410616,5.05260257214632,3.));
#4893=CARTESIAN_POINT('Ctrl Pts',(23.0790172947908,4.81306688728283,0.));
#4894=CARTESIAN_POINT('Ctrl Pts',(23.0790172947908,4.81306688728283,3.));
#4895=CARTESIAN_POINT('Ctrl Pts',(23.7152858164914,4.65368477062288,0.));
#4896=CARTESIAN_POINT('Ctrl Pts',(23.7152858164914,4.65368477062288,3.));
#4897=CARTESIAN_POINT('Ctrl Pts',(24.0995923802278,4.55741787781651,0.));
#4898=CARTESIAN_POINT('Ctrl Pts',(24.0995923802278,4.55741787781651,3.));
#4899=CARTESIAN_POINT('',(22.2271482273961,5.14745856156285,0.));
#4900=CARTESIAN_POINT('Ctrl Pts',(24.0995923802278,4.55741787781651,0.));
#4901=CARTESIAN_POINT('Ctrl Pts',(23.7152858164914,4.65368477062288,0.));
#4902=CARTESIAN_POINT('Ctrl Pts',(23.0790172947908,4.81306688728283,0.));
#4903=CARTESIAN_POINT('Ctrl Pts',(22.4687956410616,5.05260257214632,0.));
#4904=CARTESIAN_POINT('Ctrl Pts',(22.2271482273961,5.14745856156285,0.));
#4905=CARTESIAN_POINT('',(22.2271482273961,5.14745856156285,3.));
#4906=CARTESIAN_POINT('Ctrl Pts',(22.2271482273961,5.14745856156285,3.));
#4907=CARTESIAN_POINT('Ctrl Pts',(22.4687956410616,5.05260257214632,3.));
#4908=CARTESIAN_POINT('Ctrl Pts',(23.0790172947908,4.81306688728283,3.));
#4909=CARTESIAN_POINT('Ctrl Pts',(23.7152858164914,4.65368477062288,3.));
#4910=CARTESIAN_POINT('Ctrl Pts',(24.0995923802278,4.55741787781651,3.));
#4911=CARTESIAN_POINT('',(22.2271482273961,5.14745856156285,0.));
#4912=CARTESIAN_POINT('Ctrl Pts',(21.4358798787025,5.83640838494237,0.));
#4913=CARTESIAN_POINT('Ctrl Pts',(21.4358798787025,5.83640838494237,3.));
#4914=CARTESIAN_POINT('Ctrl Pts',(21.5387067747494,5.69654022244412,0.));
#4915=CARTESIAN_POINT('Ctrl Pts',(21.5387067747494,5.69654022244412,3.));
#4916=CARTESIAN_POINT('Ctrl Pts',(21.7507826551564,5.40806838440285,0.));
#4917=CARTESIAN_POINT('Ctrl Pts',(21.7507826551564,5.40806838440285,3.));
#4918=CARTESIAN_POINT('Ctrl Pts',(22.0651861116133,5.23606470936337,0.));
#4919=CARTESIAN_POINT('Ctrl Pts',(22.0651861116133,5.23606470936337,3.));
#4920=CARTESIAN_POINT('Ctrl Pts',(22.2271482273961,5.14745856156285,0.));
#4921=CARTESIAN_POINT('Ctrl Pts',(22.2271482273961,5.14745856156285,3.));
#4922=CARTESIAN_POINT('',(21.4358798787025,5.83640838494237,0.));
#4923=CARTESIAN_POINT('Ctrl Pts',(22.2271482273961,5.14745856156285,0.));
#4924=CARTESIAN_POINT('Ctrl Pts',(22.0651861116133,5.23606470936337,0.));
#4925=CARTESIAN_POINT('Ctrl Pts',(21.7507826551564,5.40806838440285,0.));
#4926=CARTESIAN_POINT('Ctrl Pts',(21.5387067747494,5.69654022244412,0.));
#4927=CARTESIAN_POINT('Ctrl Pts',(21.4358798787025,5.83640838494237,0.));
#4928=CARTESIAN_POINT('',(21.4358798787025,5.83640838494237,3.));
#4929=CARTESIAN_POINT('Ctrl Pts',(21.4358798787025,5.83640838494237,3.));
#4930=CARTESIAN_POINT('Ctrl Pts',(21.5387067747494,5.69654022244412,3.));
#4931=CARTESIAN_POINT('Ctrl Pts',(21.7507826551564,5.40806838440285,3.));
#4932=CARTESIAN_POINT('Ctrl Pts',(22.0651861116133,5.23606470936337,3.));
#4933=CARTESIAN_POINT('Ctrl Pts',(22.2271482273961,5.14745856156285,3.));
#4934=CARTESIAN_POINT('',(21.4358798787025,5.83640838494237,0.));
#4935=CARTESIAN_POINT('Ctrl Pts',(21.1664406582745,6.80844093193944,0.));
#4936=CARTESIAN_POINT('Ctrl Pts',(21.1664406582745,6.80844093193944,3.));
#4937=CARTESIAN_POINT('Ctrl Pts',(21.1772970729951,6.63553265635382,0.));
#4938=CARTESIAN_POINT('Ctrl Pts',(21.1772970729951,6.63553265635382,3.));
#4939=CARTESIAN_POINT('Ctrl Pts',(21.1988343642114,6.29251187271271,0.));
#4940=CARTESIAN_POINT('Ctrl Pts',(21.1988343642114,6.29251187271271,3.));
#4941=CARTESIAN_POINT('Ctrl Pts',(21.3572952153297,5.98761453253208,0.));
#4942=CARTESIAN_POINT('Ctrl Pts',(21.3572952153297,5.98761453253208,3.));
#4943=CARTESIAN_POINT('Ctrl Pts',(21.4358798787025,5.83640838494237,0.));
#4944=CARTESIAN_POINT('Ctrl Pts',(21.4358798787025,5.83640838494237,3.));
#4945=CARTESIAN_POINT('',(21.1664406582745,6.80844093193944,0.));
#4946=CARTESIAN_POINT('Ctrl Pts',(21.4358798787025,5.83640838494237,0.));
#4947=CARTESIAN_POINT('Ctrl Pts',(21.3572952153297,5.98761453253208,0.));
#4948=CARTESIAN_POINT('Ctrl Pts',(21.1988343642114,6.29251187271271,0.));
#4949=CARTESIAN_POINT('Ctrl Pts',(21.1772970729951,6.63553265635382,0.));
#4950=CARTESIAN_POINT('Ctrl Pts',(21.1664406582745,6.80844093193944,0.));
#4951=CARTESIAN_POINT('',(21.1664406582745,6.80844093193944,3.));
#4952=CARTESIAN_POINT('Ctrl Pts',(21.1664406582745,6.80844093193944,3.));
#4953=CARTESIAN_POINT('Ctrl Pts',(21.1772970729951,6.63553265635382,3.));
#4954=CARTESIAN_POINT('Ctrl Pts',(21.1988343642114,6.29251187271271,3.));
#4955=CARTESIAN_POINT('Ctrl Pts',(21.3572952153297,5.98761453253208,3.));
#4956=CARTESIAN_POINT('Ctrl Pts',(21.4358798787025,5.83640838494237,3.));
#4957=CARTESIAN_POINT('',(21.1664406582745,6.80844093193944,0.));
#4958=CARTESIAN_POINT('Ctrl Pts',(21.3881317898668,7.70543957581456,0.));
#4959=CARTESIAN_POINT('Ctrl Pts',(21.3881317898668,7.70543957581456,3.));
#4960=CARTESIAN_POINT('Ctrl Pts',(21.3234732643516,7.56420173670578,0.));
#4961=CARTESIAN_POINT('Ctrl Pts',(21.3234732643516,7.56420173670578,3.));
#4962=CARTESIAN_POINT('Ctrl Pts',(21.1930206137353,7.27924549416407,0.));
#4963=CARTESIAN_POINT('Ctrl Pts',(21.1930206137353,7.27924549416407,3.));
#4964=CARTESIAN_POINT('Ctrl Pts',(21.1753519125276,6.96628390363659,0.));
#4965=CARTESIAN_POINT('Ctrl Pts',(21.1753519125276,6.96628390363659,3.));
#4966=CARTESIAN_POINT('Ctrl Pts',(21.1664406582745,6.80844093193944,0.));
#4967=CARTESIAN_POINT('Ctrl Pts',(21.1664406582745,6.80844093193944,3.));
#4968=CARTESIAN_POINT('',(21.3881317898668,7.70543957581456,0.));
#4969=CARTESIAN_POINT('Ctrl Pts',(21.1664406582745,6.80844093193944,0.));
#4970=CARTESIAN_POINT('Ctrl Pts',(21.1753519125276,6.96628390363659,0.));
#4971=CARTESIAN_POINT('Ctrl Pts',(21.1930206137353,7.27924549416407,0.));
#4972=CARTESIAN_POINT('Ctrl Pts',(21.3234732643516,7.56420173670578,0.));
#4973=CARTESIAN_POINT('Ctrl Pts',(21.3881317898668,7.70543957581456,0.));
#4974=CARTESIAN_POINT('',(21.3881317898668,7.70543957581456,3.));
#4975=CARTESIAN_POINT('Ctrl Pts',(21.3881317898668,7.70543957581456,3.));
#4976=CARTESIAN_POINT('Ctrl Pts',(21.3234732643516,7.56420173670578,3.));
#4977=CARTESIAN_POINT('Ctrl Pts',(21.1930206137353,7.27924549416407,3.));
#4978=CARTESIAN_POINT('Ctrl Pts',(21.1753519125276,6.96628390363659,3.));
#4979=CARTESIAN_POINT('Ctrl Pts',(21.1664406582745,6.80844093193944,3.));
#4980=CARTESIAN_POINT('',(21.3881317898668,7.70543957581456,0.));
#4981=CARTESIAN_POINT('Ctrl Pts',(21.9918147847096,8.39097882142003,0.));
#4982=CARTESIAN_POINT('Ctrl Pts',(21.9918147847096,8.39097882142003,3.));
#4983=CARTESIAN_POINT('Ctrl Pts',(21.8711834632725,8.29423879487823,0.));
#4984=CARTESIAN_POINT('Ctrl Pts',(21.8711834632725,8.29423879487823,3.));
#4985=CARTESIAN_POINT('Ctrl Pts',(21.6300499044298,8.10086226045365,0.));
#4986=CARTESIAN_POINT('Ctrl Pts',(21.6300499044298,8.10086226045365,3.));
#4987=CARTESIAN_POINT('Ctrl Pts',(21.4687423775802,7.83720008933194,0.));
#4988=CARTESIAN_POINT('Ctrl Pts',(21.4687423775802,7.83720008933194,3.));
#4989=CARTESIAN_POINT('Ctrl Pts',(21.3881317898668,7.70543957581456,0.));
#4990=CARTESIAN_POINT('Ctrl Pts',(21.3881317898668,7.70543957581456,3.));
#4991=CARTESIAN_POINT('',(21.9918147847096,8.39097882142003,0.));
#4992=CARTESIAN_POINT('Ctrl Pts',(21.3881317898668,7.70543957581456,0.));
#4993=CARTESIAN_POINT('Ctrl Pts',(21.4687423775802,7.83720008933194,0.));
#4994=CARTESIAN_POINT('Ctrl Pts',(21.6300499044298,8.10086226045365,0.));
#4995=CARTESIAN_POINT('Ctrl Pts',(21.8711834632725,8.29423879487823,0.));
#4996=CARTESIAN_POINT('Ctrl Pts',(21.9918147847096,8.39097882142003,0.));
#4997=CARTESIAN_POINT('',(21.9918147847096,8.39097882142003,3.));
#4998=CARTESIAN_POINT('Ctrl Pts',(21.9918147847096,8.39097882142003,3.));
#4999=CARTESIAN_POINT('Ctrl Pts',(21.8711834632725,8.29423879487823,3.));
#5000=CARTESIAN_POINT('Ctrl Pts',(21.6300499044298,8.10086226045365,3.));
#5001=CARTESIAN_POINT('Ctrl Pts',(21.4687423775802,7.83720008933194,3.));
#5002=CARTESIAN_POINT('Ctrl Pts',(21.3881317898668,7.70543957581456,3.));
#5003=CARTESIAN_POINT('',(21.9918147847096,8.39097882142003,0.));
#5004=CARTESIAN_POINT('Ctrl Pts',(22.7728525921744,8.74909604420598,0.));
#5005=CARTESIAN_POINT('Ctrl Pts',(22.7728525921744,8.74909604420598,3.));
#5006=CARTESIAN_POINT('Ctrl Pts',(22.6222374836795,8.7014405720086,0.));
#5007=CARTESIAN_POINT('Ctrl Pts',(22.6222374836795,8.7014405720086,3.));
#5008=CARTESIAN_POINT('Ctrl Pts',(22.3468032238096,8.6142916143469,0.));
#5009=CARTESIAN_POINT('Ctrl Pts',(22.3468032238096,8.6142916143469,3.));
#5010=CARTESIAN_POINT('Ctrl Pts',(22.102518040376,8.460618985679,0.));
#5011=CARTESIAN_POINT('Ctrl Pts',(22.102518040376,8.460618985679,3.));
#5012=CARTESIAN_POINT('Ctrl Pts',(21.9918147847096,8.39097882142003,0.));
#5013=CARTESIAN_POINT('Ctrl Pts',(21.9918147847096,8.39097882142003,3.));
#5014=CARTESIAN_POINT('',(22.7728525921744,8.74909604420598,0.));
#5015=CARTESIAN_POINT('Ctrl Pts',(21.9918147847096,8.39097882142003,0.));
#5016=CARTESIAN_POINT('Ctrl Pts',(22.102518040376,8.460618985679,0.));
#5017=CARTESIAN_POINT('Ctrl Pts',(22.3468032238096,8.6142916143469,0.));
#5018=CARTESIAN_POINT('Ctrl Pts',(22.6222374836795,8.7014405720086,0.));
#5019=CARTESIAN_POINT('Ctrl Pts',(22.7728525921744,8.74909604420598,0.));
#5020=CARTESIAN_POINT('',(22.7728525921744,8.74909604420598,3.));
#5021=CARTESIAN_POINT('Ctrl Pts',(22.7728525921744,8.74909604420598,3.));
#5022=CARTESIAN_POINT('Ctrl Pts',(22.6222374836795,8.7014405720086,3.));
#5023=CARTESIAN_POINT('Ctrl Pts',(22.3468032238096,8.6142916143469,3.));
#5024=CARTESIAN_POINT('Ctrl Pts',(22.102518040376,8.460618985679,3.));
#5025=CARTESIAN_POINT('Ctrl Pts',(21.9918147847096,8.39097882142003,3.));
#5026=CARTESIAN_POINT('',(22.7728525921744,8.74909604420598,0.));
#5027=CARTESIAN_POINT('Ctrl Pts',(23.8335601612968,8.89575327267583,0.));
#5028=CARTESIAN_POINT('Ctrl Pts',(23.8335601612968,8.89575327267583,3.));
#5029=CARTESIAN_POINT('Ctrl Pts',(23.649868233576,8.89024075832847,0.));
#5030=CARTESIAN_POINT('Ctrl Pts',(23.649868233576,8.89024075832847,3.));
#5031=CARTESIAN_POINT('Ctrl Pts',(23.2909626082716,8.87947015760916,0.));
#5032=CARTESIAN_POINT('Ctrl Pts',(23.2909626082716,8.87947015760916,3.));
#5033=CARTESIAN_POINT('Ctrl Pts',(22.9428145609432,8.79186426003282,0.));
#5034=CARTESIAN_POINT('Ctrl Pts',(22.9428145609432,8.79186426003282,3.));
#5035=CARTESIAN_POINT('Ctrl Pts',(22.7728525921744,8.74909604420598,0.));
#5036=CARTESIAN_POINT('Ctrl Pts',(22.7728525921744,8.74909604420598,3.));
#5037=CARTESIAN_POINT('',(23.8335601612968,8.89575327267583,0.));
#5038=CARTESIAN_POINT('Ctrl Pts',(22.7728525921744,8.74909604420598,0.));
#5039=CARTESIAN_POINT('Ctrl Pts',(22.9428145609432,8.79186426003282,0.));
#5040=CARTESIAN_POINT('Ctrl Pts',(23.2909626082716,8.87947015760916,0.));
#5041=CARTESIAN_POINT('Ctrl Pts',(23.649868233576,8.89024075832847,0.));
#5042=CARTESIAN_POINT('Ctrl Pts',(23.8335601612968,8.89575327267583,0.));
#5043=CARTESIAN_POINT('',(23.8335601612968,8.89575327267583,3.));
#5044=CARTESIAN_POINT('Ctrl Pts',(23.8335601612968,8.89575327267583,3.));
#5045=CARTESIAN_POINT('Ctrl Pts',(23.649868233576,8.89024075832847,3.));
#5046=CARTESIAN_POINT('Ctrl Pts',(23.2909626082716,8.87947015760916,3.));
#5047=CARTESIAN_POINT('Ctrl Pts',(22.9428145609432,8.79186426003282,3.));
#5048=CARTESIAN_POINT('Ctrl Pts',(22.7728525921744,8.74909604420598,3.));
#5049=CARTESIAN_POINT('',(23.8335601612968,8.89575327267583,0.));
#5050=CARTESIAN_POINT('Ctrl Pts',(25.330833606426,8.65018750061925,0.));
#5051=CARTESIAN_POINT('Ctrl Pts',(25.330833606426,8.65018750061925,3.));
#5052=CARTESIAN_POINT('Ctrl Pts',(25.1003454628557,8.72175422987484,0.));
#5053=CARTESIAN_POINT('Ctrl Pts',(25.1003454628557,8.72175422987484,3.));
#5054=CARTESIAN_POINT('Ctrl Pts',(24.6129997113791,8.87307542544495,0.));
#5055=CARTESIAN_POINT('Ctrl Pts',(24.6129997113791,8.87307542544495,3.));
#5056=CARTESIAN_POINT('Ctrl Pts',(24.1025793424353,8.88792614112805,0.));
#5057=CARTESIAN_POINT('Ctrl Pts',(24.1025793424353,8.88792614112805,3.));
#5058=CARTESIAN_POINT('Ctrl Pts',(23.8335601612968,8.89575327267583,0.));
#5059=CARTESIAN_POINT('Ctrl Pts',(23.8335601612968,8.89575327267583,3.));
#5060=CARTESIAN_POINT('',(25.330833606426,8.65018750061925,0.));
#5061=CARTESIAN_POINT('Ctrl Pts',(23.8335601612968,8.89575327267583,0.));
#5062=CARTESIAN_POINT('Ctrl Pts',(24.1025793424353,8.88792614112805,0.));
#5063=CARTESIAN_POINT('Ctrl Pts',(24.6129997113791,8.87307542544495,0.));
#5064=CARTESIAN_POINT('Ctrl Pts',(25.1003454628557,8.72175422987484,0.));
#5065=CARTESIAN_POINT('Ctrl Pts',(25.330833606426,8.65018750061925,0.));
#5066=CARTESIAN_POINT('',(25.330833606426,8.65018750061925,3.));
#5067=CARTESIAN_POINT('Ctrl Pts',(25.330833606426,8.65018750061925,3.));
#5068=CARTESIAN_POINT('Ctrl Pts',(25.1003454628557,8.72175422987484,3.));
#5069=CARTESIAN_POINT('Ctrl Pts',(24.6129997113791,8.87307542544495,3.));
#5070=CARTESIAN_POINT('Ctrl Pts',(24.1025793424353,8.88792614112805,3.));
#5071=CARTESIAN_POINT('Ctrl Pts',(23.8335601612968,8.89575327267583,3.));
#5072=CARTESIAN_POINT('',(25.330833606426,8.65018750061925,0.));
#5073=CARTESIAN_POINT('Ctrl Pts',(26.2824003025927,7.98511231770451,0.));
#5074=CARTESIAN_POINT('Ctrl Pts',(26.2824003025927,7.98511231770451,3.));
#5075=CARTESIAN_POINT('Ctrl Pts',(26.1589567292241,8.12025811288042,0.));
#5076=CARTESIAN_POINT('Ctrl Pts',(26.1589567292241,8.12025811288042,3.));
#5077=CARTESIAN_POINT('Ctrl Pts',(25.8921364894327,8.41237241653858,0.));
#5078=CARTESIAN_POINT('Ctrl Pts',(25.8921364894327,8.41237241653858,3.));
#5079=CARTESIAN_POINT('Ctrl Pts',(25.5270265445,8.56706368017106,0.));
#5080=CARTESIAN_POINT('Ctrl Pts',(25.5270265445,8.56706368017106,3.));
#5081=CARTESIAN_POINT('Ctrl Pts',(25.330833606426,8.65018750061925,0.));
#5082=CARTESIAN_POINT('Ctrl Pts',(25.330833606426,8.65018750061925,3.));
#5083=CARTESIAN_POINT('',(26.2824003025927,7.98511231770451,0.));
#5084=CARTESIAN_POINT('Ctrl Pts',(25.330833606426,8.65018750061925,0.));
#5085=CARTESIAN_POINT('Ctrl Pts',(25.5270265445,8.56706368017106,0.));
#5086=CARTESIAN_POINT('Ctrl Pts',(25.8921364894327,8.41237241653858,0.));
#5087=CARTESIAN_POINT('Ctrl Pts',(26.1589567292241,8.12025811288042,0.));
#5088=CARTESIAN_POINT('Ctrl Pts',(26.2824003025927,7.98511231770451,0.));
#5089=CARTESIAN_POINT('',(26.2824003025927,7.98511231770451,3.));
#5090=CARTESIAN_POINT('Ctrl Pts',(26.2824003025927,7.98511231770451,3.));
#5091=CARTESIAN_POINT('Ctrl Pts',(26.1589567292241,8.12025811288042,3.));
#5092=CARTESIAN_POINT('Ctrl Pts',(25.8921364894327,8.41237241653858,3.));
#5093=CARTESIAN_POINT('Ctrl Pts',(25.5270265445,8.56706368017106,3.));
#5094=CARTESIAN_POINT('Ctrl Pts',(25.330833606426,8.65018750061925,3.));
#5095=CARTESIAN_POINT('',(26.2824003025927,7.98511231770451,0.));
#5096=CARTESIAN_POINT('Ctrl Pts',(26.7053214833173,6.8630113684171,0.));
#5097=CARTESIAN_POINT('Ctrl Pts',(26.7053214833173,6.8630113684171,3.));
#5098=CARTESIAN_POINT('Ctrl Pts',(26.6634868654175,7.07855741887148,0.));
#5099=CARTESIAN_POINT('Ctrl Pts',(26.6634868654175,7.07855741887148,3.));
#5100=CARTESIAN_POINT('Ctrl Pts',(26.5861056146134,7.47725170191744,0.));
#5101=CARTESIAN_POINT('Ctrl Pts',(26.5861056146134,7.47725170191744,3.));
#5102=CARTESIAN_POINT('Ctrl Pts',(26.3779984921893,7.82525157930117,0.));
#5103=CARTESIAN_POINT('Ctrl Pts',(26.3779984921893,7.82525157930117,3.));
#5104=CARTESIAN_POINT('Ctrl Pts',(26.2824003025927,7.98511231770451,0.));
#5105=CARTESIAN_POINT('Ctrl Pts',(26.2824003025927,7.98511231770451,3.));
#5106=CARTESIAN_POINT('',(26.7053214833173,6.8630113684171,0.));
#5107=CARTESIAN_POINT('Ctrl Pts',(26.2824003025927,7.98511231770451,0.));
#5108=CARTESIAN_POINT('Ctrl Pts',(26.3779984921893,7.82525157930117,0.));
#5109=CARTESIAN_POINT('Ctrl Pts',(26.5861056146134,7.47725170191744,0.));
#5110=CARTESIAN_POINT('Ctrl Pts',(26.6634868654175,7.07855741887148,0.));
#5111=CARTESIAN_POINT('Ctrl Pts',(26.7053214833173,6.8630113684171,0.));
#5112=CARTESIAN_POINT('',(26.7053214833173,6.8630113684171,3.));
#5113=CARTESIAN_POINT('Ctrl Pts',(26.7053214833173,6.8630113684171,3.));
#5114=CARTESIAN_POINT('Ctrl Pts',(26.6634868654175,7.07855741887148,3.));
#5115=CARTESIAN_POINT('Ctrl Pts',(26.5861056146134,7.47725170191744,3.));
#5116=CARTESIAN_POINT('Ctrl Pts',(26.3779984921893,7.82525157930117,3.));
#5117=CARTESIAN_POINT('Ctrl Pts',(26.2824003025927,7.98511231770451,3.));
#5118=CARTESIAN_POINT('',(26.7053214833173,6.8630113684171,0.));
#5119=CARTESIAN_POINT('Origin',(25.5047742649945,6.69930065503056,0.));
#5120=CARTESIAN_POINT('',(25.5047742649945,6.69930065503056,0.));
#5121=CARTESIAN_POINT('',(30.0459577570625,7.3185519245843,0.));
#5122=CARTESIAN_POINT('',(25.5047742649945,6.69930065503056,3.));
#5123=CARTESIAN_POINT('',(26.7053214833173,6.8630113684171,3.));
#5124=CARTESIAN_POINT('',(25.5047742649945,6.69930065503056,0.));
#5125=CARTESIAN_POINT('Ctrl Pts',(25.0306956097519,7.5724246584409,0.));
#5126=CARTESIAN_POINT('Ctrl Pts',(25.0306956097519,7.5724246584409,3.));
#5127=CARTESIAN_POINT('Ctrl Pts',(25.1488969966931,7.45471398548322,0.));
#5128=CARTESIAN_POINT('Ctrl Pts',(25.1488969966931,7.45471398548322,3.));
#5129=CARTESIAN_POINT('Ctrl Pts',(25.3933191900103,7.21130651281569,0.));
#5130=CARTESIAN_POINT('Ctrl Pts',(25.3933191900103,7.21130651281569,3.));
#5131=CARTESIAN_POINT('Ctrl Pts',(25.4668187405387,6.87366194687302,0.));
#5132=CARTESIAN_POINT('Ctrl Pts',(25.4668187405387,6.87366194687302,3.));
#5133=CARTESIAN_POINT('Ctrl Pts',(25.5047742649945,6.69930065503056,0.));
#5134=CARTESIAN_POINT('Ctrl Pts',(25.5047742649945,6.69930065503056,3.));
#5135=CARTESIAN_POINT('',(25.0306956097519,7.5724246584409,0.));
#5136=CARTESIAN_POINT('Ctrl Pts',(25.5047742649945,6.69930065503056,0.));
#5137=CARTESIAN_POINT('Ctrl Pts',(25.4668187405387,6.87366194687302,0.));
#5138=CARTESIAN_POINT('Ctrl Pts',(25.3933191900103,7.21130651281569,0.));
#5139=CARTESIAN_POINT('Ctrl Pts',(25.1488969966931,7.45471398548322,0.));
#5140=CARTESIAN_POINT('Ctrl Pts',(25.0306956097519,7.5724246584409,0.));
#5141=CARTESIAN_POINT('',(25.0306956097519,7.5724246584409,3.));
#5142=CARTESIAN_POINT('Ctrl Pts',(25.0306956097519,7.5724246584409,3.));
#5143=CARTESIAN_POINT('Ctrl Pts',(25.1488969966931,7.45471398548322,3.));
#5144=CARTESIAN_POINT('Ctrl Pts',(25.3933191900103,7.21130651281569,3.));
#5145=CARTESIAN_POINT('Ctrl Pts',(25.4668187405387,6.87366194687302,3.));
#5146=CARTESIAN_POINT('Ctrl Pts',(25.5047742649945,6.69930065503056,3.));
#5147=CARTESIAN_POINT('',(25.0306956097519,7.5724246584409,0.));
#5148=CARTESIAN_POINT('Ctrl Pts',(23.9222375676073,7.88620377411778,0.));
#5149=CARTESIAN_POINT('Ctrl Pts',(23.9222375676073,7.88620377411778,3.));
#5150=CARTESIAN_POINT('Ctrl Pts',(24.139653581134,7.87891200628872,0.));
#5151=CARTESIAN_POINT('Ctrl Pts',(24.139653581134,7.87891200628872,3.));
#5152=CARTESIAN_POINT('Ctrl Pts',(24.5365952622479,7.86559924917661,0.));
#5153=CARTESIAN_POINT('Ctrl Pts',(24.5365952622479,7.86559924917661,3.));
#5154=CARTESIAN_POINT('Ctrl Pts',(24.8768209888552,7.66372621132161,0.));
#5155=CARTESIAN_POINT('Ctrl Pts',(24.8768209888552,7.66372621132161,3.));
#5156=CARTESIAN_POINT('Ctrl Pts',(25.0306956097519,7.5724246584409,0.));
#5157=CARTESIAN_POINT('Ctrl Pts',(25.0306956097519,7.5724246584409,3.));
#5158=CARTESIAN_POINT('',(23.9222375676073,7.88620377411778,0.));
#5159=CARTESIAN_POINT('Ctrl Pts',(25.0306956097519,7.5724246584409,0.));
#5160=CARTESIAN_POINT('Ctrl Pts',(24.8768209888552,7.66372621132161,0.));
#5161=CARTESIAN_POINT('Ctrl Pts',(24.5365952622479,7.86559924917661,0.));
#5162=CARTESIAN_POINT('Ctrl Pts',(24.139653581134,7.87891200628872,0.));
#5163=CARTESIAN_POINT('Ctrl Pts',(23.9222375676073,7.88620377411778,0.));
#5164=CARTESIAN_POINT('',(23.9222375676073,7.88620377411778,3.));
#5165=CARTESIAN_POINT('Ctrl Pts',(23.9222375676073,7.88620377411778,3.));
#5166=CARTESIAN_POINT('Ctrl Pts',(24.139653581134,7.87891200628872,3.));
#5167=CARTESIAN_POINT('Ctrl Pts',(24.5365952622479,7.86559924917661,3.));
#5168=CARTESIAN_POINT('Ctrl Pts',(24.8768209888552,7.66372621132161,3.));
#5169=CARTESIAN_POINT('Ctrl Pts',(25.0306956097519,7.5724246584409,3.));
#5170=CARTESIAN_POINT('',(23.9222375676073,7.88620377411778,0.));
#5171=CARTESIAN_POINT('Ctrl Pts',(22.7148715779221,7.60653103222783,0.));
#5172=CARTESIAN_POINT('Ctrl Pts',(22.7148715779221,7.60653103222783,3.));
#5173=CARTESIAN_POINT('Ctrl Pts',(22.8728612210188,7.68758218764379,0.));
#5174=CARTESIAN_POINT('Ctrl Pts',(22.8728612210188,7.68758218764379,3.));
#5175=CARTESIAN_POINT('Ctrl Pts',(23.2494595034892,7.88078299070661,0.));
#5176=CARTESIAN_POINT('Ctrl Pts',(23.2494595034892,7.88078299070661,3.));
#5177=CARTESIAN_POINT('Ctrl Pts',(23.675138463414,7.88421281930465,0.));
#5178=CARTESIAN_POINT('Ctrl Pts',(23.675138463414,7.88421281930465,3.));
#5179=CARTESIAN_POINT('Ctrl Pts',(23.9222375676073,7.88620377411778,0.));
#5180=CARTESIAN_POINT('Ctrl Pts',(23.9222375676073,7.88620377411778,3.));
#5181=CARTESIAN_POINT('',(22.7148715779221,7.60653103222783,0.));
#5182=CARTESIAN_POINT('Ctrl Pts',(23.9222375676073,7.88620377411778,0.));
#5183=CARTESIAN_POINT('Ctrl Pts',(23.675138463414,7.88421281930465,0.));
#5184=CARTESIAN_POINT('Ctrl Pts',(23.2494595034892,7.88078299070661,0.));
#5185=CARTESIAN_POINT('Ctrl Pts',(22.8728612210188,7.68758218764379,0.));
#5186=CARTESIAN_POINT('Ctrl Pts',(22.7148715779221,7.60653103222783,0.));
#5187=CARTESIAN_POINT('',(22.7148715779221,7.60653103222783,3.));
#5188=CARTESIAN_POINT('Ctrl Pts',(22.7148715779221,7.60653103222783,3.));
#5189=CARTESIAN_POINT('Ctrl Pts',(22.8728612210188,7.68758218764379,3.));
#5190=CARTESIAN_POINT('Ctrl Pts',(23.2494595034892,7.88078299070661,3.));
#5191=CARTESIAN_POINT('Ctrl Pts',(23.675138463414,7.88421281930465,3.));
#5192=CARTESIAN_POINT('Ctrl Pts',(23.9222375676073,7.88620377411778,3.));
#5193=CARTESIAN_POINT('',(22.7148715779221,7.60653103222783,0.));
#5194=CARTESIAN_POINT('Ctrl Pts',(22.3533431813154,6.95168817868169,0.));
#5195=CARTESIAN_POINT('Ctrl Pts',(22.3533431813154,6.95168817868169,3.));
#5196=CARTESIAN_POINT('Ctrl Pts',(22.3715901467811,7.07513039363067,0.));
#5197=CARTESIAN_POINT('Ctrl Pts',(22.3715901467811,7.07513039363067,3.));
#5198=CARTESIAN_POINT('Ctrl Pts',(22.4103114807898,7.33708338766632,0.));
#5199=CARTESIAN_POINT('Ctrl Pts',(22.4103114807898,7.33708338766632,3.));
#5200=CARTESIAN_POINT('Ctrl Pts',(22.6095315717498,7.51333557816642,0.));
#5201=CARTESIAN_POINT('Ctrl Pts',(22.6095315717498,7.51333557816642,3.));
#5202=CARTESIAN_POINT('Ctrl Pts',(22.7148715779221,7.60653103222783,0.));
#5203=CARTESIAN_POINT('Ctrl Pts',(22.7148715779221,7.60653103222783,3.));
#5204=CARTESIAN_POINT('',(22.3533431813154,6.95168817868169,0.));
#5205=CARTESIAN_POINT('Ctrl Pts',(22.7148715779221,7.60653103222783,0.));
#5206=CARTESIAN_POINT('Ctrl Pts',(22.6095315717498,7.51333557816642,0.));
#5207=CARTESIAN_POINT('Ctrl Pts',(22.4103114807898,7.33708338766632,0.));
#5208=CARTESIAN_POINT('Ctrl Pts',(22.3715901467811,7.07513039363067,0.));
#5209=CARTESIAN_POINT('Ctrl Pts',(22.3533431813154,6.95168817868169,0.));
#5210=CARTESIAN_POINT('',(22.3533431813154,6.95168817868169,3.));
#5211=CARTESIAN_POINT('Ctrl Pts',(22.3533431813154,6.95168817868169,3.));
#5212=CARTESIAN_POINT('Ctrl Pts',(22.3715901467811,7.07513039363067,3.));
#5213=CARTESIAN_POINT('Ctrl Pts',(22.4103114807898,7.33708338766632,3.));
#5214=CARTESIAN_POINT('Ctrl Pts',(22.6095315717498,7.51333557816642,3.));
#5215=CARTESIAN_POINT('Ctrl Pts',(22.7148715779221,7.60653103222783,3.));
#5216=CARTESIAN_POINT('',(22.3533431813154,6.95168817868169,0.));
#5217=CARTESIAN_POINT('Ctrl Pts',(22.5034109875591,6.52194703450139,0.));
#5218=CARTESIAN_POINT('Ctrl Pts',(22.5034109875591,6.52194703450139,3.));
#5219=CARTESIAN_POINT('Ctrl Pts',(22.4596417858041,6.58741384863829,0.));
#5220=CARTESIAN_POINT('Ctrl Pts',(22.4596417858041,6.58741384863829,3.));
#5221=CARTESIAN_POINT('Ctrl Pts',(22.3725118266613,6.71773655529632,0.));
#5222=CARTESIAN_POINT('Ctrl Pts',(22.3725118266613,6.71773655529632,3.));
#5223=CARTESIAN_POINT('Ctrl Pts',(22.3597127300649,6.87394839878144,0.));
#5224=CARTESIAN_POINT('Ctrl Pts',(22.3597127300649,6.87394839878144,3.));
#5225=CARTESIAN_POINT('Ctrl Pts',(22.3533431813154,6.95168817868169,0.));
#5226=CARTESIAN_POINT('Ctrl Pts',(22.3533431813154,6.95168817868169,3.));
#5227=CARTESIAN_POINT('',(22.5034109875591,6.52194703450139,0.));
#5228=CARTESIAN_POINT('Ctrl Pts',(22.3533431813154,6.95168817868169,0.));
#5229=CARTESIAN_POINT('Ctrl Pts',(22.3597127300649,6.87394839878144,0.));
#5230=CARTESIAN_POINT('Ctrl Pts',(22.3725118266613,6.71773655529632,0.));
#5231=CARTESIAN_POINT('Ctrl Pts',(22.4596417858041,6.58741384863829,0.));
#5232=CARTESIAN_POINT('Ctrl Pts',(22.5034109875591,6.52194703450139,0.));
#5233=CARTESIAN_POINT('',(22.5034109875591,6.52194703450139,3.));
#5234=CARTESIAN_POINT('Ctrl Pts',(22.5034109875591,6.52194703450139,3.));
#5235=CARTESIAN_POINT('Ctrl Pts',(22.4596417858041,6.58741384863829,3.));
#5236=CARTESIAN_POINT('Ctrl Pts',(22.3725118266613,6.71773655529632,3.));
#5237=CARTESIAN_POINT('Ctrl Pts',(22.3597127300649,6.87394839878144,3.));
#5238=CARTESIAN_POINT('Ctrl Pts',(22.3533431813154,6.95168817868169,3.));
#5239=CARTESIAN_POINT('',(22.5034109875591,6.52194703450139,0.));
#5240=CARTESIAN_POINT('Ctrl Pts',(22.9740802571207,6.19452560772832,0.));
#5241=CARTESIAN_POINT('Ctrl Pts',(22.9740802571207,6.19452560772832,3.));
#5242=CARTESIAN_POINT('Ctrl Pts',(22.8770104370846,6.23722150057625,0.));
#5243=CARTESIAN_POINT('Ctrl Pts',(22.8770104370846,6.23722150057625,3.));
#5244=CARTESIAN_POINT('Ctrl Pts',(22.6983349723566,6.31581141136154,0.));
#5245=CARTESIAN_POINT('Ctrl Pts',(22.6983349723566,6.31581141136154,3.));
#5246=CARTESIAN_POINT('Ctrl Pts',(22.5645252861756,6.45731756347376,0.));
#5247=CARTESIAN_POINT('Ctrl Pts',(22.5645252861756,6.45731756347376,3.));
#5248=CARTESIAN_POINT('Ctrl Pts',(22.5034109875591,6.52194703450139,0.));
#5249=CARTESIAN_POINT('Ctrl Pts',(22.5034109875591,6.52194703450139,3.));
#5250=CARTESIAN_POINT('',(22.9740802571207,6.19452560772832,0.));
#5251=CARTESIAN_POINT('Ctrl Pts',(22.5034109875591,6.52194703450139,0.));
#5252=CARTESIAN_POINT('Ctrl Pts',(22.5645252861756,6.45731756347376,0.));
#5253=CARTESIAN_POINT('Ctrl Pts',(22.6983349723566,6.31581141136154,0.));
#5254=CARTESIAN_POINT('Ctrl Pts',(22.8770104370846,6.23722150057625,0.));
#5255=CARTESIAN_POINT('Ctrl Pts',(22.9740802571207,6.19452560772832,0.));
#5256=CARTESIAN_POINT('',(22.9740802571207,6.19452560772832,3.));
#5257=CARTESIAN_POINT('Ctrl Pts',(22.9740802571207,6.19452560772832,3.));
#5258=CARTESIAN_POINT('Ctrl Pts',(22.8770104370846,6.23722150057625,3.));
#5259=CARTESIAN_POINT('Ctrl Pts',(22.6983349723566,6.31581141136154,3.));
#5260=CARTESIAN_POINT('Ctrl Pts',(22.5645252861756,6.45731756347376,3.));
#5261=CARTESIAN_POINT('Ctrl Pts',(22.5034109875591,6.52194703450139,3.));
#5262=CARTESIAN_POINT('',(22.9740802571207,6.19452560772832,0.));
#5263=CARTESIAN_POINT('Ctrl Pts',(24.0586630627541,5.88074649205144,0.));
#5264=CARTESIAN_POINT('Ctrl Pts',(24.0586630627541,5.88074649205144,3.));
#5265=CARTESIAN_POINT('Ctrl Pts',(23.8175485979594,5.9455648221175,0.));
#5266=CARTESIAN_POINT('Ctrl Pts',(23.8175485979594,5.9455648221175,3.));
#5267=CARTESIAN_POINT('Ctrl Pts',(23.4540013910776,6.04329650681888,0.));
#5268=CARTESIAN_POINT('Ctrl Pts',(23.4540013910776,6.04329650681888,3.));
#5269=CARTESIAN_POINT('Ctrl Pts',(23.0949866042664,6.15642651835849,0.));
#5270=CARTESIAN_POINT('Ctrl Pts',(23.0949866042664,6.15642651835849,3.));
#5271=CARTESIAN_POINT('Ctrl Pts',(22.9740802571207,6.19452560772832,0.));
#5272=CARTESIAN_POINT('Ctrl Pts',(22.9740802571207,6.19452560772832,3.));
#5273=CARTESIAN_POINT('',(24.0586630627541,5.88074649205144,0.));
#5274=CARTESIAN_POINT('Ctrl Pts',(22.9740802571207,6.19452560772832,0.));
#5275=CARTESIAN_POINT('Ctrl Pts',(23.0949866042664,6.15642651835849,0.));
#5276=CARTESIAN_POINT('Ctrl Pts',(23.4540013910776,6.04329650681888,0.));
#5277=CARTESIAN_POINT('Ctrl Pts',(23.8175485979594,5.9455648221175,0.));
#5278=CARTESIAN_POINT('Ctrl Pts',(24.0586630627541,5.88074649205144,0.));
#5279=CARTESIAN_POINT('',(24.0586630627541,5.88074649205144,3.));
#5280=CARTESIAN_POINT('Ctrl Pts',(24.0586630627541,5.88074649205144,3.));
#5281=CARTESIAN_POINT('Ctrl Pts',(23.8175485979594,5.9455648221175,3.));
#5282=CARTESIAN_POINT('Ctrl Pts',(23.4540013910776,6.04329650681888,3.));
#5283=CARTESIAN_POINT('Ctrl Pts',(23.0949866042664,6.15642651835849,3.));
#5284=CARTESIAN_POINT('Ctrl Pts',(22.9740802571207,6.19452560772832,3.));
#5285=CARTESIAN_POINT('',(24.0586630627541,5.88074649205144,0.));
#5286=CARTESIAN_POINT('Ctrl Pts',(25.8765355870153,5.31116987099583,0.));
#5287=CARTESIAN_POINT('Ctrl Pts',(25.8765355870153,5.31116987099583,3.));
#5288=CARTESIAN_POINT('Ctrl Pts',(25.6401733297385,5.39858453164956,0.));
#5289=CARTESIAN_POINT('Ctrl Pts',(25.6401733297385,5.39858453164956,3.));
#5290=CARTESIAN_POINT('Ctrl Pts',(25.0440284817313,5.61905881628962,0.));
#5291=CARTESIAN_POINT('Ctrl Pts',(25.0440284817313,5.61905881628962,3.));
#5292=CARTESIAN_POINT('Ctrl Pts',(24.4295252316692,5.78225505208175,0.));
#5293=CARTESIAN_POINT('Ctrl Pts',(24.4295252316692,5.78225505208175,3.));
#5294=CARTESIAN_POINT('Ctrl Pts',(24.0586630627541,5.88074649205144,0.));
#5295=CARTESIAN_POINT('Ctrl Pts',(24.0586630627541,5.88074649205144,3.));
#5296=CARTESIAN_POINT('',(25.8765355870153,5.31116987099583,0.));
#5297=CARTESIAN_POINT('Ctrl Pts',(24.0586630627541,5.88074649205144,0.));
#5298=CARTESIAN_POINT('Ctrl Pts',(24.4295252316692,5.78225505208175,0.));
#5299=CARTESIAN_POINT('Ctrl Pts',(25.0440284817313,5.61905881628962,0.));
#5300=CARTESIAN_POINT('Ctrl Pts',(25.6401733297385,5.39858453164956,0.));
#5301=CARTESIAN_POINT('Ctrl Pts',(25.8765355870153,5.31116987099583,0.));
#5302=CARTESIAN_POINT('',(25.8765355870153,5.31116987099583,3.));
#5303=CARTESIAN_POINT('Ctrl Pts',(25.8765355870153,5.31116987099583,3.));
#5304=CARTESIAN_POINT('Ctrl Pts',(25.6401733297385,5.39858453164956,3.));
#5305=CARTESIAN_POINT('Ctrl Pts',(25.0440284817313,5.61905881628962,3.));
#5306=CARTESIAN_POINT('Ctrl Pts',(24.4295252316692,5.78225505208175,3.));
#5307=CARTESIAN_POINT('Ctrl Pts',(24.0586630627541,5.88074649205144,3.));
#5308=CARTESIAN_POINT('',(25.8765355870153,5.31116987099583,0.));
#5309=CARTESIAN_POINT('Ctrl Pts',(26.684858016672,4.66655875077183,0.));
#5310=CARTESIAN_POINT('Ctrl Pts',(26.684858016672,4.66655875077183,3.));
#5311=CARTESIAN_POINT('Ctrl Pts',(26.5759786078094,4.79993984399616,0.));
#5312=CARTESIAN_POINT('Ctrl Pts',(26.5759786078094,4.79993984399616,3.));
#5313=CARTESIAN_POINT('Ctrl Pts',(26.3531660187251,5.07289307754767,0.));
#5314=CARTESIAN_POINT('Ctrl Pts',(26.3531660187251,5.07289307754767,3.));
#5315=CARTESIAN_POINT('Ctrl Pts',(26.0377967692629,5.23055227955129,0.));
#5316=CARTESIAN_POINT('Ctrl Pts',(26.0377967692629,5.23055227955129,3.));
#5317=CARTESIAN_POINT('Ctrl Pts',(25.8765355870153,5.31116987099583,0.));
#5318=CARTESIAN_POINT('Ctrl Pts',(25.8765355870153,5.31116987099583,3.));
#5319=CARTESIAN_POINT('',(26.684858016672,4.66655875077183,0.));
#5320=CARTESIAN_POINT('Ctrl Pts',(25.8765355870153,5.31116987099583,0.));
#5321=CARTESIAN_POINT('Ctrl Pts',(26.0377967692629,5.23055227955129,0.));
#5322=CARTESIAN_POINT('Ctrl Pts',(26.3531660187251,5.07289307754767,0.));
#5323=CARTESIAN_POINT('Ctrl Pts',(26.5759786078094,4.79993984399616,0.));
#5324=CARTESIAN_POINT('Ctrl Pts',(26.684858016672,4.66655875077183,0.));
#5325=CARTESIAN_POINT('',(26.684858016672,4.66655875077183,3.));
#5326=CARTESIAN_POINT('Ctrl Pts',(26.684858016672,4.66655875077183,3.));
#5327=CARTESIAN_POINT('Ctrl Pts',(26.5759786078094,4.79993984399616,3.));
#5328=CARTESIAN_POINT('Ctrl Pts',(26.3531660187251,5.07289307754767,3.));
#5329=CARTESIAN_POINT('Ctrl Pts',(26.0377967692629,5.23055227955129,3.));
#5330=CARTESIAN_POINT('Ctrl Pts',(25.8765355870153,5.31116987099583,3.));
#5331=CARTESIAN_POINT('',(26.684858016672,4.66655875077183,0.));
#5332=CARTESIAN_POINT('Ctrl Pts',(26.9781724736112,3.61608053078587,0.));
#5333=CARTESIAN_POINT('Ctrl Pts',(26.9781724736112,3.61608053078587,3.));
#5334=CARTESIAN_POINT('Ctrl Pts',(26.9687554160115,3.81254210707002,0.));
#5335=CARTESIAN_POINT('Ctrl Pts',(26.9687554160115,3.81254210707002,3.));
#5336=CARTESIAN_POINT('Ctrl Pts',(26.9508679676043,4.1857156034162,0.));
#5337=CARTESIAN_POINT('Ctrl Pts',(26.9508679676043,4.1857156034162,3.));
#5338=CARTESIAN_POINT('Ctrl Pts',(26.770343333762,4.51203434753724,0.));
#5339=CARTESIAN_POINT('Ctrl Pts',(26.770343333762,4.51203434753724,3.));
#5340=CARTESIAN_POINT('Ctrl Pts',(26.684858016672,4.66655875077183,0.));
#5341=CARTESIAN_POINT('Ctrl Pts',(26.684858016672,4.66655875077183,3.));
#5342=CARTESIAN_POINT('',(26.9781724736112,3.61608053078587,0.));
#5343=CARTESIAN_POINT('Ctrl Pts',(26.684858016672,4.66655875077183,0.));
#5344=CARTESIAN_POINT('Ctrl Pts',(26.770343333762,4.51203434753724,0.));
#5345=CARTESIAN_POINT('Ctrl Pts',(26.9508679676043,4.1857156034162,0.));
#5346=CARTESIAN_POINT('Ctrl Pts',(26.9687554160115,3.81254210707002,0.));
#5347=CARTESIAN_POINT('Ctrl Pts',(26.9781724736112,3.61608053078587,0.));
#5348=CARTESIAN_POINT('',(26.9781724736112,3.61608053078587,3.));
#5349=CARTESIAN_POINT('Ctrl Pts',(26.9781724736112,3.61608053078587,3.));
#5350=CARTESIAN_POINT('Ctrl Pts',(26.9687554160115,3.81254210707002,3.));
#5351=CARTESIAN_POINT('Ctrl Pts',(26.9508679676043,4.1857156034162,3.));
#5352=CARTESIAN_POINT('Ctrl Pts',(26.770343333762,4.51203434753724,3.));
#5353=CARTESIAN_POINT('Ctrl Pts',(26.684858016672,4.66655875077183,3.));
#5354=CARTESIAN_POINT('',(26.9781724736112,3.61608053078587,0.));
#5355=CARTESIAN_POINT('Ctrl Pts',(26.6200558468711,2.45987320771153,0.));
#5356=CARTESIAN_POINT('Ctrl Pts',(26.6200558468711,2.45987320771153,3.));
#5357=CARTESIAN_POINT('Ctrl Pts',(26.7244998616296,2.64202342300354,0.));
#5358=CARTESIAN_POINT('Ctrl Pts',(26.7244998616296,2.64202342300354,3.));
#5359=CARTESIAN_POINT('Ctrl Pts',(26.9302673784209,3.00088168376963,0.));
#5360=CARTESIAN_POINT('Ctrl Pts',(26.9302673784209,3.00088168376963,3.));
#5361=CARTESIAN_POINT('Ctrl Pts',(26.9623663714709,3.41309803437506,0.));
#5362=CARTESIAN_POINT('Ctrl Pts',(26.9623663714709,3.41309803437506,3.));
#5363=CARTESIAN_POINT('Ctrl Pts',(26.9781724736112,3.61608053078587,0.));
#5364=CARTESIAN_POINT('Ctrl Pts',(26.9781724736112,3.61608053078587,3.));
#5365=CARTESIAN_POINT('',(26.6200558468711,2.45987320771153,0.));
#5366=CARTESIAN_POINT('Ctrl Pts',(26.9781724736112,3.61608053078587,0.));
#5367=CARTESIAN_POINT('Ctrl Pts',(26.9623663714709,3.41309803437506,0.));
#5368=CARTESIAN_POINT('Ctrl Pts',(26.9302673784209,3.00088168376963,0.));
#5369=CARTESIAN_POINT('Ctrl Pts',(26.7244998616296,2.64202342300354,0.));
#5370=CARTESIAN_POINT('Ctrl Pts',(26.6200558468711,2.45987320771153,0.));
#5371=CARTESIAN_POINT('',(26.6200558468711,2.45987320771153,3.));
#5372=CARTESIAN_POINT('Ctrl Pts',(26.6200558468711,2.45987320771153,3.));
#5373=CARTESIAN_POINT('Ctrl Pts',(26.7244998616296,2.64202342300354,3.));
#5374=CARTESIAN_POINT('Ctrl Pts',(26.9302673784209,3.00088168376963,3.));
#5375=CARTESIAN_POINT('Ctrl Pts',(26.9623663714709,3.41309803437506,3.));
#5376=CARTESIAN_POINT('Ctrl Pts',(26.9781724736112,3.61608053078587,3.));
#5377=CARTESIAN_POINT('',(26.6200558468711,2.45987320771153,0.));
#5378=CARTESIAN_POINT('Ctrl Pts',(25.586630515755,1.62085557808812,0.));
#5379=CARTESIAN_POINT('Ctrl Pts',(25.586630515755,1.62085557808812,3.));
#5380=CARTESIAN_POINT('Ctrl Pts',(25.7963378840708,1.72676907259787,0.));
#5381=CARTESIAN_POINT('Ctrl Pts',(25.7963378840708,1.72676907259787,3.));
#5382=CARTESIAN_POINT('Ctrl Pts',(26.2021060993159,1.93170383470343,0.));
#5383=CARTESIAN_POINT('Ctrl Pts',(26.2021060993159,1.93170383470343,3.));
#5384=CARTESIAN_POINT('Ctrl Pts',(26.4838982788343,2.28780884408654,0.));
#5385=CARTESIAN_POINT('Ctrl Pts',(26.4838982788343,2.28780884408654,3.));
#5386=CARTESIAN_POINT('Ctrl Pts',(26.6200558468711,2.45987320771153,0.));
#5387=CARTESIAN_POINT('Ctrl Pts',(26.6200558468711,2.45987320771153,3.));
#5388=CARTESIAN_POINT('',(25.586630515755,1.62085557808812,0.));
#5389=CARTESIAN_POINT('Ctrl Pts',(26.6200558468711,2.45987320771153,0.));
#5390=CARTESIAN_POINT('Ctrl Pts',(26.4838982788343,2.28780884408654,0.));
#5391=CARTESIAN_POINT('Ctrl Pts',(26.2021060993159,1.93170383470343,0.));
#5392=CARTESIAN_POINT('Ctrl Pts',(25.7963378840708,1.72676907259787,0.));
#5393=CARTESIAN_POINT('Ctrl Pts',(25.586630515755,1.62085557808812,0.));
#5394=CARTESIAN_POINT('',(25.586630515755,1.62085557808812,3.));
#5395=CARTESIAN_POINT('Ctrl Pts',(25.586630515755,1.62085557808812,3.));
#5396=CARTESIAN_POINT('Ctrl Pts',(25.7963378840708,1.72676907259787,3.));
#5397=CARTESIAN_POINT('Ctrl Pts',(26.2021060993159,1.93170383470343,3.));
#5398=CARTESIAN_POINT('Ctrl Pts',(26.4838982788343,2.28780884408654,3.));
#5399=CARTESIAN_POINT('Ctrl Pts',(26.6200558468711,2.45987320771153,3.));
#5400=CARTESIAN_POINT('',(25.586630515755,1.62085557808812,0.));
#5401=CARTESIAN_POINT('Ctrl Pts',(24.0586630627519,1.32412935128148,0.));
#5402=CARTESIAN_POINT('Ctrl Pts',(24.0586630627519,1.32412935128148,3.));
#5403=CARTESIAN_POINT('Ctrl Pts',(24.3309424804112,1.3345384199143,0.));
#5404=CARTESIAN_POINT('Ctrl Pts',(24.3309424804112,1.3345384199143,3.));
#5405=CARTESIAN_POINT('Ctrl Pts',(24.855895247277,1.35460702967656,0.));
#5406=CARTESIAN_POINT('Ctrl Pts',(24.855895247277,1.35460702967656,3.));
#5407=CARTESIAN_POINT('Ctrl Pts',(25.3491933671645,1.53434367852857,0.));
#5408=CARTESIAN_POINT('Ctrl Pts',(25.3491933671645,1.53434367852857,3.));
#5409=CARTESIAN_POINT('Ctrl Pts',(25.586630515755,1.62085557808812,0.));
#5410=CARTESIAN_POINT('Ctrl Pts',(25.586630515755,1.62085557808812,3.));
#5411=CARTESIAN_POINT('',(24.0586630627519,1.32412935128148,0.));
#5412=CARTESIAN_POINT('Ctrl Pts',(25.586630515755,1.62085557808812,0.));
#5413=CARTESIAN_POINT('Ctrl Pts',(25.3491933671645,1.53434367852857,0.));
#5414=CARTESIAN_POINT('Ctrl Pts',(24.855895247277,1.35460702967656,0.));
#5415=CARTESIAN_POINT('Ctrl Pts',(24.3309424804112,1.3345384199143,0.));
#5416=CARTESIAN_POINT('Ctrl Pts',(24.0586630627519,1.32412935128148,0.));
#5417=CARTESIAN_POINT('',(24.0586630627519,1.32412935128148,3.));
#5418=CARTESIAN_POINT('Ctrl Pts',(24.0586630627519,1.32412935128148,3.));
#5419=CARTESIAN_POINT('Ctrl Pts',(24.3309424804112,1.3345384199143,3.));
#5420=CARTESIAN_POINT('Ctrl Pts',(24.855895247277,1.35460702967656,3.));
#5421=CARTESIAN_POINT('Ctrl Pts',(25.3491933671645,1.53434367852857,3.));
#5422=CARTESIAN_POINT('Ctrl Pts',(25.586630515755,1.62085557808812,3.));
#5423=CARTESIAN_POINT('',(24.0586630627519,1.32412935128148,0.));
#5424=CARTESIAN_POINT('Ctrl Pts',(21.9065491482625,1.91076064934666,0.));
#5425=CARTESIAN_POINT('Ctrl Pts',(21.9065491482625,1.91076064934666,3.));
#5426=CARTESIAN_POINT('Ctrl Pts',(22.2022517637336,1.74017206055397,0.));
#5427=CARTESIAN_POINT('Ctrl Pts',(22.2022517637336,1.74017206055397,3.));
#5428=CARTESIAN_POINT('Ctrl Pts',(22.865040697932,1.35781416773592,0.));
#5429=CARTESIAN_POINT('Ctrl Pts',(22.865040697932,1.35781416773592,3.));
#5430=CARTESIAN_POINT('Ctrl Pts',(23.6332111076656,1.33613588822286,0.));
#5431=CARTESIAN_POINT('Ctrl Pts',(23.6332111076656,1.33613588822286,3.));
#5432=CARTESIAN_POINT('Ctrl Pts',(24.0586630627519,1.32412935128148,0.));
#5433=CARTESIAN_POINT('Ctrl Pts',(24.0586630627519,1.32412935128148,3.));
#5434=CARTESIAN_POINT('',(21.9065491482625,1.91076064934666,0.));
#5435=CARTESIAN_POINT('Ctrl Pts',(24.0586630627519,1.32412935128148,0.));
#5436=CARTESIAN_POINT('Ctrl Pts',(23.6332111076656,1.33613588822286,0.));
#5437=CARTESIAN_POINT('Ctrl Pts',(22.865040697932,1.35781416773592,0.));
#5438=CARTESIAN_POINT('Ctrl Pts',(22.2022517637336,1.74017206055397,0.));
#5439=CARTESIAN_POINT('Ctrl Pts',(21.9065491482625,1.91076064934666,0.));
#5440=CARTESIAN_POINT('',(21.9065491482625,1.91076064934666,3.));
#5441=CARTESIAN_POINT('Ctrl Pts',(21.9065491482625,1.91076064934666,3.));
#5442=CARTESIAN_POINT('Ctrl Pts',(22.2022517637336,1.74017206055397,3.));
#5443=CARTESIAN_POINT('Ctrl Pts',(22.865040697932,1.35781416773592,3.));
#5444=CARTESIAN_POINT('Ctrl Pts',(23.6332111076656,1.33613588822286,3.));
#5445=CARTESIAN_POINT('Ctrl Pts',(24.0586630627519,1.32412935128148,3.));
#5446=CARTESIAN_POINT('',(21.9065491482625,1.91076064934666,0.));
#5447=CARTESIAN_POINT('Ctrl Pts',(20.9618012234586,3.65018750061925,0.));
#5448=CARTESIAN_POINT('Ctrl Pts',(20.9618012234586,3.65018750061925,3.));
#5449=CARTESIAN_POINT('Ctrl Pts',(21.044294185553,3.29618405994177,0.));
#5450=CARTESIAN_POINT('Ctrl Pts',(21.044294185553,3.29618405994177,3.));
#5451=CARTESIAN_POINT('Ctrl Pts',(21.2000822442122,2.62764813418925,0.));
#5452=CARTESIAN_POINT('Ctrl Pts',(21.2000822442122,2.62764813418925,3.));
#5453=CARTESIAN_POINT('Ctrl Pts',(21.680515244104,2.14012861564813,0.));
#5454=CARTESIAN_POINT('Ctrl Pts',(21.680515244104,2.14012861564813,3.));
#5455=CARTESIAN_POINT('Ctrl Pts',(21.9065491482625,1.91076064934666,0.));
#5456=CARTESIAN_POINT('Ctrl Pts',(21.9065491482625,1.91076064934666,3.));
#5457=CARTESIAN_POINT('Ctrl Pts',(21.9065491482625,1.91076064934666,0.));
#5458=CARTESIAN_POINT('Ctrl Pts',(21.680515244104,2.14012861564813,0.));
#5459=CARTESIAN_POINT('Ctrl Pts',(21.2000822442122,2.62764813418925,0.));
#5460=CARTESIAN_POINT('Ctrl Pts',(21.044294185553,3.29618405994177,0.));
#5461=CARTESIAN_POINT('Ctrl Pts',(20.9618012234586,3.65018750061925,0.));
#5462=CARTESIAN_POINT('Ctrl Pts',(20.9618012234586,3.65018750061925,3.));
#5463=CARTESIAN_POINT('Ctrl Pts',(21.044294185553,3.29618405994177,3.));
#5464=CARTESIAN_POINT('Ctrl Pts',(21.2000822442122,2.62764813418925,3.));
#5465=CARTESIAN_POINT('Ctrl Pts',(21.680515244104,2.14012861564813,3.));
#5466=CARTESIAN_POINT('Ctrl Pts',(21.9065491482625,1.91076064934666,3.));
#5467=CARTESIAN_POINT('Origin',(33.315143194055,6.40598500599797,3.));
#5468=CARTESIAN_POINT('Ctrl Pts',(62.1964542195215,3.02262926926549,0.));
#5469=CARTESIAN_POINT('Ctrl Pts',(62.1964542195215,3.02262926926549,3.));
#5470=CARTESIAN_POINT('Ctrl Pts',(62.025941058487,3.30357010020288,0.));
#5471=CARTESIAN_POINT('Ctrl Pts',(62.025941058487,3.30357010020288,3.));
#5472=CARTESIAN_POINT('Ctrl Pts',(61.6401645890905,3.93918298316629,0.));
#5473=CARTESIAN_POINT('Ctrl Pts',(61.6401645890905,3.93918298316629,3.));
#5474=CARTESIAN_POINT('Ctrl Pts',(61.6206883054715,4.68625486564109,0.));
#5475=CARTESIAN_POINT('Ctrl Pts',(61.6206883054715,4.68625486564109,3.));
#5476=CARTESIAN_POINT('Ctrl Pts',(61.6098205372715,5.10312105050023,0.));
#5477=CARTESIAN_POINT('Ctrl Pts',(61.6098205372715,5.10312105050023,3.));
#5478=CARTESIAN_POINT('',(61.6098205372715,5.10312105050023,0.));
#5479=CARTESIAN_POINT('',(62.1964542195215,3.02262926926549,0.));
#5480=CARTESIAN_POINT('Ctrl Pts',(61.6098205372715,5.10312105050023,0.));
#5481=CARTESIAN_POINT('Ctrl Pts',(61.6206883054715,4.68625486564109,0.));
#5482=CARTESIAN_POINT('Ctrl Pts',(61.6401645890905,3.93918298316629,0.));
#5483=CARTESIAN_POINT('Ctrl Pts',(62.025941058487,3.30357010020288,0.));
#5484=CARTESIAN_POINT('Ctrl Pts',(62.1964542195215,3.02262926926549,0.));
#5485=CARTESIAN_POINT('',(61.6098205372715,5.10312105050023,3.));
#5486=CARTESIAN_POINT('',(61.6098205372715,5.10312105050023,0.));
#5487=CARTESIAN_POINT('',(62.1964542195215,3.02262926926549,3.));
#5488=CARTESIAN_POINT('Ctrl Pts',(62.1964542195215,3.02262926926549,3.));
#5489=CARTESIAN_POINT('Ctrl Pts',(62.025941058487,3.30357010020288,3.));
#5490=CARTESIAN_POINT('Ctrl Pts',(61.6401645890905,3.93918298316629,3.));
#5491=CARTESIAN_POINT('Ctrl Pts',(61.6206883054715,4.68625486564109,3.));
#5492=CARTESIAN_POINT('Ctrl Pts',(61.6098205372715,5.10312105050023,3.));
#5493=CARTESIAN_POINT('',(62.1964542195215,3.02262926926549,0.));
#5494=CARTESIAN_POINT('Ctrl Pts',(63.5811750218283,2.33367944588597,0.));
#5495=CARTESIAN_POINT('Ctrl Pts',(63.5811750218283,2.33367944588597,3.));
#5496=CARTESIAN_POINT('Ctrl Pts',(63.3206927006311,2.36631342860026,0.));
#5497=CARTESIAN_POINT('Ctrl Pts',(63.3206927006311,2.36631342860026,3.));
#5498=CARTESIAN_POINT('Ctrl Pts',(62.7802204455746,2.4340253644737,0.));
#5499=CARTESIAN_POINT('Ctrl Pts',(62.7802204455746,2.4340253644737,3.));
#5500=CARTESIAN_POINT('Ctrl Pts',(62.395669575488,2.82176301290606,0.));
#5501=CARTESIAN_POINT('Ctrl Pts',(62.395669575488,2.82176301290606,3.));
#5502=CARTESIAN_POINT('Ctrl Pts',(62.1964542195215,3.02262926926549,0.));
#5503=CARTESIAN_POINT('Ctrl Pts',(62.1964542195215,3.02262926926549,3.));
#5504=CARTESIAN_POINT('',(63.5811750218283,2.33367944588597,0.));
#5505=CARTESIAN_POINT('Ctrl Pts',(62.1964542195215,3.02262926926549,0.));
#5506=CARTESIAN_POINT('Ctrl Pts',(62.395669575488,2.82176301290606,0.));
#5507=CARTESIAN_POINT('Ctrl Pts',(62.7802204455746,2.4340253644737,0.));
#5508=CARTESIAN_POINT('Ctrl Pts',(63.3206927006311,2.36631342860026,0.));
#5509=CARTESIAN_POINT('Ctrl Pts',(63.5811750218283,2.33367944588597,0.));
#5510=CARTESIAN_POINT('',(63.5811750218283,2.33367944588597,3.));
#5511=CARTESIAN_POINT('Ctrl Pts',(63.5811750218283,2.33367944588597,3.));
#5512=CARTESIAN_POINT('Ctrl Pts',(63.3206927006311,2.36631342860026,3.));
#5513=CARTESIAN_POINT('Ctrl Pts',(62.7802204455746,2.4340253644737,3.));
#5514=CARTESIAN_POINT('Ctrl Pts',(62.395669575488,2.82176301290606,3.));
#5515=CARTESIAN_POINT('Ctrl Pts',(62.1964542195215,3.02262926926549,3.));
#5516=CARTESIAN_POINT('',(63.5811750218283,2.33367944588597,0.));
#5517=CARTESIAN_POINT('Ctrl Pts',(64.9488393589868,2.99193406929906,0.));
#5518=CARTESIAN_POINT('Ctrl Pts',(64.9488393589868,2.99193406929906,3.));
#5519=CARTESIAN_POINT('Ctrl Pts',(64.7541007427097,2.79996795995401,0.));
#5520=CARTESIAN_POINT('Ctrl Pts',(64.7541007427097,2.79996795995401,3.));
#5521=CARTESIAN_POINT('Ctrl Pts',(64.3726519901034,2.42394991919667,0.));
#5522=CARTESIAN_POINT('Ctrl Pts',(64.3726519901034,2.42394991919667,3.));
#5523=CARTESIAN_POINT('Ctrl Pts',(63.8412726380513,2.36334440881547,0.));
#5524=CARTESIAN_POINT('Ctrl Pts',(63.8412726380513,2.36334440881547,3.));
#5525=CARTESIAN_POINT('Ctrl Pts',(63.5811750218283,2.33367944588597,0.));
#5526=CARTESIAN_POINT('Ctrl Pts',(63.5811750218283,2.33367944588597,3.));
#5527=CARTESIAN_POINT('',(64.9488393589868,2.99193406929906,0.));
#5528=CARTESIAN_POINT('Ctrl Pts',(63.5811750218283,2.33367944588597,0.));
#5529=CARTESIAN_POINT('Ctrl Pts',(63.8412726380513,2.36334440881547,0.));
#5530=CARTESIAN_POINT('Ctrl Pts',(64.3726519901034,2.42394991919667,0.));
#5531=CARTESIAN_POINT('Ctrl Pts',(64.7541007427097,2.79996795995401,0.));
#5532=CARTESIAN_POINT('Ctrl Pts',(64.9488393589868,2.99193406929906,0.));
#5533=CARTESIAN_POINT('',(64.9488393589868,2.99193406929906,3.));
#5534=CARTESIAN_POINT('Ctrl Pts',(64.9488393589868,2.99193406929906,3.));
#5535=CARTESIAN_POINT('Ctrl Pts',(64.7541007427097,2.79996795995401,3.));
#5536=CARTESIAN_POINT('Ctrl Pts',(64.3726519901034,2.42394991919667,3.));
#5537=CARTESIAN_POINT('Ctrl Pts',(63.8412726380513,2.36334440881547,3.));
#5538=CARTESIAN_POINT('Ctrl Pts',(63.5811750218283,2.33367944588597,3.));
#5539=CARTESIAN_POINT('',(64.9488393589868,2.99193406929906,0.));
#5540=CARTESIAN_POINT('Ctrl Pts',(65.5115978047275,5.000801333093,0.));
#5541=CARTESIAN_POINT('Ctrl Pts',(65.5115978047275,5.000801333093,3.));
#5542=CARTESIAN_POINT('Ctrl Pts',(65.5016655378436,4.59708755451353,0.));
#5543=CARTESIAN_POINT('Ctrl Pts',(65.5016655378436,4.59708755451353,3.));
#5544=CARTESIAN_POINT('Ctrl Pts',(65.4839245601546,3.87597552418145,0.));
#5545=CARTESIAN_POINT('Ctrl Pts',(65.4839245601546,3.87597552418145,3.));
#5546=CARTESIAN_POINT('Ctrl Pts',(65.1123766010529,3.26212225818559,0.));
#5547=CARTESIAN_POINT('Ctrl Pts',(65.1123766010529,3.26212225818559,3.));
#5548=CARTESIAN_POINT('Ctrl Pts',(64.9488393589868,2.99193406929906,0.));
#5549=CARTESIAN_POINT('Ctrl Pts',(64.9488393589868,2.99193406929906,3.));
#5550=CARTESIAN_POINT('',(65.5115978047275,5.000801333093,0.));
#5551=CARTESIAN_POINT('Ctrl Pts',(64.9488393589868,2.99193406929906,0.));
#5552=CARTESIAN_POINT('Ctrl Pts',(65.1123766010529,3.26212225818559,0.));
#5553=CARTESIAN_POINT('Ctrl Pts',(65.4839245601546,3.87597552418145,0.));
#5554=CARTESIAN_POINT('Ctrl Pts',(65.5016655378436,4.59708755451353,0.));
#5555=CARTESIAN_POINT('Ctrl Pts',(65.5115978047275,5.000801333093,0.));
#5556=CARTESIAN_POINT('',(65.5115978047275,5.000801333093,3.));
#5557=CARTESIAN_POINT('Ctrl Pts',(65.5115978047275,5.000801333093,3.));
#5558=CARTESIAN_POINT('Ctrl Pts',(65.5016655378436,4.59708755451353,3.));
#5559=CARTESIAN_POINT('Ctrl Pts',(65.4839245601546,3.87597552418145,3.));
#5560=CARTESIAN_POINT('Ctrl Pts',(65.1123766010529,3.26212225818559,3.));
#5561=CARTESIAN_POINT('Ctrl Pts',(64.9488393589868,2.99193406929906,3.));
#5562=CARTESIAN_POINT('',(65.5115978047275,5.000801333093,0.));
#5563=CARTESIAN_POINT('Ctrl Pts',(64.9386064335738,7.18361223568852,0.));
#5564=CARTESIAN_POINT('Ctrl Pts',(64.9386064335738,7.18361223568852,3.));
#5565=CARTESIAN_POINT('Ctrl Pts',(65.1049784205181,6.89238542217366,0.));
#5566=CARTESIAN_POINT('Ctrl Pts',(65.1049784205181,6.89238542217366,3.));
#5567=CARTESIAN_POINT('Ctrl Pts',(65.4889990912948,6.22017420243526,0.));
#5568=CARTESIAN_POINT('Ctrl Pts',(65.4889990912948,6.22017420243526,3.));
#5569=CARTESIAN_POINT('Ctrl Pts',(65.5034229156506,5.44189891946699,0.));
#5570=CARTESIAN_POINT('Ctrl Pts',(65.5034229156506,5.44189891946699,3.));
#5571=CARTESIAN_POINT('Ctrl Pts',(65.5115978047275,5.000801333093,0.));
#5572=CARTESIAN_POINT('Ctrl Pts',(65.5115978047275,5.000801333093,3.));
#5573=CARTESIAN_POINT('',(64.9386064335738,7.18361223568852,0.));
#5574=CARTESIAN_POINT('Ctrl Pts',(65.5115978047275,5.000801333093,0.));
#5575=CARTESIAN_POINT('Ctrl Pts',(65.5034229156506,5.44189891946699,0.));
#5576=CARTESIAN_POINT('Ctrl Pts',(65.4889990912948,6.22017420243526,0.));
#5577=CARTESIAN_POINT('Ctrl Pts',(65.1049784205181,6.89238542217366,0.));
#5578=CARTESIAN_POINT('Ctrl Pts',(64.9386064335738,7.18361223568852,0.));
#5579=CARTESIAN_POINT('',(64.9386064335738,7.18361223568852,3.));
#5580=CARTESIAN_POINT('Ctrl Pts',(64.9386064335738,7.18361223568852,3.));
#5581=CARTESIAN_POINT('Ctrl Pts',(65.1049784205181,6.89238542217366,3.));
#5582=CARTESIAN_POINT('Ctrl Pts',(65.4889990912948,6.22017420243526,3.));
#5583=CARTESIAN_POINT('Ctrl Pts',(65.5034229156506,5.44189891946699,3.));
#5584=CARTESIAN_POINT('Ctrl Pts',(65.5115978047275,5.000801333093,3.));
#5585=CARTESIAN_POINT('',(64.9386064335738,7.18361223568852,0.));
#5586=CARTESIAN_POINT('Ctrl Pts',(63.5266010090746,7.87938321461613,0.));
#5587=CARTESIAN_POINT('Ctrl Pts',(63.5266010090746,7.87938321461613,3.));
#5588=CARTESIAN_POINT('Ctrl Pts',(63.7970790987354,7.84806163488033,0.));
#5589=CARTESIAN_POINT('Ctrl Pts',(63.7970790987354,7.84806163488033,3.));
#5590=CARTESIAN_POINT('Ctrl Pts',(64.3494898524062,7.78409202651125,0.));
#5591=CARTESIAN_POINT('Ctrl Pts',(64.3494898524062,7.78409202651125,3.));
#5592=CARTESIAN_POINT('Ctrl Pts',(64.7395382757609,7.3865201313143,0.));
#5593=CARTESIAN_POINT('Ctrl Pts',(64.7395382757609,7.3865201313143,3.));
#5594=CARTESIAN_POINT('Ctrl Pts',(64.9386064335738,7.18361223568852,0.));
#5595=CARTESIAN_POINT('Ctrl Pts',(64.9386064335738,7.18361223568852,3.));
#5596=CARTESIAN_POINT('',(63.5266010090746,7.87938321461613,0.));
#5597=CARTESIAN_POINT('Ctrl Pts',(64.9386064335738,7.18361223568852,0.));
#5598=CARTESIAN_POINT('Ctrl Pts',(64.7395382757609,7.3865201313143,0.));
#5599=CARTESIAN_POINT('Ctrl Pts',(64.3494898524062,7.78409202651125,0.));
#5600=CARTESIAN_POINT('Ctrl Pts',(63.7970790987354,7.84806163488033,0.));
#5601=CARTESIAN_POINT('Ctrl Pts',(63.5266010090746,7.87938321461613,0.));
#5602=CARTESIAN_POINT('',(63.5266010090746,7.87938321461613,3.));
#5603=CARTESIAN_POINT('Ctrl Pts',(63.5266010090746,7.87938321461613,3.));
#5604=CARTESIAN_POINT('Ctrl Pts',(63.7970790987354,7.84806163488033,3.));
#5605=CARTESIAN_POINT('Ctrl Pts',(64.3494898524062,7.78409202651125,3.));
#5606=CARTESIAN_POINT('Ctrl Pts',(64.7395382757609,7.3865201313143,3.));
#5607=CARTESIAN_POINT('Ctrl Pts',(64.9386064335738,7.18361223568852,3.));
#5608=CARTESIAN_POINT('',(63.5266010090746,7.87938321461613,0.));
#5609=CARTESIAN_POINT('Ctrl Pts',(62.1589366719161,7.21089745392735,0.));
#5610=CARTESIAN_POINT('Ctrl Pts',(62.1589366719161,7.21089745392735,3.));
#5611=CARTESIAN_POINT('Ctrl Pts',(62.350949507745,7.40585802632863,0.));
#5612=CARTESIAN_POINT('Ctrl Pts',(62.350949507745,7.40585802632863,3.));
#5613=CARTESIAN_POINT('Ctrl Pts',(62.7289227398394,7.78963381591792,0.));
#5614=CARTESIAN_POINT('Ctrl Pts',(62.7289227398394,7.78963381591792,3.));
#5615=CARTESIAN_POINT('Ctrl Pts',(63.2635619569954,7.84978782801886,0.));
#5616=CARTESIAN_POINT('Ctrl Pts',(63.2635619569954,7.84978782801886,3.));
#5617=CARTESIAN_POINT('Ctrl Pts',(63.5266010090746,7.87938321461613,0.));
#5618=CARTESIAN_POINT('Ctrl Pts',(63.5266010090746,7.87938321461613,3.));
#5619=CARTESIAN_POINT('',(62.1589366719161,7.21089745392735,0.));
#5620=CARTESIAN_POINT('Ctrl Pts',(63.5266010090746,7.87938321461613,0.));
#5621=CARTESIAN_POINT('Ctrl Pts',(63.2635619569954,7.84978782801886,0.));
#5622=CARTESIAN_POINT('Ctrl Pts',(62.7289227398394,7.78963381591792,0.));
#5623=CARTESIAN_POINT('Ctrl Pts',(62.350949507745,7.40585802632863,0.));
#5624=CARTESIAN_POINT('Ctrl Pts',(62.1589366719161,7.21089745392735,0.));
#5625=CARTESIAN_POINT('',(62.1589366719161,7.21089745392735,3.));
#5626=CARTESIAN_POINT('Ctrl Pts',(62.1589366719161,7.21089745392735,3.));
#5627=CARTESIAN_POINT('Ctrl Pts',(62.350949507745,7.40585802632863,3.));
#5628=CARTESIAN_POINT('Ctrl Pts',(62.7289227398394,7.78963381591792,3.));
#5629=CARTESIAN_POINT('Ctrl Pts',(63.2635619569954,7.84978782801886,3.));
#5630=CARTESIAN_POINT('Ctrl Pts',(63.5266010090746,7.87938321461613,3.));
#5631=CARTESIAN_POINT('',(62.1589366719161,7.21089745392735,0.));
#5632=CARTESIAN_POINT('Ctrl Pts',(61.6098205372715,5.10312105050023,0.));
#5633=CARTESIAN_POINT('Ctrl Pts',(61.6098205372715,5.10312105050023,3.));
#5634=CARTESIAN_POINT('Ctrl Pts',(61.6173697031729,5.52955090568101,0.));
#5635=CARTESIAN_POINT('Ctrl Pts',(61.6173697031729,5.52955090568101,3.));
#5636=CARTESIAN_POINT('Ctrl Pts',(61.6306650177791,6.28056355478346,0.));
#5637=CARTESIAN_POINT('Ctrl Pts',(61.6306650177791,6.28056355478346,3.));
#5638=CARTESIAN_POINT('Ctrl Pts',(61.9995199594695,6.9301502843269,0.));
#5639=CARTESIAN_POINT('Ctrl Pts',(61.9995199594695,6.9301502843269,3.));
#5640=CARTESIAN_POINT('Ctrl Pts',(62.1589366719161,7.21089745392735,0.));
#5641=CARTESIAN_POINT('Ctrl Pts',(62.1589366719161,7.21089745392735,3.));
#5642=CARTESIAN_POINT('Ctrl Pts',(62.1589366719161,7.21089745392735,0.));
#5643=CARTESIAN_POINT('Ctrl Pts',(61.9995199594695,6.9301502843269,0.));
#5644=CARTESIAN_POINT('Ctrl Pts',(61.6306650177791,6.28056355478346,0.));
#5645=CARTESIAN_POINT('Ctrl Pts',(61.6173697031729,5.52955090568101,0.));
#5646=CARTESIAN_POINT('Ctrl Pts',(61.6098205372715,5.10312105050023,0.));
#5647=CARTESIAN_POINT('Ctrl Pts',(61.6098205372715,5.10312105050023,3.));
#5648=CARTESIAN_POINT('Ctrl Pts',(61.6173697031729,5.52955090568101,3.));
#5649=CARTESIAN_POINT('Ctrl Pts',(61.6306650177791,6.28056355478346,3.));
#5650=CARTESIAN_POINT('Ctrl Pts',(61.9995199594695,6.9301502843269,3.));
#5651=CARTESIAN_POINT('Ctrl Pts',(62.1589366719161,7.21089745392735,3.));
#5652=CARTESIAN_POINT('Origin',(65.4911319538962,2.40189219345982,0.));
#5653=CARTESIAN_POINT('',(65.4911319538958,1.48784066071446,0.));
#5654=CARTESIAN_POINT('',(65.4911319538962,2.40189219345982,0.));
#5655=CARTESIAN_POINT('',(65.4911319538969,3.70094609672265,0.));
#5656=CARTESIAN_POINT('',(65.4911319538958,1.48784066071446,3.));
#5657=CARTESIAN_POINT('',(65.4911319538958,1.48784066071446,0.));
#5658=CARTESIAN_POINT('',(65.4911319538962,2.40189219345982,3.));
#5659=CARTESIAN_POINT('',(65.4911319538958,1.48784066071446,3.));
#5660=CARTESIAN_POINT('',(65.4911319538962,2.40189219345982,0.));
#5661=CARTESIAN_POINT('Ctrl Pts',(63.4652129933244,1.32412935128148,0.));
#5662=CARTESIAN_POINT('Ctrl Pts',(63.4652129933244,1.32412935128148,3.));
#5663=CARTESIAN_POINT('Ctrl Pts',(63.8822832481311,1.36658705127941,0.));
#5664=CARTESIAN_POINT('Ctrl Pts',(63.8822832481311,1.36658705127941,3.));
#5665=CARTESIAN_POINT('Ctrl Pts',(64.7054249445008,1.45038277345685,0.));
#5666=CARTESIAN_POINT('Ctrl Pts',(64.7054249445008,1.45038277345685,3.));
#5667=CARTESIAN_POINT('Ctrl Pts',(65.2315730799259,2.08756037425128,0.));
#5668=CARTESIAN_POINT('Ctrl Pts',(65.2315730799259,2.08756037425128,3.));
#5669=CARTESIAN_POINT('Ctrl Pts',(65.4911319538962,2.40189219345982,0.));
#5670=CARTESIAN_POINT('Ctrl Pts',(65.4911319538962,2.40189219345982,3.));
#5671=CARTESIAN_POINT('',(63.4652129933244,1.32412935128148,0.));
#5672=CARTESIAN_POINT('Ctrl Pts',(65.4911319538962,2.40189219345982,0.));
#5673=CARTESIAN_POINT('Ctrl Pts',(65.2315730799259,2.08756037425128,0.));
#5674=CARTESIAN_POINT('Ctrl Pts',(64.7054249445008,1.45038277345685,0.));
#5675=CARTESIAN_POINT('Ctrl Pts',(63.8822832481311,1.36658705127941,0.));
#5676=CARTESIAN_POINT('Ctrl Pts',(63.4652129933244,1.32412935128148,0.));
#5677=CARTESIAN_POINT('',(63.4652129933244,1.32412935128148,3.));
#5678=CARTESIAN_POINT('Ctrl Pts',(63.4652129933244,1.32412935128148,3.));
#5679=CARTESIAN_POINT('Ctrl Pts',(63.8822832481311,1.36658705127941,3.));
#5680=CARTESIAN_POINT('Ctrl Pts',(64.7054249445008,1.45038277345685,3.));
#5681=CARTESIAN_POINT('Ctrl Pts',(65.2315730799259,2.08756037425128,3.));
#5682=CARTESIAN_POINT('Ctrl Pts',(65.4911319538962,2.40189219345982,3.));
#5683=CARTESIAN_POINT('',(63.4652129933244,1.32412935128148,0.));
#5684=CARTESIAN_POINT('Ctrl Pts',(61.8724433705219,1.80161977639134,0.));
#5685=CARTESIAN_POINT('Ctrl Pts',(61.8724433705219,1.80161977639134,3.));
#5686=CARTESIAN_POINT('Ctrl Pts',(62.120291328135,1.6623517705219,0.));
#5687=CARTESIAN_POINT('Ctrl Pts',(62.120291328135,1.6623517705219,3.));
#5688=CARTESIAN_POINT('Ctrl Pts',(62.6155244073527,1.38407583051642,0.));
#5689=CARTESIAN_POINT('Ctrl Pts',(62.6155244073527,1.38407583051642,3.));
#5690=CARTESIAN_POINT('Ctrl Pts',(63.1821599871715,1.34409905716652,0.));
#5691=CARTESIAN_POINT('Ctrl Pts',(63.1821599871715,1.34409905716652,3.));
#5692=CARTESIAN_POINT('Ctrl Pts',(63.4652129933244,1.32412935128148,0.));
#5693=CARTESIAN_POINT('Ctrl Pts',(63.4652129933244,1.32412935128148,3.));
#5694=CARTESIAN_POINT('',(61.8724433705219,1.80161977639134,0.));
#5695=CARTESIAN_POINT('Ctrl Pts',(63.4652129933244,1.32412935128148,0.));
#5696=CARTESIAN_POINT('Ctrl Pts',(63.1821599871715,1.34409905716652,0.));
#5697=CARTESIAN_POINT('Ctrl Pts',(62.6155244073527,1.38407583051642,0.));
#5698=CARTESIAN_POINT('Ctrl Pts',(62.120291328135,1.6623517705219,0.));
#5699=CARTESIAN_POINT('Ctrl Pts',(61.8724433705219,1.80161977639134,0.));
#5700=CARTESIAN_POINT('',(61.8724433705219,1.80161977639134,3.));
#5701=CARTESIAN_POINT('Ctrl Pts',(61.8724433705219,1.80161977639134,3.));
#5702=CARTESIAN_POINT('Ctrl Pts',(62.120291328135,1.6623517705219,3.));
#5703=CARTESIAN_POINT('Ctrl Pts',(62.6155244073527,1.38407583051642,3.));
#5704=CARTESIAN_POINT('Ctrl Pts',(63.1821599871715,1.34409905716652,3.));
#5705=CARTESIAN_POINT('Ctrl Pts',(63.4652129933244,1.32412935128148,3.));
#5706=CARTESIAN_POINT('',(61.8724433705219,1.80161977639134,0.));
#5707=CARTESIAN_POINT('Ctrl Pts',(60.7469312474146,3.13518071999486,0.));
#5708=CARTESIAN_POINT('Ctrl Pts',(60.7469312474146,3.13518071999486,3.));
#5709=CARTESIAN_POINT('Ctrl Pts',(60.8908255464422,2.86743842432335,0.));
#5710=CARTESIAN_POINT('Ctrl Pts',(60.8908255464422,2.86743842432335,3.));
#5711=CARTESIAN_POINT('Ctrl Pts',(61.1724340926019,2.34345297709551,0.));
#5712=CARTESIAN_POINT('Ctrl Pts',(61.1724340926019,2.34345297709551,3.));
#5713=CARTESIAN_POINT('Ctrl Pts',(61.6425458971758,1.9795689661322,0.));
#5714=CARTESIAN_POINT('Ctrl Pts',(61.6425458971758,1.9795689661322,3.));
#5715=CARTESIAN_POINT('Ctrl Pts',(61.8724433705219,1.80161977639134,0.));
#5716=CARTESIAN_POINT('Ctrl Pts',(61.8724433705219,1.80161977639134,3.));
#5717=CARTESIAN_POINT('',(60.7469312474146,3.13518071999486,0.));
#5718=CARTESIAN_POINT('Ctrl Pts',(61.8724433705219,1.80161977639134,0.));
#5719=CARTESIAN_POINT('Ctrl Pts',(61.6425458971758,1.9795689661322,0.));
#5720=CARTESIAN_POINT('Ctrl Pts',(61.1724340926019,2.34345297709551,0.));
#5721=CARTESIAN_POINT('Ctrl Pts',(60.8908255464422,2.86743842432335,0.));
#5722=CARTESIAN_POINT('Ctrl Pts',(60.7469312474146,3.13518071999486,0.));
#5723=CARTESIAN_POINT('',(60.7469312474146,3.13518071999486,3.));
#5724=CARTESIAN_POINT('Ctrl Pts',(60.7469312474146,3.13518071999486,3.));
#5725=CARTESIAN_POINT('Ctrl Pts',(60.8908255464422,2.86743842432335,3.));
#5726=CARTESIAN_POINT('Ctrl Pts',(61.1724340926019,2.34345297709551,3.));
#5727=CARTESIAN_POINT('Ctrl Pts',(61.6425458971758,1.9795689661322,3.));
#5728=CARTESIAN_POINT('Ctrl Pts',(61.8724433705219,1.80161977639134,3.));
#5729=CARTESIAN_POINT('',(60.7469312474146,3.13518071999486,0.));
#5730=CARTESIAN_POINT('Ctrl Pts',(60.3478853032017,5.10312105050023,0.));
#5731=CARTESIAN_POINT('Ctrl Pts',(60.3478853032017,5.10312105050023,3.));
#5732=CARTESIAN_POINT('Ctrl Pts',(60.3615238055183,4.74974173811404,0.));
#5733=CARTESIAN_POINT('Ctrl Pts',(60.3615238055183,4.74974173811404,3.));
#5734=CARTESIAN_POINT('Ctrl Pts',(60.3876971516291,4.07157936831799,0.));
#5735=CARTESIAN_POINT('Ctrl Pts',(60.3876971516291,4.07157936831799,3.));
#5736=CARTESIAN_POINT('Ctrl Pts',(60.6306007424936,3.43841398444486,0.));
#5737=CARTESIAN_POINT('Ctrl Pts',(60.6306007424936,3.43841398444486,3.));
#5738=CARTESIAN_POINT('Ctrl Pts',(60.7469312474146,3.13518071999486,0.));
#5739=CARTESIAN_POINT('Ctrl Pts',(60.7469312474146,3.13518071999486,3.));
#5740=CARTESIAN_POINT('',(60.3478853032017,5.10312105050023,0.));
#5741=CARTESIAN_POINT('Ctrl Pts',(60.7469312474146,3.13518071999486,0.));
#5742=CARTESIAN_POINT('Ctrl Pts',(60.6306007424936,3.43841398444486,0.));
#5743=CARTESIAN_POINT('Ctrl Pts',(60.3876971516291,4.07157936831799,0.));
#5744=CARTESIAN_POINT('Ctrl Pts',(60.3615238055183,4.74974173811404,0.));
#5745=CARTESIAN_POINT('Ctrl Pts',(60.3478853032017,5.10312105050023,0.));
#5746=CARTESIAN_POINT('',(60.3478853032017,5.10312105050023,3.));
#5747=CARTESIAN_POINT('Ctrl Pts',(60.3478853032017,5.10312105050023,3.));
#5748=CARTESIAN_POINT('Ctrl Pts',(60.3615238055183,4.74974173811404,3.));
#5749=CARTESIAN_POINT('Ctrl Pts',(60.3876971516291,4.07157936831799,3.));
#5750=CARTESIAN_POINT('Ctrl Pts',(60.6306007424936,3.43841398444486,3.));
#5751=CARTESIAN_POINT('Ctrl Pts',(60.7469312474146,3.13518071999486,3.));
#5752=CARTESIAN_POINT('',(60.3478853032017,5.10312105050023,0.));
#5753=CARTESIAN_POINT('Ctrl Pts',(60.7094136998091,7.07106078495915,0.));
#5754=CARTESIAN_POINT('Ctrl Pts',(60.7094136998091,7.07106078495915,3.));
#5755=CARTESIAN_POINT('Ctrl Pts',(60.6039981682071,6.76265156777567,0.));
#5756=CARTESIAN_POINT('Ctrl Pts',(60.6039981682071,6.76265156777567,3.));
#5757=CARTESIAN_POINT('Ctrl Pts',(60.3860131802626,6.12490323536098,0.));
#5758=CARTESIAN_POINT('Ctrl Pts',(60.3860131802626,6.12490323536098,3.));
#5759=CARTESIAN_POINT('Ctrl Pts',(60.3608696525772,5.4510863162476,0.));
#5760=CARTESIAN_POINT('Ctrl Pts',(60.3608696525772,5.4510863162476,3.));
#5761=CARTESIAN_POINT('Ctrl Pts',(60.3478853032017,5.10312105050023,0.));
#5762=CARTESIAN_POINT('Ctrl Pts',(60.3478853032017,5.10312105050023,3.));
#5763=CARTESIAN_POINT('',(60.7094136998091,7.07106078495915,0.));
#5764=CARTESIAN_POINT('Ctrl Pts',(60.3478853032017,5.10312105050023,0.));
#5765=CARTESIAN_POINT('Ctrl Pts',(60.3608696525772,5.4510863162476,0.));
#5766=CARTESIAN_POINT('Ctrl Pts',(60.3860131802626,6.12490323536098,0.));
#5767=CARTESIAN_POINT('Ctrl Pts',(60.6039981682071,6.76265156777567,0.));
#5768=CARTESIAN_POINT('Ctrl Pts',(60.7094136998091,7.07106078495915,0.));
#5769=CARTESIAN_POINT('',(60.7094136998091,7.07106078495915,3.));
#5770=CARTESIAN_POINT('Ctrl Pts',(60.7094136998091,7.07106078495915,3.));
#5771=CARTESIAN_POINT('Ctrl Pts',(60.6039981682071,6.76265156777567,3.));
#5772=CARTESIAN_POINT('Ctrl Pts',(60.3860131802626,6.12490323536098,3.));
#5773=CARTESIAN_POINT('Ctrl Pts',(60.3608696525772,5.4510863162476,3.));
#5774=CARTESIAN_POINT('Ctrl Pts',(60.3478853032017,5.10312105050023,3.));
#5775=CARTESIAN_POINT('',(60.7094136998091,7.07106078495915,0.));
#5776=CARTESIAN_POINT('Ctrl Pts',(61.7939988896291,8.4250857912534,0.));
#5777=CARTESIAN_POINT('Ctrl Pts',(61.7939988896291,8.4250857912534,3.));
#5778=CARTESIAN_POINT('Ctrl Pts',(61.5665207891765,8.24720592397787,0.));
#5779=CARTESIAN_POINT('Ctrl Pts',(61.5665207891765,8.24720592397787,3.));
#5780=CARTESIAN_POINT('Ctrl Pts',(61.0989240407607,7.88156172622354,0.));
#5781=CARTESIAN_POINT('Ctrl Pts',(61.0989240407607,7.88156172622354,3.));
#5782=CARTESIAN_POINT('Ctrl Pts',(60.8415695027145,7.34605323416268,0.));
#5783=CARTESIAN_POINT('Ctrl Pts',(60.8415695027145,7.34605323416268,3.));
#5784=CARTESIAN_POINT('Ctrl Pts',(60.7094136998091,7.07106078495915,0.));
#5785=CARTESIAN_POINT('Ctrl Pts',(60.7094136998091,7.07106078495915,3.));
#5786=CARTESIAN_POINT('',(61.7939988896291,8.4250857912534,0.));
#5787=CARTESIAN_POINT('Ctrl Pts',(60.7094136998091,7.07106078495915,0.));
#5788=CARTESIAN_POINT('Ctrl Pts',(60.8415695027145,7.34605323416268,0.));
#5789=CARTESIAN_POINT('Ctrl Pts',(61.0989240407607,7.88156172622354,0.));
#5790=CARTESIAN_POINT('Ctrl Pts',(61.5665207891765,8.24720592397787,0.));
#5791=CARTESIAN_POINT('Ctrl Pts',(61.7939988896291,8.4250857912534,0.));
#5792=CARTESIAN_POINT('',(61.7939988896291,8.4250857912534,3.));
#5793=CARTESIAN_POINT('Ctrl Pts',(61.7939988896291,8.4250857912534,3.));
#5794=CARTESIAN_POINT('Ctrl Pts',(61.5665207891765,8.24720592397787,3.));
#5795=CARTESIAN_POINT('Ctrl Pts',(61.0989240407607,7.88156172622354,3.));
#5796=CARTESIAN_POINT('Ctrl Pts',(60.8415695027145,7.34605323416268,3.));
#5797=CARTESIAN_POINT('Ctrl Pts',(60.7094136998091,7.07106078495915,3.));
#5798=CARTESIAN_POINT('',(61.7939988896291,8.4250857912534,0.));
#5799=CARTESIAN_POINT('Ctrl Pts',(63.4106389805717,8.89575386872227,0.));
#5800=CARTESIAN_POINT('Ctrl Pts',(63.4106389805717,8.89575386872227,3.));
#5801=CARTESIAN_POINT('Ctrl Pts',(63.1210308940054,8.87688646790224,0.));
#5802=CARTESIAN_POINT('Ctrl Pts',(63.1210308940054,8.87688646790224,3.));
#5803=CARTESIAN_POINT('Ctrl Pts',(62.547178656904,8.83950111621115,0.));
#5804=CARTESIAN_POINT('Ctrl Pts',(62.547178656904,8.83950111621115,3.));
#5805=CARTESIAN_POINT('Ctrl Pts',(62.0434894436436,8.56236073344936,0.));
#5806=CARTESIAN_POINT('Ctrl Pts',(62.0434894436436,8.56236073344936,3.));
#5807=CARTESIAN_POINT('Ctrl Pts',(61.7939988896291,8.4250857912534,0.));
#5808=CARTESIAN_POINT('Ctrl Pts',(61.7939988896291,8.4250857912534,3.));
#5809=CARTESIAN_POINT('',(63.4106389805717,8.89575386872227,0.));
#5810=CARTESIAN_POINT('Ctrl Pts',(61.7939988896291,8.4250857912534,0.));
#5811=CARTESIAN_POINT('Ctrl Pts',(62.0434894436436,8.56236073344936,0.));
#5812=CARTESIAN_POINT('Ctrl Pts',(62.547178656904,8.83950111621115,0.));
#5813=CARTESIAN_POINT('Ctrl Pts',(63.1210308940054,8.87688646790224,0.));
#5814=CARTESIAN_POINT('Ctrl Pts',(63.4106389805717,8.89575386872227,0.));
#5815=CARTESIAN_POINT('',(63.4106389805717,8.89575386872227,3.));
#5816=CARTESIAN_POINT('Ctrl Pts',(63.4106389805717,8.89575386872227,3.));
#5817=CARTESIAN_POINT('Ctrl Pts',(63.1210308940054,8.87688646790224,3.));
#5818=CARTESIAN_POINT('Ctrl Pts',(62.547178656904,8.83950111621115,3.));
#5819=CARTESIAN_POINT('Ctrl Pts',(62.0434894436436,8.56236073344936,3.));
#5820=CARTESIAN_POINT('Ctrl Pts',(61.7939988896291,8.4250857912534,3.));
#5821=CARTESIAN_POINT('',(63.4106389805717,8.89575386872227,0.));
#5822=CARTESIAN_POINT('Ctrl Pts',(64.577078036968,8.61949230065282,0.));
#5823=CARTESIAN_POINT('Ctrl Pts',(64.577078036968,8.61949230065282,3.));
#5824=CARTESIAN_POINT('Ctrl Pts',(64.3973770983824,8.70004715665696,0.));
#5825=CARTESIAN_POINT('Ctrl Pts',(64.3973770983824,8.70004715665696,3.));
#5826=CARTESIAN_POINT('Ctrl Pts',(64.0264431348408,8.86632637731834,0.));
#5827=CARTESIAN_POINT('Ctrl Pts',(64.0264431348408,8.86632637731834,3.));
#5828=CARTESIAN_POINT('Ctrl Pts',(63.6201178251336,8.8857434833507,0.));
#5829=CARTESIAN_POINT('Ctrl Pts',(63.6201178251336,8.8857434833507,3.));
#5830=CARTESIAN_POINT('Ctrl Pts',(63.4106389805717,8.89575386872227,0.));
#5831=CARTESIAN_POINT('Ctrl Pts',(63.4106389805717,8.89575386872227,3.));
#5832=CARTESIAN_POINT('',(64.577078036968,8.61949230065282,0.));
#5833=CARTESIAN_POINT('Ctrl Pts',(63.4106389805717,8.89575386872227,0.));
#5834=CARTESIAN_POINT('Ctrl Pts',(63.6201178251336,8.8857434833507,0.));
#5835=CARTESIAN_POINT('Ctrl Pts',(64.0264431348408,8.86632637731834,0.));
#5836=CARTESIAN_POINT('Ctrl Pts',(64.3973770983824,8.70004715665696,0.));
#5837=CARTESIAN_POINT('Ctrl Pts',(64.577078036968,8.61949230065282,0.));
#5838=CARTESIAN_POINT('',(64.577078036968,8.61949230065282,3.));
#5839=CARTESIAN_POINT('Ctrl Pts',(64.577078036968,8.61949230065282,3.));
#5840=CARTESIAN_POINT('Ctrl Pts',(64.3973770983824,8.70004715665696,3.));
#5841=CARTESIAN_POINT('Ctrl Pts',(64.0264431348408,8.86632637731834,3.));
#5842=CARTESIAN_POINT('Ctrl Pts',(63.6201178251336,8.8857434833507,3.));
#5843=CARTESIAN_POINT('Ctrl Pts',(63.4106389805717,8.89575386872227,3.));
#5844=CARTESIAN_POINT('',(64.577078036968,8.61949230065282,0.));
#5845=CARTESIAN_POINT('Ctrl Pts',(65.4092780873217,7.89984668126042,0.));
#5846=CARTESIAN_POINT('Ctrl Pts',(65.4092780873217,7.89984668126042,3.));
#5847=CARTESIAN_POINT('Ctrl Pts',(65.2931471583482,8.04137814269344,0.));
#5848=CARTESIAN_POINT('Ctrl Pts',(65.2931471583482,8.04137814269344,3.));
#5849=CARTESIAN_POINT('Ctrl Pts',(65.0571622528079,8.32897843016633,0.));
#5850=CARTESIAN_POINT('Ctrl Pts',(65.0571622528079,8.32897843016633,3.));
#5851=CARTESIAN_POINT('Ctrl Pts',(64.7387804400744,8.5216411540343,0.));
#5852=CARTESIAN_POINT('Ctrl Pts',(64.7387804400744,8.5216411540343,3.));
#5853=CARTESIAN_POINT('Ctrl Pts',(64.577078036968,8.61949230065282,0.));
#5854=CARTESIAN_POINT('Ctrl Pts',(64.577078036968,8.61949230065282,3.));
#5855=CARTESIAN_POINT('',(65.4092780873217,7.89984668126042,0.));
#5856=CARTESIAN_POINT('Ctrl Pts',(64.577078036968,8.61949230065282,0.));
#5857=CARTESIAN_POINT('Ctrl Pts',(64.7387804400744,8.5216411540343,0.));
#5858=CARTESIAN_POINT('Ctrl Pts',(65.0571622528079,8.32897843016633,0.));
#5859=CARTESIAN_POINT('Ctrl Pts',(65.2931471583482,8.04137814269344,0.));
#5860=CARTESIAN_POINT('Ctrl Pts',(65.4092780873217,7.89984668126042,0.));
#5861=CARTESIAN_POINT('',(65.4092780873217,7.89984668126042,3.));
#5862=CARTESIAN_POINT('Ctrl Pts',(65.4092780873217,7.89984668126042,3.));
#5863=CARTESIAN_POINT('Ctrl Pts',(65.2931471583482,8.04137814269344,3.));
#5864=CARTESIAN_POINT('Ctrl Pts',(65.0571622528079,8.32897843016633,3.));
#5865=CARTESIAN_POINT('Ctrl Pts',(64.7387804400744,8.5216411540343,3.));
#5866=CARTESIAN_POINT('Ctrl Pts',(64.577078036968,8.61949230065282,3.));
#5867=CARTESIAN_POINT('',(65.4092780873217,7.89984668126042,0.));
#5868=CARTESIAN_POINT('Origin',(65.4092780873234,11.4878406607145,0.));
#5869=CARTESIAN_POINT('',(65.4092780873234,11.4878406607145,0.));
#5870=CARTESIAN_POINT('',(65.4092780873218,8.24392033035004,0.));
#5871=CARTESIAN_POINT('',(65.4092780873234,11.4878406607145,3.));
#5872=CARTESIAN_POINT('',(65.4092780873217,7.89984668126042,3.));
#5873=CARTESIAN_POINT('',(65.4092780873234,11.4878406607145,0.));
#5874=CARTESIAN_POINT('Origin',(66.6302863881046,11.4878406607145,0.));
#5875=CARTESIAN_POINT('',(66.6302863881046,11.4878406607145,0.));
#5876=CARTESIAN_POINT('',(50.8090182503639,11.4878406607145,0.));
#5877=CARTESIAN_POINT('',(66.6302863881046,11.4878406607145,3.));
#5878=CARTESIAN_POINT('',(65.4092780873234,11.4878406607145,3.));
#5879=CARTESIAN_POINT('',(66.6302863881046,11.4878406607145,0.));
#5880=CARTESIAN_POINT('Origin',(66.6302863880999,1.48784066071446,0.));
#5881=CARTESIAN_POINT('',(66.6302863880999,1.48784066071446,0.));
#5882=CARTESIAN_POINT('',(66.6302863881007,3.24392033034974,0.));
#5883=CARTESIAN_POINT('',(66.6302863880999,1.48784066071446,3.));
#5884=CARTESIAN_POINT('',(66.6302863881046,11.4878406607145,3.));
#5885=CARTESIAN_POINT('',(66.6302863880999,1.48784066071446,0.));
#5886=CARTESIAN_POINT('Origin',(65.4911319538958,1.48784066071446,0.));
#5887=CARTESIAN_POINT('',(50.2394410332595,1.48784066071446,0.));
#5888=CARTESIAN_POINT('',(66.6302863880999,1.48784066071446,3.));
#5889=CARTESIAN_POINT('Origin',(33.315143194055,6.40598500599797,3.));
#5890=CARTESIAN_POINT('Origin',(34.9877501126232,5.,0.));
#5891=CARTESIAN_POINT('Ctrl Pts',(46.6643945500269,3.02603984703953,0.));
#5892=CARTESIAN_POINT('Ctrl Pts',(46.6643945500269,3.02603984703953,3.));
#5893=CARTESIAN_POINT('Ctrl Pts',(46.4878941604367,3.30733994136599,0.));
#5894=CARTESIAN_POINT('Ctrl Pts',(46.4878941604367,3.30733994136599,3.));
#5895=CARTESIAN_POINT('Ctrl Pts',(46.0904274599055,3.9408083467938,0.));
#5896=CARTESIAN_POINT('Ctrl Pts',(46.0904274599055,3.9408083467938,3.));
#5897=CARTESIAN_POINT('Ctrl Pts',(46.0691363139444,4.69220992463378,0.));
#5898=CARTESIAN_POINT('Ctrl Pts',(46.0691363139444,4.69220992463378,3.));
#5899=CARTESIAN_POINT('Ctrl Pts',(46.0572997853184,5.10994161000188,0.));
#5900=CARTESIAN_POINT('Ctrl Pts',(46.0572997853184,5.10994161000188,3.));
#5901=CARTESIAN_POINT('',(46.0572997853184,5.10994161000188,0.));
#5902=CARTESIAN_POINT('',(46.6643945500269,3.02603984703953,0.));
#5903=CARTESIAN_POINT('Ctrl Pts',(46.0572997853184,5.10994161000188,0.));
#5904=CARTESIAN_POINT('Ctrl Pts',(46.0691363139444,4.69220992463378,0.));
#5905=CARTESIAN_POINT('Ctrl Pts',(46.0904274599055,3.9408083467938,0.));
#5906=CARTESIAN_POINT('Ctrl Pts',(46.4878941604367,3.30733994136599,0.));
#5907=CARTESIAN_POINT('Ctrl Pts',(46.6643945500269,3.02603984703953,0.));
#5908=CARTESIAN_POINT('',(46.0572997853184,5.10994161000188,3.));
#5909=CARTESIAN_POINT('',(46.0572997853184,5.10994161000188,0.));
#5910=CARTESIAN_POINT('',(46.6643945500269,3.02603984703953,3.));
#5911=CARTESIAN_POINT('Ctrl Pts',(46.6643945500269,3.02603984703953,3.));
#5912=CARTESIAN_POINT('Ctrl Pts',(46.4878941604367,3.30733994136599,3.));
#5913=CARTESIAN_POINT('Ctrl Pts',(46.0904274599055,3.9408083467938,3.));
#5914=CARTESIAN_POINT('Ctrl Pts',(46.0691363139444,4.69220992463378,3.));
#5915=CARTESIAN_POINT('Ctrl Pts',(46.0572997853184,5.10994161000188,3.));
#5916=CARTESIAN_POINT('',(46.6643945500269,3.02603984703953,0.));
#5917=CARTESIAN_POINT('Ctrl Pts',(48.1923620030295,2.33367944588597,0.));
#5918=CARTESIAN_POINT('Ctrl Pts',(48.1923620030295,2.33367944588597,3.));
#5919=CARTESIAN_POINT('Ctrl Pts',(47.898479852205,2.36252597908454,0.));
#5920=CARTESIAN_POINT('Ctrl Pts',(47.898479852205,2.36252597908454,3.));
#5921=CARTESIAN_POINT('Ctrl Pts',(47.3107232865352,2.42021828614267,0.));
#5922=CARTESIAN_POINT('Ctrl Pts',(47.3107232865352,2.42021828614267,3.));
#5923=CARTESIAN_POINT('Ctrl Pts',(46.8798355717661,2.82410109869246,0.));
#5924=CARTESIAN_POINT('Ctrl Pts',(46.8798355717661,2.82410109869246,3.));
#5925=CARTESIAN_POINT('Ctrl Pts',(46.6643945500269,3.02603984703953,0.));
#5926=CARTESIAN_POINT('Ctrl Pts',(46.6643945500269,3.02603984703953,3.));
#5927=CARTESIAN_POINT('',(48.1923620030295,2.33367944588597,0.));
#5928=CARTESIAN_POINT('Ctrl Pts',(46.6643945500269,3.02603984703953,0.));
#5929=CARTESIAN_POINT('Ctrl Pts',(46.8798355717661,2.82410109869246,0.));
#5930=CARTESIAN_POINT('Ctrl Pts',(47.3107232865352,2.42021828614267,0.));
#5931=CARTESIAN_POINT('Ctrl Pts',(47.898479852205,2.36252597908454,0.));
#5932=CARTESIAN_POINT('Ctrl Pts',(48.1923620030295,2.33367944588597,0.));
#5933=CARTESIAN_POINT('',(48.1923620030295,2.33367944588597,3.));
#5934=CARTESIAN_POINT('Ctrl Pts',(48.1923620030295,2.33367944588597,3.));
#5935=CARTESIAN_POINT('Ctrl Pts',(47.898479852205,2.36252597908454,3.));
#5936=CARTESIAN_POINT('Ctrl Pts',(47.3107232865352,2.42021828614267,3.));
#5937=CARTESIAN_POINT('Ctrl Pts',(46.8798355717661,2.82410109869246,3.));
#5938=CARTESIAN_POINT('Ctrl Pts',(46.6643945500269,3.02603984703953,3.));
#5939=CARTESIAN_POINT('',(48.1923620030295,2.33367944588597,0.));
#5940=CARTESIAN_POINT('Ctrl Pts',(49.7135106846704,3.02945042481358,0.));
#5941=CARTESIAN_POINT('Ctrl Pts',(49.7135106846704,3.02945042481358,3.));
#5942=CARTESIAN_POINT('Ctrl Pts',(49.4988033540313,2.82651786583564,0.));
#5943=CARTESIAN_POINT('Ctrl Pts',(49.4988033540313,2.82651786583564,3.));
#5944=CARTESIAN_POINT('Ctrl Pts',(49.0706365342534,2.421832156464,0.));
#5945=CARTESIAN_POINT('Ctrl Pts',(49.0706365342534,2.421832156464,3.));
#5946=CARTESIAN_POINT('Ctrl Pts',(48.484550820965,2.36300653597671,0.));
#5947=CARTESIAN_POINT('Ctrl Pts',(48.484550820965,2.36300653597671,3.));
#5948=CARTESIAN_POINT('Ctrl Pts',(48.1923620030295,2.33367944588597,0.));
#5949=CARTESIAN_POINT('Ctrl Pts',(48.1923620030295,2.33367944588597,3.));
#5950=CARTESIAN_POINT('',(49.7135106846704,3.02945042481358,0.));
#5951=CARTESIAN_POINT('Ctrl Pts',(48.1923620030295,2.33367944588597,0.));
#5952=CARTESIAN_POINT('Ctrl Pts',(48.484550820965,2.36300653597671,0.));
#5953=CARTESIAN_POINT('Ctrl Pts',(49.0706365342534,2.421832156464,0.));
#5954=CARTESIAN_POINT('Ctrl Pts',(49.4988033540313,2.82651786583564,0.));
#5955=CARTESIAN_POINT('Ctrl Pts',(49.7135106846704,3.02945042481358,0.));
#5956=CARTESIAN_POINT('',(49.7135106846704,3.02945042481358,3.));
#5957=CARTESIAN_POINT('Ctrl Pts',(49.7135106846704,3.02945042481358,3.));
#5958=CARTESIAN_POINT('Ctrl Pts',(49.4988033540313,2.82651786583564,3.));
#5959=CARTESIAN_POINT('Ctrl Pts',(49.0706365342534,2.421832156464,3.));
#5960=CARTESIAN_POINT('Ctrl Pts',(48.484550820965,2.36300653597671,3.));
#5961=CARTESIAN_POINT('Ctrl Pts',(48.1923620030295,2.33367944588597,3.));
#5962=CARTESIAN_POINT('',(49.7135106846704,3.02945042481358,0.));
#5963=CARTESIAN_POINT('Ctrl Pts',(50.3206006810093,5.1508691393369,0.));
#5964=CARTESIAN_POINT('Ctrl Pts',(50.3206006810093,5.1508691393369,3.));
#5965=CARTESIAN_POINT('Ctrl Pts',(50.3095531973833,4.7242488498403,0.));
#5966=CARTESIAN_POINT('Ctrl Pts',(50.3095531973833,4.7242488498403,3.));
#5967=CARTESIAN_POINT('Ctrl Pts',(50.289779536276,3.96065006920177,0.));
#5968=CARTESIAN_POINT('Ctrl Pts',(50.289779536276,3.96065006920177,3.));
#5969=CARTESIAN_POINT('Ctrl Pts',(49.8899546410243,3.31456829810039,0.));
#5970=CARTESIAN_POINT('Ctrl Pts',(49.8899546410243,3.31456829810039,3.));
#5971=CARTESIAN_POINT('Ctrl Pts',(49.7135106846704,3.02945042481358,0.));
#5972=CARTESIAN_POINT('Ctrl Pts',(49.7135106846704,3.02945042481358,3.));
#5973=CARTESIAN_POINT('',(50.3206006810093,5.1508691393369,0.));
#5974=CARTESIAN_POINT('Ctrl Pts',(49.7135106846704,3.02945042481358,0.));
#5975=CARTESIAN_POINT('Ctrl Pts',(49.8899546410243,3.31456829810039,0.));
#5976=CARTESIAN_POINT('Ctrl Pts',(50.289779536276,3.96065006920177,0.));
#5977=CARTESIAN_POINT('Ctrl Pts',(50.3095531973833,4.7242488498403,0.));
#5978=CARTESIAN_POINT('Ctrl Pts',(50.3206006810093,5.1508691393369,0.));
#5979=CARTESIAN_POINT('',(50.3206006810093,5.1508691393369,3.));
#5980=CARTESIAN_POINT('Ctrl Pts',(50.3206006810093,5.1508691393369,3.));
#5981=CARTESIAN_POINT('Ctrl Pts',(50.3095531973833,4.7242488498403,3.));
#5982=CARTESIAN_POINT('Ctrl Pts',(50.289779536276,3.96065006920177,3.));
#5983=CARTESIAN_POINT('Ctrl Pts',(49.8899546410243,3.31456829810039,3.));
#5984=CARTESIAN_POINT('Ctrl Pts',(49.7135106846704,3.02945042481358,3.));
#5985=CARTESIAN_POINT('',(50.3206006810093,5.1508691393369,0.));
#5986=CARTESIAN_POINT('Ctrl Pts',(49.7100965306197,7.18702221741612,0.));
#5987=CARTESIAN_POINT('Ctrl Pts',(49.7100965306197,7.18702221741612,3.));
#5988=CARTESIAN_POINT('Ctrl Pts',(49.8876787857695,6.90994488083807,0.));
#5989=CARTESIAN_POINT('Ctrl Pts',(49.8876787857695,6.90994488083807,3.));
#5990=CARTESIAN_POINT('Ctrl Pts',(50.2832408190003,6.2927589208639,0.));
#5991=CARTESIAN_POINT('Ctrl Pts',(50.2832408190003,6.2927589208639,3.));
#5992=CARTESIAN_POINT('Ctrl Pts',(50.3073274300593,5.55656093830013,0.));
#5993=CARTESIAN_POINT('Ctrl Pts',(50.3073274300593,5.55656093830013,3.));
#5994=CARTESIAN_POINT('Ctrl Pts',(50.3206006810093,5.1508691393369,0.));
#5995=CARTESIAN_POINT('Ctrl Pts',(50.3206006810093,5.1508691393369,3.));
#5996=CARTESIAN_POINT('',(49.7100965306197,7.18702221741612,0.));
#5997=CARTESIAN_POINT('Ctrl Pts',(50.3206006810093,5.1508691393369,0.));
#5998=CARTESIAN_POINT('Ctrl Pts',(50.3073274300593,5.55656093830013,0.));
#5999=CARTESIAN_POINT('Ctrl Pts',(50.2832408190003,6.2927589208639,0.));
#6000=CARTESIAN_POINT('Ctrl Pts',(49.8876787857695,6.90994488083807,0.));
#6001=CARTESIAN_POINT('Ctrl Pts',(49.7100965306197,7.18702221741612,0.));
#6002=CARTESIAN_POINT('',(49.7100965306197,7.18702221741612,3.));
#6003=CARTESIAN_POINT('Ctrl Pts',(49.7100965306197,7.18702221741612,3.));
#6004=CARTESIAN_POINT('Ctrl Pts',(49.8876787857695,6.90994488083807,3.));
#6005=CARTESIAN_POINT('Ctrl Pts',(50.2832408190003,6.2927589208639,3.));
#6006=CARTESIAN_POINT('Ctrl Pts',(50.3073274300593,5.55656093830013,3.));
#6007=CARTESIAN_POINT('Ctrl Pts',(50.3206006810093,5.1508691393369,3.));
#6008=CARTESIAN_POINT('',(49.7100965306197,7.18702221741612,0.));
#6009=CARTESIAN_POINT('Ctrl Pts',(48.1923620030321,7.87938261856969,0.));
#6010=CARTESIAN_POINT('Ctrl Pts',(48.1923620030321,7.87938261856969,3.));
#6011=CARTESIAN_POINT('Ctrl Pts',(48.4829076092708,7.84996618088645,0.));
#6012=CARTESIAN_POINT('Ctrl Pts',(48.4829076092708,7.84996618088645,3.));
#6013=CARTESIAN_POINT('Ctrl Pts',(49.0668952651524,7.79084005363431,0.));
#6014=CARTESIAN_POINT('Ctrl Pts',(49.0668952651524,7.79084005363431,3.));
#6015=CARTESIAN_POINT('Ctrl Pts',(49.4949883612891,7.38895924137963,0.));
#6016=CARTESIAN_POINT('Ctrl Pts',(49.4949883612891,7.38895924137963,3.));
#6017=CARTESIAN_POINT('Ctrl Pts',(49.7100965306197,7.18702221741612,0.));
#6018=CARTESIAN_POINT('Ctrl Pts',(49.7100965306197,7.18702221741612,3.));
#6019=CARTESIAN_POINT('',(48.1923620030321,7.87938261856969,0.));
#6020=CARTESIAN_POINT('Ctrl Pts',(49.7100965306197,7.18702221741612,0.));
#6021=CARTESIAN_POINT('Ctrl Pts',(49.4949883612891,7.38895924137963,0.));
#6022=CARTESIAN_POINT('Ctrl Pts',(49.0668952651524,7.79084005363431,0.));
#6023=CARTESIAN_POINT('Ctrl Pts',(48.4829076092708,7.84996618088645,0.));
#6024=CARTESIAN_POINT('Ctrl Pts',(48.1923620030321,7.87938261856969,0.));
#6025=CARTESIAN_POINT('',(48.1923620030321,7.87938261856969,3.));
#6026=CARTESIAN_POINT('Ctrl Pts',(48.1923620030321,7.87938261856969,3.));
#6027=CARTESIAN_POINT('Ctrl Pts',(48.4829076092708,7.84996618088645,3.));
#6028=CARTESIAN_POINT('Ctrl Pts',(49.0668952651524,7.79084005363431,3.));
#6029=CARTESIAN_POINT('Ctrl Pts',(49.4949883612891,7.38895924137963,3.));
#6030=CARTESIAN_POINT('Ctrl Pts',(49.7100965306197,7.18702221741612,3.));
#6031=CARTESIAN_POINT('',(48.1923620030321,7.87938261856969,0.));
#6032=CARTESIAN_POINT('Ctrl Pts',(46.6643945500289,7.19043279519017,0.));
#6033=CARTESIAN_POINT('Ctrl Pts',(46.6643945500289,7.19043279519017,3.));
#6034=CARTESIAN_POINT('Ctrl Pts',(46.879957855019,7.39137660486612,0.));
#6035=CARTESIAN_POINT('Ctrl Pts',(46.879957855019,7.39137660486612,3.));
#6036=CARTESIAN_POINT('Ctrl Pts',(47.3114344391005,7.79359046308874,0.));
#6037=CARTESIAN_POINT('Ctrl Pts',(47.3114344391005,7.79359046308874,3.));
#6038=CARTESIAN_POINT('Ctrl Pts',(47.8985607407784,7.85076977387758,0.));
#6039=CARTESIAN_POINT('Ctrl Pts',(47.8985607407784,7.85076977387758,3.));
#6040=CARTESIAN_POINT('Ctrl Pts',(48.1923620030321,7.87938261856969,0.));
#6041=CARTESIAN_POINT('Ctrl Pts',(48.1923620030321,7.87938261856969,3.));
#6042=CARTESIAN_POINT('',(46.6643945500289,7.19043279519017,0.));
#6043=CARTESIAN_POINT('Ctrl Pts',(48.1923620030321,7.87938261856969,0.));
#6044=CARTESIAN_POINT('Ctrl Pts',(47.8985607407784,7.85076977387758,0.));
#6045=CARTESIAN_POINT('Ctrl Pts',(47.3114344391005,7.79359046308874,0.));
#6046=CARTESIAN_POINT('Ctrl Pts',(46.879957855019,7.39137660486612,0.));
#6047=CARTESIAN_POINT('Ctrl Pts',(46.6643945500289,7.19043279519017,0.));
#6048=CARTESIAN_POINT('',(46.6643945500289,7.19043279519017,3.));
#6049=CARTESIAN_POINT('Ctrl Pts',(46.6643945500289,7.19043279519017,3.));
#6050=CARTESIAN_POINT('Ctrl Pts',(46.879957855019,7.39137660486612,3.));
#6051=CARTESIAN_POINT('Ctrl Pts',(47.3114344391005,7.79359046308874,3.));
#6052=CARTESIAN_POINT('Ctrl Pts',(47.8985607407784,7.85076977387758,3.));
#6053=CARTESIAN_POINT('Ctrl Pts',(48.1923620030321,7.87938261856969,3.));
#6054=CARTESIAN_POINT('',(46.6643945500289,7.19043279519017,0.));
#6055=CARTESIAN_POINT('Ctrl Pts',(46.0572997853184,5.10994161000188,0.));
#6056=CARTESIAN_POINT('Ctrl Pts',(46.0572997853184,5.10994161000188,3.));
#6057=CARTESIAN_POINT('Ctrl Pts',(46.06902235666,5.52745293071615,0.));
#6058=CARTESIAN_POINT('Ctrl Pts',(46.06902235666,5.52745293071615,3.));
#6059=CARTESIAN_POINT('Ctrl Pts',(46.090093311941,6.27791646911127,0.));
#6060=CARTESIAN_POINT('Ctrl Pts',(46.090093311941,6.27791646911127,3.));
#6061=CARTESIAN_POINT('Ctrl Pts',(46.4879019434133,6.91000089936989,0.));
#6062=CARTESIAN_POINT('Ctrl Pts',(46.4879019434133,6.91000089936989,3.));
#6063=CARTESIAN_POINT('Ctrl Pts',(46.6643945500289,7.19043279519017,0.));
#6064=CARTESIAN_POINT('Ctrl Pts',(46.6643945500289,7.19043279519017,3.));
#6065=CARTESIAN_POINT('Ctrl Pts',(46.6643945500289,7.19043279519017,0.));
#6066=CARTESIAN_POINT('Ctrl Pts',(46.4879019434133,6.91000089936989,0.));
#6067=CARTESIAN_POINT('Ctrl Pts',(46.090093311941,6.27791646911127,0.));
#6068=CARTESIAN_POINT('Ctrl Pts',(46.06902235666,5.52745293071615,0.));
#6069=CARTESIAN_POINT('Ctrl Pts',(46.0572997853184,5.10994161000188,0.));
#6070=CARTESIAN_POINT('Ctrl Pts',(46.0572997853184,5.10994161000188,3.));
#6071=CARTESIAN_POINT('Ctrl Pts',(46.06902235666,5.52745293071615,3.));
#6072=CARTESIAN_POINT('Ctrl Pts',(46.090093311941,6.27791646911127,3.));
#6073=CARTESIAN_POINT('Ctrl Pts',(46.4879019434133,6.91000089936989,3.));
#6074=CARTESIAN_POINT('Ctrl Pts',(46.6643945500289,7.19043279519017,3.));
#6075=CARTESIAN_POINT('Ctrl Pts',(45.914053134624,8.09084201683934,0.));
#6076=CARTESIAN_POINT('Ctrl Pts',(45.914053134624,8.09084201683934,3.));
#6077=CARTESIAN_POINT('Ctrl Pts',(45.5884246415392,7.69927685572711,0.));
#6078=CARTESIAN_POINT('Ctrl Pts',(45.5884246415392,7.69927685572711,3.));
#6079=CARTESIAN_POINT('Ctrl Pts',(44.8748145479155,6.84116751574274,0.));
#6080=CARTESIAN_POINT('Ctrl Pts',(44.8748145479155,6.84116751574274,3.));
#6081=CARTESIAN_POINT('Ctrl Pts',(44.8233469126198,5.71968095477279,0.));
#6082=CARTESIAN_POINT('Ctrl Pts',(44.8233469126198,5.71968095477279,3.));
#6083=CARTESIAN_POINT('Ctrl Pts',(44.7953645512486,5.10994161000188,0.));
#6084=CARTESIAN_POINT('Ctrl Pts',(44.7953645512486,5.10994161000188,3.));
#6085=CARTESIAN_POINT('',(44.7953645512486,5.10994161000188,0.));
#6086=CARTESIAN_POINT('',(45.914053134624,8.09084201683934,0.));
#6087=CARTESIAN_POINT('Ctrl Pts',(44.7953645512486,5.10994161000188,0.));
#6088=CARTESIAN_POINT('Ctrl Pts',(44.8233469126198,5.71968095477279,0.));
#6089=CARTESIAN_POINT('Ctrl Pts',(44.8748145479155,6.84116751574274,0.));
#6090=CARTESIAN_POINT('Ctrl Pts',(45.5884246415392,7.69927685572711,0.));
#6091=CARTESIAN_POINT('Ctrl Pts',(45.914053134624,8.09084201683934,0.));
#6092=CARTESIAN_POINT('',(44.7953645512486,5.10994161000188,3.));
#6093=CARTESIAN_POINT('',(44.7953645512486,5.10994161000188,0.));
#6094=CARTESIAN_POINT('',(45.914053134624,8.09084201683934,3.));
#6095=CARTESIAN_POINT('Ctrl Pts',(45.914053134624,8.09084201683934,3.));
#6096=CARTESIAN_POINT('Ctrl Pts',(45.5884246415392,7.69927685572711,3.));
#6097=CARTESIAN_POINT('Ctrl Pts',(44.8748145479155,6.84116751574274,3.));
#6098=CARTESIAN_POINT('Ctrl Pts',(44.8233469126198,5.71968095477279,3.));
#6099=CARTESIAN_POINT('Ctrl Pts',(44.7953645512486,5.10994161000188,3.));
#6100=CARTESIAN_POINT('',(45.914053134624,8.09084201683934,0.));
#6101=CARTESIAN_POINT('Ctrl Pts',(48.1923620030326,8.89575327267583,0.));
#6102=CARTESIAN_POINT('Ctrl Pts',(48.1923620030326,8.89575327267583,3.));
#6103=CARTESIAN_POINT('Ctrl Pts',(47.7653502850468,8.86549062900203,0.));
#6104=CARTESIAN_POINT('Ctrl Pts',(47.7653502850468,8.86549062900203,3.));
#6105=CARTESIAN_POINT('Ctrl Pts',(46.930985866225,8.80635859108047,0.));
#6106=CARTESIAN_POINT('Ctrl Pts',(46.930985866225,8.80635859108047,3.));
#6107=CARTESIAN_POINT('Ctrl Pts',(46.2476639774062,8.32557149297827,0.));
#6108=CARTESIAN_POINT('Ctrl Pts',(46.2476639774062,8.32557149297827,3.));
#6109=CARTESIAN_POINT('Ctrl Pts',(45.914053134624,8.09084201683934,0.));
#6110=CARTESIAN_POINT('Ctrl Pts',(45.914053134624,8.09084201683934,3.));
#6111=CARTESIAN_POINT('',(48.1923620030326,8.89575327267583,0.));
#6112=CARTESIAN_POINT('Ctrl Pts',(45.914053134624,8.09084201683934,0.));
#6113=CARTESIAN_POINT('Ctrl Pts',(46.2476639774062,8.32557149297827,0.));
#6114=CARTESIAN_POINT('Ctrl Pts',(46.930985866225,8.80635859108047,0.));
#6115=CARTESIAN_POINT('Ctrl Pts',(47.7653502850468,8.86549062900203,0.));
#6116=CARTESIAN_POINT('Ctrl Pts',(48.1923620030326,8.89575327267583,0.));
#6117=CARTESIAN_POINT('',(48.1923620030326,8.89575327267583,3.));
#6118=CARTESIAN_POINT('Ctrl Pts',(48.1923620030326,8.89575327267583,3.));
#6119=CARTESIAN_POINT('Ctrl Pts',(47.7653502850468,8.86549062900203,3.));
#6120=CARTESIAN_POINT('Ctrl Pts',(46.930985866225,8.80635859108047,3.));
#6121=CARTESIAN_POINT('Ctrl Pts',(46.2476639774062,8.32557149297827,3.));
#6122=CARTESIAN_POINT('Ctrl Pts',(45.914053134624,8.09084201683934,3.));
#6123=CARTESIAN_POINT('',(48.1923620030326,8.89575327267583,0.));
#6124=CARTESIAN_POINT('Ctrl Pts',(50.6343833729662,7.91689957013066,0.));
#6125=CARTESIAN_POINT('Ctrl Pts',(50.6343833729662,7.91689957013066,3.));
#6126=CARTESIAN_POINT('Ctrl Pts',(50.2894413623646,8.20234525530143,0.));
#6127=CARTESIAN_POINT('Ctrl Pts',(50.2894413623646,8.20234525530143,3.));
#6128=CARTESIAN_POINT('Ctrl Pts',(49.5812188895762,8.78841202242507,0.));
#6129=CARTESIAN_POINT('Ctrl Pts',(49.5812188895762,8.78841202242507,3.));
#6130=CARTESIAN_POINT('Ctrl Pts',(48.6632375883305,8.85936048481687,0.));
#6131=CARTESIAN_POINT('Ctrl Pts',(48.6632375883305,8.85936048481687,3.));
#6132=CARTESIAN_POINT('Ctrl Pts',(48.1923620030326,8.89575327267583,0.));
#6133=CARTESIAN_POINT('Ctrl Pts',(48.1923620030326,8.89575327267583,3.));
#6134=CARTESIAN_POINT('',(50.6343833729662,7.91689957013066,0.));
#6135=CARTESIAN_POINT('Ctrl Pts',(48.1923620030326,8.89575327267583,0.));
#6136=CARTESIAN_POINT('Ctrl Pts',(48.6632375883305,8.85936048481687,0.));
#6137=CARTESIAN_POINT('Ctrl Pts',(49.5812188895762,8.78841202242507,0.));
#6138=CARTESIAN_POINT('Ctrl Pts',(50.2894413623646,8.20234525530143,0.));
#6139=CARTESIAN_POINT('Ctrl Pts',(50.6343833729662,7.91689957013066,0.));
#6140=CARTESIAN_POINT('',(50.6343833729662,7.91689957013066,3.));
#6141=CARTESIAN_POINT('Ctrl Pts',(50.6343833729662,7.91689957013066,3.));
#6142=CARTESIAN_POINT('Ctrl Pts',(50.2894413623646,8.20234525530143,3.));
#6143=CARTESIAN_POINT('Ctrl Pts',(49.5812188895762,8.78841202242507,3.));
#6144=CARTESIAN_POINT('Ctrl Pts',(48.6632375883305,8.85936048481687,3.));
#6145=CARTESIAN_POINT('Ctrl Pts',(48.1923620030326,8.89575327267583,3.));
#6146=CARTESIAN_POINT('',(50.6343833729662,7.91689957013066,0.));
#6147=CARTESIAN_POINT('Ctrl Pts',(51.5825406834508,5.21226073136265,0.));
#6148=CARTESIAN_POINT('Ctrl Pts',(51.5825406834508,5.21226073136265,3.));
#6149=CARTESIAN_POINT('Ctrl Pts',(51.554499935456,5.7439018712724,0.));
#6150=CARTESIAN_POINT('Ctrl Pts',(51.554499935456,5.7439018712724,3.));
#6151=CARTESIAN_POINT('Ctrl Pts',(51.5018723754241,6.74169893471624,0.));
#6152=CARTESIAN_POINT('Ctrl Pts',(51.5018723754241,6.74169893471624,3.));
#6153=CARTESIAN_POINT('Ctrl Pts',(50.9106115993461,7.54268896199471,0.));
#6154=CARTESIAN_POINT('Ctrl Pts',(50.9106115993461,7.54268896199471,3.));
#6155=CARTESIAN_POINT('Ctrl Pts',(50.6343833729662,7.91689957013066,0.));
#6156=CARTESIAN_POINT('Ctrl Pts',(50.6343833729662,7.91689957013066,3.));
#6157=CARTESIAN_POINT('',(51.5825406834508,5.21226073136265,0.));
#6158=CARTESIAN_POINT('Ctrl Pts',(50.6343833729662,7.91689957013066,0.));
#6159=CARTESIAN_POINT('Ctrl Pts',(50.9106115993461,7.54268896199471,0.));
#6160=CARTESIAN_POINT('Ctrl Pts',(51.5018723754241,6.74169893471624,0.));
#6161=CARTESIAN_POINT('Ctrl Pts',(51.554499935456,5.7439018712724,0.));
#6162=CARTESIAN_POINT('Ctrl Pts',(51.5825406834508,5.21226073136265,0.));
#6163=CARTESIAN_POINT('',(51.5825406834508,5.21226073136265,3.));
#6164=CARTESIAN_POINT('Ctrl Pts',(51.5825406834508,5.21226073136265,3.));
#6165=CARTESIAN_POINT('Ctrl Pts',(51.554499935456,5.7439018712724,3.));
#6166=CARTESIAN_POINT('Ctrl Pts',(51.5018723754241,6.74169893471624,3.));
#6167=CARTESIAN_POINT('Ctrl Pts',(50.9106115993461,7.54268896199471,3.));
#6168=CARTESIAN_POINT('Ctrl Pts',(50.6343833729662,7.91689957013066,3.));
#6169=CARTESIAN_POINT('',(51.5825406834508,5.21226073136265,0.));
#6170=CARTESIAN_POINT('Ctrl Pts',(51.1630336567774,3.01239753594334,0.));
#6171=CARTESIAN_POINT('Ctrl Pts',(51.1630336567774,3.01239753594334,3.));
#6172=CARTESIAN_POINT('Ctrl Pts',(51.2849973744427,3.3258092226322,0.));
#6173=CARTESIAN_POINT('Ctrl Pts',(51.2849973744427,3.3258092226322,3.));
#6174=CARTESIAN_POINT('Ctrl Pts',(51.5596301657905,4.03153653239294,0.));
#6175=CARTESIAN_POINT('Ctrl Pts',(51.5596301657905,4.03153653239294,3.));
#6176=CARTESIAN_POINT('Ctrl Pts',(51.5743550709014,4.79040423017842,0.));
#6177=CARTESIAN_POINT('Ctrl Pts',(51.5743550709014,4.79040423017842,3.));
#6178=CARTESIAN_POINT('Ctrl Pts',(51.5825406834508,5.21226073136265,0.));
#6179=CARTESIAN_POINT('Ctrl Pts',(51.5825406834508,5.21226073136265,3.));
#6180=CARTESIAN_POINT('',(51.1630336567774,3.01239753594334,0.));
#6181=CARTESIAN_POINT('Ctrl Pts',(51.5825406834508,5.21226073136265,0.));
#6182=CARTESIAN_POINT('Ctrl Pts',(51.5743550709014,4.79040423017842,0.));
#6183=CARTESIAN_POINT('Ctrl Pts',(51.5596301657905,4.03153653239294,0.));
#6184=CARTESIAN_POINT('Ctrl Pts',(51.2849973744427,3.3258092226322,0.));
#6185=CARTESIAN_POINT('Ctrl Pts',(51.1630336567774,3.01239753594334,0.));
#6186=CARTESIAN_POINT('',(51.1630336567774,3.01239753594334,3.));
#6187=CARTESIAN_POINT('Ctrl Pts',(51.1630336567774,3.01239753594334,3.));
#6188=CARTESIAN_POINT('Ctrl Pts',(51.2849973744427,3.3258092226322,3.));
#6189=CARTESIAN_POINT('Ctrl Pts',(51.5596301657905,4.03153653239294,3.));
#6190=CARTESIAN_POINT('Ctrl Pts',(51.5743550709014,4.79040423017842,3.));
#6191=CARTESIAN_POINT('Ctrl Pts',(51.5825406834508,5.21226073136265,3.));
#6192=CARTESIAN_POINT('',(51.1630336567774,3.01239753594334,0.));
#6193=CARTESIAN_POINT('Ctrl Pts',(49.942020587624,1.76751280655797,0.));
#6194=CARTESIAN_POINT('Ctrl Pts',(49.942020587624,1.76751280655797,3.));
#6195=CARTESIAN_POINT('Ctrl Pts',(50.193038459661,1.92978373165649,0.));
#6196=CARTESIAN_POINT('Ctrl Pts',(50.193038459661,1.92978373165649,3.));
#6197=CARTESIAN_POINT('Ctrl Pts',(50.6934160481018,2.25325366435871,0.));
#6198=CARTESIAN_POINT('Ctrl Pts',(50.6934160481018,2.25325366435871,3.));
#6199=CARTESIAN_POINT('Ctrl Pts',(51.0068406636305,2.75990923196696,0.));
#6200=CARTESIAN_POINT('Ctrl Pts',(51.0068406636305,2.75990923196696,3.));
#6201=CARTESIAN_POINT('Ctrl Pts',(51.1630336567774,3.01239753594334,0.));
#6202=CARTESIAN_POINT('Ctrl Pts',(51.1630336567774,3.01239753594334,3.));
#6203=CARTESIAN_POINT('',(49.942020587624,1.76751280655797,0.));
#6204=CARTESIAN_POINT('Ctrl Pts',(51.1630336567774,3.01239753594334,0.));
#6205=CARTESIAN_POINT('Ctrl Pts',(51.0068406636305,2.75990923196696,0.));
#6206=CARTESIAN_POINT('Ctrl Pts',(50.6934160481018,2.25325366435871,0.));
#6207=CARTESIAN_POINT('Ctrl Pts',(50.193038459661,1.92978373165649,0.));
#6208=CARTESIAN_POINT('Ctrl Pts',(49.942020587624,1.76751280655797,0.));
#6209=CARTESIAN_POINT('',(49.942020587624,1.76751280655797,3.));
#6210=CARTESIAN_POINT('Ctrl Pts',(49.942020587624,1.76751280655797,3.));
#6211=CARTESIAN_POINT('Ctrl Pts',(50.193038459661,1.92978373165649,3.));
#6212=CARTESIAN_POINT('Ctrl Pts',(50.6934160481018,2.25325366435871,3.));
#6213=CARTESIAN_POINT('Ctrl Pts',(51.0068406636305,2.75990923196696,3.));
#6214=CARTESIAN_POINT('Ctrl Pts',(51.1630336567774,3.01239753594334,3.));
#6215=CARTESIAN_POINT('',(49.942020587624,1.76751280655797,0.));
#6216=CARTESIAN_POINT('Ctrl Pts',(48.192362003029,1.32412935128148,0.));
#6217=CARTESIAN_POINT('Ctrl Pts',(48.192362003029,1.32412935128148,3.));
#6218=CARTESIAN_POINT('Ctrl Pts',(48.5010705193973,1.34192490739757,0.));
#6219=CARTESIAN_POINT('Ctrl Pts',(48.5010705193973,1.34192490739757,3.));
#6220=CARTESIAN_POINT('Ctrl Pts',(49.1129446672132,1.37719649906451,0.));
#6221=CARTESIAN_POINT('Ctrl Pts',(49.1129446672132,1.37719649906451,3.));
#6222=CARTESIAN_POINT('Ctrl Pts',(49.6673359994505,1.63819548887721,0.));
#6223=CARTESIAN_POINT('Ctrl Pts',(49.6673359994505,1.63819548887721,3.));
#6224=CARTESIAN_POINT('Ctrl Pts',(49.942020587624,1.76751280655797,0.));
#6225=CARTESIAN_POINT('Ctrl Pts',(49.942020587624,1.76751280655797,3.));
#6226=CARTESIAN_POINT('',(48.192362003029,1.32412935128148,0.));
#6227=CARTESIAN_POINT('Ctrl Pts',(49.942020587624,1.76751280655797,0.));
#6228=CARTESIAN_POINT('Ctrl Pts',(49.6673359994505,1.63819548887721,0.));
#6229=CARTESIAN_POINT('Ctrl Pts',(49.1129446672132,1.37719649906451,0.));
#6230=CARTESIAN_POINT('Ctrl Pts',(48.5010705193973,1.34192490739757,0.));
#6231=CARTESIAN_POINT('Ctrl Pts',(48.192362003029,1.32412935128148,0.));
#6232=CARTESIAN_POINT('',(48.192362003029,1.32412935128148,3.));
#6233=CARTESIAN_POINT('Ctrl Pts',(48.192362003029,1.32412935128148,3.));
#6234=CARTESIAN_POINT('Ctrl Pts',(48.5010705193973,1.34192490739757,3.));
#6235=CARTESIAN_POINT('Ctrl Pts',(49.1129446672132,1.37719649906451,3.));
#6236=CARTESIAN_POINT('Ctrl Pts',(49.6673359994505,1.63819548887721,3.));
#6237=CARTESIAN_POINT('Ctrl Pts',(49.942020587624,1.76751280655797,3.));
#6238=CARTESIAN_POINT('',(48.192362003029,1.32412935128148,0.));
#6239=CARTESIAN_POINT('Ctrl Pts',(45.7332889363181,2.29957366814549,0.));
#6240=CARTESIAN_POINT('Ctrl Pts',(45.7332889363181,2.29957366814549,3.));
#6241=CARTESIAN_POINT('Ctrl Pts',(46.0781150226481,2.01515506134787,0.));
#6242=CARTESIAN_POINT('Ctrl Pts',(46.0781150226481,2.01515506134787,3.));
#6243=CARTESIAN_POINT('Ctrl Pts',(46.7913024162187,1.42690558456426,0.));
#6244=CARTESIAN_POINT('Ctrl Pts',(46.7913024162187,1.42690558456426,3.));
#6245=CARTESIAN_POINT('Ctrl Pts',(47.7151794771453,1.35913358883168,0.));
#6246=CARTESIAN_POINT('Ctrl Pts',(47.7151794771453,1.35913358883168,3.));
#6247=CARTESIAN_POINT('Ctrl Pts',(48.192362003029,1.32412935128148,0.));
#6248=CARTESIAN_POINT('Ctrl Pts',(48.192362003029,1.32412935128148,3.));
#6249=CARTESIAN_POINT('',(45.7332889363181,2.29957366814549,0.));
#6250=CARTESIAN_POINT('Ctrl Pts',(48.192362003029,1.32412935128148,0.));
#6251=CARTESIAN_POINT('Ctrl Pts',(47.7151794771453,1.35913358883168,0.));
#6252=CARTESIAN_POINT('Ctrl Pts',(46.7913024162187,1.42690558456426,0.));
#6253=CARTESIAN_POINT('Ctrl Pts',(46.0781150226481,2.01515506134787,0.));
#6254=CARTESIAN_POINT('Ctrl Pts',(45.7332889363181,2.29957366814549,0.));
#6255=CARTESIAN_POINT('',(45.7332889363181,2.29957366814549,3.));
#6256=CARTESIAN_POINT('Ctrl Pts',(45.7332889363181,2.29957366814549,3.));
#6257=CARTESIAN_POINT('Ctrl Pts',(46.0781150226481,2.01515506134787,3.));
#6258=CARTESIAN_POINT('Ctrl Pts',(46.7913024162187,1.42690558456426,3.));
#6259=CARTESIAN_POINT('Ctrl Pts',(47.7151794771453,1.35913358883168,3.));
#6260=CARTESIAN_POINT('Ctrl Pts',(48.192362003029,1.32412935128148,3.));
#6261=CARTESIAN_POINT('',(45.7332889363181,2.29957366814549,0.));
#6262=CARTESIAN_POINT('Ctrl Pts',(44.7953645512486,5.10994161000188,0.));
#6263=CARTESIAN_POINT('Ctrl Pts',(44.7953645512486,5.10994161000188,3.));
#6264=CARTESIAN_POINT('Ctrl Pts',(44.8194631379102,4.55087600137244,0.));
#6265=CARTESIAN_POINT('Ctrl Pts',(44.8194631379102,4.55087600137244,3.));
#6266=CARTESIAN_POINT('Ctrl Pts',(44.8639165546889,3.51959658004893,0.));
#6267=CARTESIAN_POINT('Ctrl Pts',(44.8639165546889,3.51959658004893,3.));
#6268=CARTESIAN_POINT('Ctrl Pts',(45.4602383912996,2.68275575222085,0.));
#6269=CARTESIAN_POINT('Ctrl Pts',(45.4602383912996,2.68275575222085,3.));
#6270=CARTESIAN_POINT('Ctrl Pts',(45.7332889363181,2.29957366814549,0.));
#6271=CARTESIAN_POINT('Ctrl Pts',(45.7332889363181,2.29957366814549,3.));
#6272=CARTESIAN_POINT('Ctrl Pts',(45.7332889363181,2.29957366814549,0.));
#6273=CARTESIAN_POINT('Ctrl Pts',(45.4602383912996,2.68275575222085,0.));
#6274=CARTESIAN_POINT('Ctrl Pts',(44.8639165546889,3.51959658004893,0.));
#6275=CARTESIAN_POINT('Ctrl Pts',(44.8194631379102,4.55087600137244,0.));
#6276=CARTESIAN_POINT('Ctrl Pts',(44.7953645512486,5.10994161000188,0.));
#6277=CARTESIAN_POINT('Ctrl Pts',(44.7953645512486,5.10994161000188,3.));
#6278=CARTESIAN_POINT('Ctrl Pts',(44.8194631379102,4.55087600137244,3.));
#6279=CARTESIAN_POINT('Ctrl Pts',(44.8639165546889,3.51959658004893,3.));
#6280=CARTESIAN_POINT('Ctrl Pts',(45.4602383912996,2.68275575222085,3.));
#6281=CARTESIAN_POINT('Ctrl Pts',(45.7332889363181,2.29957366814549,3.));
#6282=CARTESIAN_POINT('Origin',(33.315143194055,6.40598500599797,3.));
#6283=CARTESIAN_POINT('Origin',(34.9877501126232,5.,0.));
#6284=CARTESIAN_POINT('',(74.9945660943464,-5.,0.));
#6285=CARTESIAN_POINT('',(-5.0190658691,-5.,0.));
#6286=CARTESIAN_POINT('',(74.9945660943464,-5.,0.));
#6287=CARTESIAN_POINT('',(74.9945660943464,15.,0.));
#6288=CARTESIAN_POINT('',(74.9945660943464,15.,0.));
#6289=CARTESIAN_POINT('',(-5.0190658691,15.,0.));
#6290=CARTESIAN_POINT('',(-5.0190658691,15.,0.));
#6291=CARTESIAN_POINT('',(-5.0190658691,-5.,0.));
#6292=CARTESIAN_POINT('',(52.5648013874913,5.10994161000188,0.));
#6293=CARTESIAN_POINT('',(53.6834899708667,8.09084201683934,0.));
#6294=CARTESIAN_POINT('Ctrl Pts',(52.5648013874913,5.10994161000188,0.));
#6295=CARTESIAN_POINT('Ctrl Pts',(52.5927837488625,5.71968095477279,0.));
#6296=CARTESIAN_POINT('Ctrl Pts',(52.6442513841582,6.84116751574274,0.));
#6297=CARTESIAN_POINT('Ctrl Pts',(53.3578614777819,7.69927685572711,0.));
#6298=CARTESIAN_POINT('Ctrl Pts',(53.6834899708667,8.09084201683934,0.));
#6299=CARTESIAN_POINT('',(55.9617988392753,8.89575327267583,0.));
#6300=CARTESIAN_POINT('Ctrl Pts',(53.6834899708667,8.09084201683934,0.));
#6301=CARTESIAN_POINT('Ctrl Pts',(54.0171024255151,8.32557150392589,0.));
#6302=CARTESIAN_POINT('Ctrl Pts',(54.7004251059057,8.80635685845278,0.));
#6303=CARTESIAN_POINT('Ctrl Pts',(55.5347889246605,8.8654901126033,0.));
#6304=CARTESIAN_POINT('Ctrl Pts',(55.9617988392753,8.89575327267583,0.));
#6305=CARTESIAN_POINT('',(58.4038202092089,7.91689957013066,0.));
#6306=CARTESIAN_POINT('Ctrl Pts',(55.9617988392753,8.89575327267583,0.));
#6307=CARTESIAN_POINT('Ctrl Pts',(56.4326744245732,8.85936048481687,0.));
#6308=CARTESIAN_POINT('Ctrl Pts',(57.3506557258189,8.78841202242507,0.));
#6309=CARTESIAN_POINT('Ctrl Pts',(58.0588781986073,8.20234525530143,0.));
#6310=CARTESIAN_POINT('Ctrl Pts',(58.4038202092089,7.91689957013066,0.));
#6311=CARTESIAN_POINT('',(59.3519775196935,5.21226073136265,0.));
#6312=CARTESIAN_POINT('Ctrl Pts',(58.4038202092089,7.91689957013066,0.));
#6313=CARTESIAN_POINT('Ctrl Pts',(58.680046138564,7.54268870446553,0.));
#6314=CARTESIAN_POINT('Ctrl Pts',(59.2713027177485,6.74169715076382,0.));
#6315=CARTESIAN_POINT('Ctrl Pts',(59.3239344948466,5.74390162141575,0.));
#6316=CARTESIAN_POINT('Ctrl Pts',(59.3519775196935,5.21226073136265,0.));
#6317=CARTESIAN_POINT('',(58.93247049302,3.01239753594334,0.));
#6318=CARTESIAN_POINT('Ctrl Pts',(59.3519775196935,5.21226073136265,0.));
#6319=CARTESIAN_POINT('Ctrl Pts',(59.34378941065,4.79040442580866,0.));
#6320=CARTESIAN_POINT('Ctrl Pts',(59.3290600265226,4.03153769136226,0.));
#6321=CARTESIAN_POINT('Ctrl Pts',(59.0544319803575,3.32580936015983,0.));
#6322=CARTESIAN_POINT('Ctrl Pts',(58.93247049302,3.01239753594334,0.));
#6323=CARTESIAN_POINT('',(57.7114574238666,1.76751280655797,0.));
#6324=CARTESIAN_POINT('Ctrl Pts',(58.93247049302,3.01239753594334,0.));
#6325=CARTESIAN_POINT('Ctrl Pts',(58.7762774998731,2.75990923196696,0.));
#6326=CARTESIAN_POINT('Ctrl Pts',(58.4628528843445,2.25325366435871,0.));
#6327=CARTESIAN_POINT('Ctrl Pts',(57.9624752959036,1.92978373165649,0.));
#6328=CARTESIAN_POINT('Ctrl Pts',(57.7114574238666,1.76751280655797,0.));
#6329=CARTESIAN_POINT('',(55.9617988392717,1.32412935128148,0.));
#6330=CARTESIAN_POINT('Ctrl Pts',(57.7114574238666,1.76751280655797,0.));
#6331=CARTESIAN_POINT('Ctrl Pts',(57.4367728356932,1.63819548887721,0.));
#6332=CARTESIAN_POINT('Ctrl Pts',(56.8823815034559,1.37719649906451,0.));
#6333=CARTESIAN_POINT('Ctrl Pts',(56.27050735564,1.34192490739757,0.));
#6334=CARTESIAN_POINT('Ctrl Pts',(55.9617988392717,1.32412935128148,0.));
#6335=CARTESIAN_POINT('',(53.5027257725607,2.29957366814549,0.));
#6336=CARTESIAN_POINT('Ctrl Pts',(55.9617988392717,1.32412935128148,0.));
#6337=CARTESIAN_POINT('Ctrl Pts',(55.48461817343,1.35913416116923,0.));
#6338=CARTESIAN_POINT('Ctrl Pts',(54.5607418620805,1.42690747420056,0.));
#6339=CARTESIAN_POINT('Ctrl Pts',(53.8475534758426,2.01515504505408,0.));
#6340=CARTESIAN_POINT('Ctrl Pts',(53.5027257725607,2.29957366814549,0.));
#6341=CARTESIAN_POINT('Ctrl Pts',(53.5027257725607,2.29957366814549,0.));
#6342=CARTESIAN_POINT('Ctrl Pts',(53.2296752275423,2.68275575222085,0.));
#6343=CARTESIAN_POINT('Ctrl Pts',(52.6333533909316,3.51959658004893,0.));
#6344=CARTESIAN_POINT('Ctrl Pts',(52.5888999741528,4.55087600137244,0.));
#6345=CARTESIAN_POINT('Ctrl Pts',(52.5648013874913,5.10994161000188,0.));
#6346=CARTESIAN_POINT('',(34.2223731800921,1.48784066071446,0.));
#6347=CARTESIAN_POINT('',(31.568893603986,11.4878406607145,0.));
#6348=CARTESIAN_POINT('',(32.48548454754,8.03354256922837,0.));
#6349=CARTESIAN_POINT('',(32.9263297841007,11.4878406607145,0.));
#6350=CARTESIAN_POINT('',(33.957039948362,11.4878406607145,0.));
#6351=CARTESIAN_POINT('',(34.4474736973667,4.93258858551915,0.));
#6352=CARTESIAN_POINT('',(34.4538548367278,4.90508955884956,0.));
#6353=CARTESIAN_POINT('',(34.8703948780908,2.88620377411778,0.));
#6354=CARTESIAN_POINT('Ctrl Pts',(34.4474736973667,4.93258858551915,0.));
#6355=CARTESIAN_POINT('Ctrl Pts',(34.5262927519065,4.59093446771034,0.));
#6356=CARTESIAN_POINT('Ctrl Pts',(34.6829130259815,3.91203820484022,0.));
#6357=CARTESIAN_POINT('Ctrl Pts',(34.808172269958,3.22666389371788,0.));
#6358=CARTESIAN_POINT('Ctrl Pts',(34.8703948780908,2.88620377411778,0.));
#6359=CARTESIAN_POINT('',(35.3205982968234,4.73477149834569,0.));
#6360=CARTESIAN_POINT('Ctrl Pts',(34.8703948780908,2.88620377411778,0.));
#6361=CARTESIAN_POINT('Ctrl Pts',(34.9701530438781,3.30776769080256,0.));
#6362=CARTESIAN_POINT('Ctrl Pts',(35.1162005396139,3.92494377697509,0.));
#6363=CARTESIAN_POINT('Ctrl Pts',(35.2714062859303,4.53987183489037,0.));
#6364=CARTESIAN_POINT('Ctrl Pts',(35.3205982968234,4.73477149834569,0.));
#6365=CARTESIAN_POINT('',(37.2237364575321,11.4878406607145,0.));
#6366=CARTESIAN_POINT('',(36.2945455308953,8.19071241108323,0.));
#6367=CARTESIAN_POINT('',(38.8199178502018,11.4878406607145,0.));
#6368=CARTESIAN_POINT('',(36.9038339814125,11.4878406607145,0.));
#6369=CARTESIAN_POINT('',(40.2523843571574,6.4264490686887,0.));
#6370=CARTESIAN_POINT('',(40.2440598208945,6.45586248788126,0.));
#6371=CARTESIAN_POINT('',(41.0300103947534,2.88620377411778,0.));
#6372=CARTESIAN_POINT('Ctrl Pts',(40.2523843571574,6.4264490686887,0.));
#6373=CARTESIAN_POINT('Ctrl Pts',(40.4177808066474,5.82000259413689,0.));
#6374=CARTESIAN_POINT('Ctrl Pts',(40.7361060383408,4.65282388433658,0.));
#6375=CARTESIAN_POINT('Ctrl Pts',(40.9346341560689,3.45949769651374,0.));
#6376=CARTESIAN_POINT('Ctrl Pts',(41.0300103947534,2.88620377411778,0.));
#6377=CARTESIAN_POINT('',(41.5279666706944,5.06219292511876,0.));
#6378=CARTESIAN_POINT('Ctrl Pts',(41.0300103947534,2.88620377411778,0.));
#6379=CARTESIAN_POINT('Ctrl Pts',(41.1015403407876,3.22597321360126,0.));
#6380=CARTESIAN_POINT('Ctrl Pts',(41.2548489370347,3.95419375203132,0.));
#6381=CARTESIAN_POINT('Ctrl Pts',(41.4329585409713,4.67675867389263,0.));
#6382=CARTESIAN_POINT('Ctrl Pts',(41.5279666706944,5.06219292511876,0.));
#6383=CARTESIAN_POINT('',(43.0968610569889,11.4878406607145,0.));
#6384=CARTESIAN_POINT('',(42.1212696932593,7.49215650760747,0.));
#6385=CARTESIAN_POINT('',(44.4270126149113,11.4878406607145,0.));
#6386=CARTESIAN_POINT('',(39.7073813637672,11.4878406607145,0.));
#6387=CARTESIAN_POINT('',(41.6848556324847,1.48784066071446,0.));
#6388=CARTESIAN_POINT('',(41.8985404642209,2.26709886185201,0.));
#6389=CARTESIAN_POINT('',(40.4092733189471,1.48784066071446,0.));
#6390=CARTESIAN_POINT('',(37.6985117157851,1.48784066071446,0.));
#6391=CARTESIAN_POINT('',(38.3015004918022,9.10721326699193,0.));
#6392=CARTESIAN_POINT('',(38.7114321249731,7.62535439870995,0.));
#6393=CARTESIAN_POINT('',(37.987720184033,10.2804734789365,0.));
#6394=CARTESIAN_POINT('Ctrl Pts',(38.3015004918022,9.10721326699193,0.));
#6395=CARTESIAN_POINT('Ctrl Pts',(38.2294213856876,9.36372745670886,0.));
#6396=CARTESIAN_POINT('Ctrl Pts',(38.1198944618721,9.75351045526649,0.));
#6397=CARTESIAN_POINT('Ctrl Pts',(38.0213969791761,10.1462081280205,0.));
#6398=CARTESIAN_POINT('Ctrl Pts',(37.987720184033,10.2804734789365,0.));
#6399=CARTESIAN_POINT('',(37.6944057270928,9.10721326699193,0.));
#6400=CARTESIAN_POINT('Ctrl Pts',(37.987720184033,10.2804734789365,0.));
#6401=CARTESIAN_POINT('Ctrl Pts',(37.9385527371058,10.0675193005141,0.));
#6402=CARTESIAN_POINT('Ctrl Pts',(37.8478478578505,9.67465808343027,0.));
#6403=CARTESIAN_POINT('Ctrl Pts',(37.7426020422231,9.28544820844545,0.));
#6404=CARTESIAN_POINT('Ctrl Pts',(37.6944057270928,9.10721326699193,0.));
#6405=CARTESIAN_POINT('',(35.5729858204729,1.48784066071446,0.));
#6406=CARTESIAN_POINT('',(36.0056939866815,3.04197180553607,0.));
#6407=CARTESIAN_POINT('',(34.6050616463576,1.48784066071446,0.));
#6408=CARTESIAN_POINT('',(31.1186901852501,2.58606696953709,0.));
#6409=CARTESIAN_POINT('',(31.2960449978716,1.50148297181065,0.));
#6410=CARTESIAN_POINT('',(31.0655224162272,2.91120565974069,0.));
#6411=CARTESIAN_POINT('',(30.3683487698442,1.39234329094823,0.));
#6412=CARTESIAN_POINT('Ctrl Pts',(31.2960449978716,1.50148297181065,0.));
#6413=CARTESIAN_POINT('Ctrl Pts',(31.1328491140034,1.46969108248328,0.));
#6414=CARTESIAN_POINT('Ctrl Pts',(30.8262844071342,1.40996977701005,0.));
#6415=CARTESIAN_POINT('Ctrl Pts',(30.5142674199778,1.39795987293769,0.));
#6416=CARTESIAN_POINT('Ctrl Pts',(30.3683487698442,1.39234329094823,0.));
#6417=CARTESIAN_POINT('',(29.3315140530475,1.60380268921788,0.));
#6418=CARTESIAN_POINT('Ctrl Pts',(30.3683487698442,1.39234329094823,0.));
#6419=CARTESIAN_POINT('Ctrl Pts',(30.167510546254,1.39620614890147,0.));
#6420=CARTESIAN_POINT('Ctrl Pts',(29.8079382663208,1.40312204676432,0.));
#6421=CARTESIAN_POINT('Ctrl Pts',(29.4774214877437,1.54234318124616,0.));
#6422=CARTESIAN_POINT('Ctrl Pts',(29.3315140530475,1.60380268921788,0.));
#6423=CARTESIAN_POINT('',(28.8130966946493,2.15973640313084,0.));
#6424=CARTESIAN_POINT('Ctrl Pts',(29.3315140530475,1.60380268921788,0.));
#6425=CARTESIAN_POINT('Ctrl Pts',(29.2187297888788,1.67781819185093,0.));
#6426=CARTESIAN_POINT('Ctrl Pts',(29.0003746565674,1.82111535293679,0.));
#6427=CARTESIAN_POINT('Ctrl Pts',(28.8741325392433,2.04937626473423,0.));
#6428=CARTESIAN_POINT('Ctrl Pts',(28.8130966946493,2.15973640313084,0.));
#6429=CARTESIAN_POINT('',(28.6630288884061,3.60925937523778,0.));
#6430=CARTESIAN_POINT('Ctrl Pts',(28.8130966946493,2.15973640313084,0.));
#6431=CARTESIAN_POINT('Ctrl Pts',(28.7699643101184,2.33724107559459,0.));
#6432=CARTESIAN_POINT('Ctrl Pts',(28.6545409776252,2.812247988653,0.));
#6433=CARTESIAN_POINT('Ctrl Pts',(28.6597600954561,3.30232104037512,0.));
#6434=CARTESIAN_POINT('Ctrl Pts',(28.6630288884061,3.60925937523778,0.));
#6435=CARTESIAN_POINT('',(28.663028888408,7.77706290116246,0.));
#6436=CARTESIAN_POINT('',(28.6630288884074,6.38853145058273,0.));
#6437=CARTESIAN_POINT('',(27.7626196667589,7.77706290116246,0.));
#6438=CARTESIAN_POINT('',(31.375184889691,7.77706290116246,0.));
#6439=CARTESIAN_POINT('',(27.7626196667593,8.73204255928929,0.));
#6440=CARTESIAN_POINT('',(27.7626196667585,6.86602127964636,0.));
#6441=CARTESIAN_POINT('',(28.6630288884085,8.73204255928929,0.));
#6442=CARTESIAN_POINT('',(31.8253895005158,8.73204255928929,0.));
#6443=CARTESIAN_POINT('',(28.6630288884093,10.5260398470395,0.));
#6444=CARTESIAN_POINT('',(28.663028888408,7.76301992352126,0.));
#6445=CARTESIAN_POINT('',(29.8840395733767,11.2627383553022,0.));
#6446=CARTESIAN_POINT('',(30.3697604678574,11.5557987378208,0.));
#6447=CARTESIAN_POINT('',(29.8840395733755,8.73204255928929,0.));
#6448=CARTESIAN_POINT('',(29.8840395733747,6.86602127964585,0.));
#6449=CARTESIAN_POINT('',(31.118690185253,8.73204255928929,0.));
#6450=CARTESIAN_POINT('',(33.0532201489381,8.73204255928929,0.));
#6451=CARTESIAN_POINT('',(31.1186901852525,7.77706290116246,0.));
#6452=CARTESIAN_POINT('',(31.1186901852519,6.38853145058215,0.));
#6453=CARTESIAN_POINT('',(29.8840395733751,7.77706290116246,0.));
#6454=CARTESIAN_POINT('',(32.4358948429991,7.77706290116246,0.));
#6455=CARTESIAN_POINT('',(29.8840395733731,3.54104662766392,0.));
#6456=CARTESIAN_POINT('',(29.8840395733734,4.27052331383317,0.));
#6457=CARTESIAN_POINT('',(29.9488417431726,2.8657391153806,0.));
#6458=CARTESIAN_POINT('Ctrl Pts',(29.8840395733731,3.54104662766392,0.));
#6459=CARTESIAN_POINT('Ctrl Pts',(29.8822283975529,3.39638281968566,0.));
#6460=CARTESIAN_POINT('Ctrl Pts',(29.8793741114456,3.16840280099969,0.));
#6461=CARTESIAN_POINT('Ctrl Pts',(29.930249228083,2.94674488745091,0.));
#6462=CARTESIAN_POINT('Ctrl Pts',(29.9488417431726,2.8657391153806,0.));
#6463=CARTESIAN_POINT('',(30.1602999493492,2.62699509491856,0.));
#6464=CARTESIAN_POINT('Ctrl Pts',(29.9488417431726,2.8657391153806,0.));
#6465=CARTESIAN_POINT('Ctrl Pts',(29.9741570486764,2.81809230090796,0.));
#6466=CARTESIAN_POINT('Ctrl Pts',(30.0254395657695,2.72157169690995,0.));
#6467=CARTESIAN_POINT('Ctrl Pts',(30.1149671284428,2.65878667111169,0.));
#6468=CARTESIAN_POINT('Ctrl Pts',(30.1602999493492,2.62699509491856,0.));
#6469=CARTESIAN_POINT('',(30.5798093602073,2.53831768860753,0.));
#6470=CARTESIAN_POINT('Ctrl Pts',(30.1602999493492,2.62699509491856,0.));
#6471=CARTESIAN_POINT('Ctrl Pts',(30.2188804188768,2.60122656969149,0.));
#6472=CARTESIAN_POINT('Ctrl Pts',(30.3520891186224,2.54263038964131,0.));
#6473=CARTESIAN_POINT('Ctrl Pts',(30.4980416078772,2.53986625481117,0.));
#6474=CARTESIAN_POINT('Ctrl Pts',(30.5798093602073,2.53831768860753,0.));
#6475=CARTESIAN_POINT('Ctrl Pts',(30.5798093602073,2.53831768860753,0.));
#6476=CARTESIAN_POINT('Ctrl Pts',(30.6589217259232,2.54112524275634,0.));
#6477=CARTESIAN_POINT('Ctrl Pts',(30.839351632612,2.54752837238732,0.));
#6478=CARTESIAN_POINT('Ctrl Pts',(31.0182388928352,2.57220833149737,0.));
#6479=CARTESIAN_POINT('Ctrl Pts',(31.1186901852501,2.58606696953709,0.));
#6480=CARTESIAN_POINT('',(18.6425654217619,3.82071996560033,0.));
#6481=CARTESIAN_POINT('',(19.9113241955655,3.66382981171544,0.));
#6482=CARTESIAN_POINT('',(27.2546382150708,2.75578196973572,0.));
#6483=CARTESIAN_POINT('',(18.799454383553,1.93804527153905,0.));
#6484=CARTESIAN_POINT('Ctrl Pts',(19.9113241955655,3.66382981171544,0.));
#6485=CARTESIAN_POINT('Ctrl Pts',(19.7947582222741,3.31766750339441,0.));
#6486=CARTESIAN_POINT('Ctrl Pts',(19.5691815707755,2.64777960917288,0.));
#6487=CARTESIAN_POINT('Ctrl Pts',(19.0502363925053,2.16928122886121,0.));
#6488=CARTESIAN_POINT('Ctrl Pts',(18.799454383553,1.93804527153905,0.));
#6489=CARTESIAN_POINT('',(16.7257849499589,1.32412935128148,0.));
#6490=CARTESIAN_POINT('Ctrl Pts',(18.799454383553,1.93804527153905,0.));
#6491=CARTESIAN_POINT('Ctrl Pts',(18.4991513965655,1.75914896555518,0.));
#6492=CARTESIAN_POINT('Ctrl Pts',(17.861621236519,1.3793599007519,0.));
#6493=CARTESIAN_POINT('Ctrl Pts',(17.1187390185928,1.34323691932107,0.));
#6494=CARTESIAN_POINT('Ctrl Pts',(16.7257849499589,1.32412935128148,0.));
#6495=CARTESIAN_POINT('',(14.2053214833151,2.30298424591954,0.));
#6496=CARTESIAN_POINT('Ctrl Pts',(16.7257849499589,1.32412935128148,0.));
#6497=CARTESIAN_POINT('Ctrl Pts',(16.231347201711,1.35689444850209,0.));
#6498=CARTESIAN_POINT('Ctrl Pts',(15.2858308564053,1.41955134532559,0.));
#6499=CARTESIAN_POINT('Ctrl Pts',(14.5543093231941,2.01764906296363,0.));
#6500=CARTESIAN_POINT('Ctrl Pts',(14.2053214833151,2.30298424591954,0.));
#6501=CARTESIAN_POINT('',(13.2742158696079,5.04855001797612,0.));
#6502=CARTESIAN_POINT('Ctrl Pts',(14.2053214833151,2.30298424591954,0.));
#6503=CARTESIAN_POINT('Ctrl Pts',(13.9341471672331,2.6812729933499,0.));
#6504=CARTESIAN_POINT('Ctrl Pts',(13.3483023329787,3.49852778259621,0.));
#6505=CARTESIAN_POINT('Ctrl Pts',(13.3001041853991,4.50691982958315,0.));
#6506=CARTESIAN_POINT('Ctrl Pts',(13.2742158696079,5.04855001797612,0.));
#6507=CARTESIAN_POINT('',(14.2155532166399,7.88620377411778,0.));
#6508=CARTESIAN_POINT('Ctrl Pts',(13.2742158696079,5.04855001797612,0.));
#6509=CARTESIAN_POINT('Ctrl Pts',(13.2997522428354,5.60814245916574,0.));
#6510=CARTESIAN_POINT('Ctrl Pts',(13.3471526519903,6.64685341612405,0.));
#6511=CARTESIAN_POINT('Ctrl Pts',(13.9414336286996,7.49499006091158,0.));
#6512=CARTESIAN_POINT('Ctrl Pts',(14.2155532166399,7.88620377411778,0.));
#6513=CARTESIAN_POINT('',(16.6575722023887,8.89575327267583,0.));
#6514=CARTESIAN_POINT('Ctrl Pts',(14.2155532166399,7.88620377411778,0.));
#6515=CARTESIAN_POINT('Ctrl Pts',(14.5583194424368,8.18060942891629,0.));
#6516=CARTESIAN_POINT('Ctrl Pts',(15.260502463581,8.78372209454651,0.));
#6517=CARTESIAN_POINT('Ctrl Pts',(16.1845782167091,8.857823832225,0.));
#6518=CARTESIAN_POINT('Ctrl Pts',(16.6575722023887,8.89575327267583,0.));
#6519=CARTESIAN_POINT('',(19.0313784405627,7.90666724076207,0.));
#6520=CARTESIAN_POINT('Ctrl Pts',(16.6575722023887,8.89575327267583,0.));
#6521=CARTESIAN_POINT('Ctrl Pts',(17.1164074790304,8.85803634203578,0.));
#6522=CARTESIAN_POINT('Ctrl Pts',(18.0155954679502,8.78412177457123,0.));
#6523=CARTESIAN_POINT('Ctrl Pts',(18.6974559351279,8.19511647079895,0.));
#6524=CARTESIAN_POINT('Ctrl Pts',(19.0313784405627,7.90666724076207,0.));
#6525=CARTESIAN_POINT('',(19.9522511288548,5.12358451714451,0.));
#6526=CARTESIAN_POINT('Ctrl Pts',(19.0313784405627,7.90666724076207,0.));
#6527=CARTESIAN_POINT('Ctrl Pts',(19.2995327730819,7.52308737656895,0.));
#6528=CARTESIAN_POINT('Ctrl Pts',(19.8812714622834,6.6909425243736,0.));
#6529=CARTESIAN_POINT('Ctrl Pts',(19.927390702016,5.6725472123944,0.));
#6530=CARTESIAN_POINT('Ctrl Pts',(19.9522511288548,5.12358451714451,0.));
#6531=CARTESIAN_POINT('',(19.9454299733065,4.79616309037144,0.));
#6532=CARTESIAN_POINT('Ctrl Pts',(19.9522511288548,5.12358451714451,0.));
#6533=CARTESIAN_POINT('Ctrl Pts',(19.9518182154761,5.07810669434048,0.));
#6534=CARTESIAN_POINT('Ctrl Pts',(19.9507790525105,4.96894197100403,0.));
#6535=CARTESIAN_POINT('Ctrl Pts',(19.9474008328656,4.8598231887764,0.));
#6536=CARTESIAN_POINT('Ctrl Pts',(19.9454299733065,4.79616309037144,0.));
#6537=CARTESIAN_POINT('',(14.5429746434115,4.79616309037144,0.));
#6538=CARTESIAN_POINT('',(24.7653623780174,4.79616309037144,0.));
#6539=CARTESIAN_POINT('',(15.2182809636011,2.96805883278783,0.));
#6540=CARTESIAN_POINT('Ctrl Pts',(14.5429746434115,4.79616309037144,0.));
#6541=CARTESIAN_POINT('Ctrl Pts',(14.5784551127938,4.43242753385265,0.));
#6542=CARTESIAN_POINT('Ctrl Pts',(14.6439181764933,3.76131905302508,0.));
#6543=CARTESIAN_POINT('Ctrl Pts',(15.0378548782808,3.21724774159307,0.));
#6544=CARTESIAN_POINT('Ctrl Pts',(15.2182809636011,2.96805883278783,0.));
#6545=CARTESIAN_POINT('',(16.7326061055075,2.33367944588597,0.));
#6546=CARTESIAN_POINT('Ctrl Pts',(15.2182809636011,2.96805883278783,0.));
#6547=CARTESIAN_POINT('Ctrl Pts',(15.4345246770167,2.78303598029633,0.));
#6548=CARTESIAN_POINT('Ctrl Pts',(15.8710439691346,2.409540523159,0.));
#6549=CARTESIAN_POINT('Ctrl Pts',(16.4436557701607,2.35912170105527,0.));
#6550=CARTESIAN_POINT('Ctrl Pts',(16.7326061055075,2.33367944588597,0.));
#6551=CARTESIAN_POINT('',(17.885402850808,2.68838668694432,0.));
#6552=CARTESIAN_POINT('Ctrl Pts',(16.7326061055075,2.33367944588597,0.));
#6553=CARTESIAN_POINT('Ctrl Pts',(16.946530889865,2.34632958486952,0.));
#6554=CARTESIAN_POINT('Ctrl Pts',(17.360229378555,2.37079305877196,0.));
#6555=CARTESIAN_POINT('Ctrl Pts',(17.7143831189237,2.58496414180855,0.));
#6556=CARTESIAN_POINT('Ctrl Pts',(17.885402850808,2.68838668694432,0.));
#6557=CARTESIAN_POINT('Ctrl Pts',(17.885402850808,2.68838668694432,0.));
#6558=CARTESIAN_POINT('Ctrl Pts',(18.0396091195701,2.83394122401794,0.));
#6559=CARTESIAN_POINT('Ctrl Pts',(18.3773380890082,3.15272193376177,0.));
#6560=CARTESIAN_POINT('Ctrl Pts',(18.5491839724719,3.58553068971282,0.));
#6561=CARTESIAN_POINT('Ctrl Pts',(18.6425654217619,3.82071996560033,0.));
#6562=CARTESIAN_POINT('Ctrl Pts',(54.4338313862696,3.02603984703953,0.));
#6563=CARTESIAN_POINT('Ctrl Pts',(54.4338313862696,3.02603984703953,3.));
#6564=CARTESIAN_POINT('Ctrl Pts',(54.2573309966794,3.30733994136599,0.));
#6565=CARTESIAN_POINT('Ctrl Pts',(54.2573309966794,3.30733994136599,3.));
#6566=CARTESIAN_POINT('Ctrl Pts',(53.8598642961482,3.9408083467938,0.));
#6567=CARTESIAN_POINT('Ctrl Pts',(53.8598642961482,3.9408083467938,3.));
#6568=CARTESIAN_POINT('Ctrl Pts',(53.8385731501871,4.69220992463378,0.));
#6569=CARTESIAN_POINT('Ctrl Pts',(53.8385731501871,4.69220992463378,3.));
#6570=CARTESIAN_POINT('Ctrl Pts',(53.8267366215611,5.10994161000188,0.));
#6571=CARTESIAN_POINT('Ctrl Pts',(53.8267366215611,5.10994161000188,3.));
#6572=CARTESIAN_POINT('',(53.8267366215611,5.10994161000188,0.));
#6573=CARTESIAN_POINT('',(54.4338313862696,3.02603984703953,0.));
#6574=CARTESIAN_POINT('Ctrl Pts',(53.8267366215611,5.10994161000188,0.));
#6575=CARTESIAN_POINT('Ctrl Pts',(53.8385731501871,4.69220992463378,0.));
#6576=CARTESIAN_POINT('Ctrl Pts',(53.8598642961482,3.9408083467938,0.));
#6577=CARTESIAN_POINT('Ctrl Pts',(54.2573309966794,3.30733994136599,0.));
#6578=CARTESIAN_POINT('Ctrl Pts',(54.4338313862696,3.02603984703953,0.));
#6579=CARTESIAN_POINT('',(53.8267366215611,5.10994161000188,3.));
#6580=CARTESIAN_POINT('',(53.8267366215611,5.10994161000188,0.));
#6581=CARTESIAN_POINT('',(54.4338313862696,3.02603984703953,3.));
#6582=CARTESIAN_POINT('Ctrl Pts',(54.4338313862696,3.02603984703953,3.));
#6583=CARTESIAN_POINT('Ctrl Pts',(54.2573309966794,3.30733994136599,3.));
#6584=CARTESIAN_POINT('Ctrl Pts',(53.8598642961482,3.9408083467938,3.));
#6585=CARTESIAN_POINT('Ctrl Pts',(53.8385731501871,4.69220992463378,3.));
#6586=CARTESIAN_POINT('Ctrl Pts',(53.8267366215611,5.10994161000188,3.));
#6587=CARTESIAN_POINT('',(54.4338313862696,3.02603984703953,0.));
#6588=CARTESIAN_POINT('Ctrl Pts',(55.9617988392722,2.33367944588597,0.));
#6589=CARTESIAN_POINT('Ctrl Pts',(55.9617988392722,2.33367944588597,3.));
#6590=CARTESIAN_POINT('Ctrl Pts',(55.6679166884477,2.36252597908454,0.));
#6591=CARTESIAN_POINT('Ctrl Pts',(55.6679166884477,2.36252597908454,3.));
#6592=CARTESIAN_POINT('Ctrl Pts',(55.0801601227779,2.42021828614267,0.));
#6593=CARTESIAN_POINT('Ctrl Pts',(55.0801601227779,2.42021828614267,3.));
#6594=CARTESIAN_POINT('Ctrl Pts',(54.6492724080087,2.82410109869246,0.));
#6595=CARTESIAN_POINT('Ctrl Pts',(54.6492724080087,2.82410109869246,3.));
#6596=CARTESIAN_POINT('Ctrl Pts',(54.4338313862696,3.02603984703953,0.));
#6597=CARTESIAN_POINT('Ctrl Pts',(54.4338313862696,3.02603984703953,3.));
#6598=CARTESIAN_POINT('',(55.9617988392722,2.33367944588597,0.));
#6599=CARTESIAN_POINT('Ctrl Pts',(54.4338313862696,3.02603984703953,0.));
#6600=CARTESIAN_POINT('Ctrl Pts',(54.6492724080087,2.82410109869246,0.));
#6601=CARTESIAN_POINT('Ctrl Pts',(55.0801601227779,2.42021828614267,0.));
#6602=CARTESIAN_POINT('Ctrl Pts',(55.6679166884477,2.36252597908454,0.));
#6603=CARTESIAN_POINT('Ctrl Pts',(55.9617988392722,2.33367944588597,0.));
#6604=CARTESIAN_POINT('',(55.9617988392722,2.33367944588597,3.));
#6605=CARTESIAN_POINT('Ctrl Pts',(55.9617988392722,2.33367944588597,3.));
#6606=CARTESIAN_POINT('Ctrl Pts',(55.6679166884477,2.36252597908454,3.));
#6607=CARTESIAN_POINT('Ctrl Pts',(55.0801601227779,2.42021828614267,3.));
#6608=CARTESIAN_POINT('Ctrl Pts',(54.6492724080087,2.82410109869246,3.));
#6609=CARTESIAN_POINT('Ctrl Pts',(54.4338313862696,3.02603984703953,3.));
#6610=CARTESIAN_POINT('',(55.9617988392722,2.33367944588597,0.));
#6611=CARTESIAN_POINT('Ctrl Pts',(57.4829475209131,3.02945042481358,0.));
#6612=CARTESIAN_POINT('Ctrl Pts',(57.4829475209131,3.02945042481358,3.));
#6613=CARTESIAN_POINT('Ctrl Pts',(57.268240190274,2.82651786583564,0.));
#6614=CARTESIAN_POINT('Ctrl Pts',(57.268240190274,2.82651786583564,3.));
#6615=CARTESIAN_POINT('Ctrl Pts',(56.8400733704961,2.421832156464,0.));
#6616=CARTESIAN_POINT('Ctrl Pts',(56.8400733704961,2.421832156464,3.));
#6617=CARTESIAN_POINT('Ctrl Pts',(56.2539876572076,2.36300653597671,0.));
#6618=CARTESIAN_POINT('Ctrl Pts',(56.2539876572076,2.36300653597671,3.));
#6619=CARTESIAN_POINT('Ctrl Pts',(55.9617988392722,2.33367944588597,0.));
#6620=CARTESIAN_POINT('Ctrl Pts',(55.9617988392722,2.33367944588597,3.));
#6621=CARTESIAN_POINT('',(57.4829475209131,3.02945042481358,0.));
#6622=CARTESIAN_POINT('Ctrl Pts',(55.9617988392722,2.33367944588597,0.));
#6623=CARTESIAN_POINT('Ctrl Pts',(56.2539876572076,2.36300653597671,0.));
#6624=CARTESIAN_POINT('Ctrl Pts',(56.8400733704961,2.421832156464,0.));
#6625=CARTESIAN_POINT('Ctrl Pts',(57.268240190274,2.82651786583564,0.));
#6626=CARTESIAN_POINT('Ctrl Pts',(57.4829475209131,3.02945042481358,0.));
#6627=CARTESIAN_POINT('',(57.4829475209131,3.02945042481358,3.));
#6628=CARTESIAN_POINT('Ctrl Pts',(57.4829475209131,3.02945042481358,3.));
#6629=CARTESIAN_POINT('Ctrl Pts',(57.268240190274,2.82651786583564,3.));
#6630=CARTESIAN_POINT('Ctrl Pts',(56.8400733704961,2.421832156464,3.));
#6631=CARTESIAN_POINT('Ctrl Pts',(56.2539876572076,2.36300653597671,3.));
#6632=CARTESIAN_POINT('Ctrl Pts',(55.9617988392722,2.33367944588597,3.));
#6633=CARTESIAN_POINT('',(57.4829475209131,3.02945042481358,0.));
#6634=CARTESIAN_POINT('Ctrl Pts',(58.0900422856236,5.1508691393369,0.));
#6635=CARTESIAN_POINT('Ctrl Pts',(58.0900422856236,5.1508691393369,3.));
#6636=CARTESIAN_POINT('Ctrl Pts',(58.0789952063244,4.72424863211817,0.));
#6637=CARTESIAN_POINT('Ctrl Pts',(58.0789952063244,4.72424863211817,3.));
#6638=CARTESIAN_POINT('Ctrl Pts',(58.0592222495546,3.96064871417375,0.));
#6639=CARTESIAN_POINT('Ctrl Pts',(58.0592222495546,3.96064871417375,3.));
#6640=CARTESIAN_POINT('Ctrl Pts',(57.6593934284592,3.31456812841114,0.));
#6641=CARTESIAN_POINT('Ctrl Pts',(57.6593934284592,3.31456812841114,3.));
#6642=CARTESIAN_POINT('Ctrl Pts',(57.4829475209131,3.02945042481358,0.));
#6643=CARTESIAN_POINT('Ctrl Pts',(57.4829475209131,3.02945042481358,3.));
#6644=CARTESIAN_POINT('',(58.0900422856236,5.1508691393369,0.));
#6645=CARTESIAN_POINT('Ctrl Pts',(57.4829475209131,3.02945042481358,0.));
#6646=CARTESIAN_POINT('Ctrl Pts',(57.6593934284592,3.31456812841114,0.));
#6647=CARTESIAN_POINT('Ctrl Pts',(58.0592222495546,3.96064871417375,0.));
#6648=CARTESIAN_POINT('Ctrl Pts',(58.0789952063244,4.72424863211817,0.));
#6649=CARTESIAN_POINT('Ctrl Pts',(58.0900422856236,5.1508691393369,0.));
#6650=CARTESIAN_POINT('',(58.0900422856236,5.1508691393369,3.));
#6651=CARTESIAN_POINT('Ctrl Pts',(58.0900422856236,5.1508691393369,3.));
#6652=CARTESIAN_POINT('Ctrl Pts',(58.0789952063244,4.72424863211817,3.));
#6653=CARTESIAN_POINT('Ctrl Pts',(58.0592222495546,3.96064871417375,3.));
#6654=CARTESIAN_POINT('Ctrl Pts',(57.6593934284592,3.31456812841114,3.));
#6655=CARTESIAN_POINT('Ctrl Pts',(57.4829475209131,3.02945042481358,3.));
#6656=CARTESIAN_POINT('',(58.0900422856236,5.1508691393369,0.));
#6657=CARTESIAN_POINT('Ctrl Pts',(57.4795333668624,7.18702221741612,0.));
#6658=CARTESIAN_POINT('Ctrl Pts',(57.4795333668624,7.18702221741612,3.));
#6659=CARTESIAN_POINT('Ctrl Pts',(57.6571175785746,6.90994505807421,0.));
#6660=CARTESIAN_POINT('Ctrl Pts',(57.6571175785746,6.90994505807421,3.));
#6661=CARTESIAN_POINT('Ctrl Pts',(58.0526834642796,6.2927602819786,0.));
#6662=CARTESIAN_POINT('Ctrl Pts',(58.0526834642796,6.2927602819786,3.));
#6663=CARTESIAN_POINT('Ctrl Pts',(58.0767694133153,5.55656114944479,0.));
#6664=CARTESIAN_POINT('Ctrl Pts',(58.0767694133153,5.55656114944479,3.));
#6665=CARTESIAN_POINT('Ctrl Pts',(58.0900422856236,5.1508691393369,0.));
#6666=CARTESIAN_POINT('Ctrl Pts',(58.0900422856236,5.1508691393369,3.));
#6667=CARTESIAN_POINT('',(57.4795333668624,7.18702221741612,0.));
#6668=CARTESIAN_POINT('Ctrl Pts',(58.0900422856236,5.1508691393369,0.));
#6669=CARTESIAN_POINT('Ctrl Pts',(58.0767694133153,5.55656114944479,0.));
#6670=CARTESIAN_POINT('Ctrl Pts',(58.0526834642796,6.2927602819786,0.));
#6671=CARTESIAN_POINT('Ctrl Pts',(57.6571175785746,6.90994505807421,0.));
#6672=CARTESIAN_POINT('Ctrl Pts',(57.4795333668624,7.18702221741612,0.));
#6673=CARTESIAN_POINT('',(57.4795333668624,7.18702221741612,3.));
#6674=CARTESIAN_POINT('Ctrl Pts',(57.4795333668624,7.18702221741612,3.));
#6675=CARTESIAN_POINT('Ctrl Pts',(57.6571175785746,6.90994505807421,3.));
#6676=CARTESIAN_POINT('Ctrl Pts',(58.0526834642796,6.2927602819786,3.));
#6677=CARTESIAN_POINT('Ctrl Pts',(58.0767694133153,5.55656114944479,3.));
#6678=CARTESIAN_POINT('Ctrl Pts',(58.0900422856236,5.1508691393369,3.));
#6679=CARTESIAN_POINT('',(57.4795333668624,7.18702221741612,0.));
#6680=CARTESIAN_POINT('Ctrl Pts',(55.9617988392748,7.87938261856969,0.));
#6681=CARTESIAN_POINT('Ctrl Pts',(55.9617988392748,7.87938261856969,3.));
#6682=CARTESIAN_POINT('Ctrl Pts',(56.2523444455135,7.84996618088645,0.));
#6683=CARTESIAN_POINT('Ctrl Pts',(56.2523444455135,7.84996618088645,3.));
#6684=CARTESIAN_POINT('Ctrl Pts',(56.8363321013951,7.79084005363431,0.));
#6685=CARTESIAN_POINT('Ctrl Pts',(56.8363321013951,7.79084005363431,3.));
#6686=CARTESIAN_POINT('Ctrl Pts',(57.2644251975318,7.38895924137963,0.));
#6687=CARTESIAN_POINT('Ctrl Pts',(57.2644251975318,7.38895924137963,3.));
#6688=CARTESIAN_POINT('Ctrl Pts',(57.4795333668624,7.18702221741612,0.));
#6689=CARTESIAN_POINT('Ctrl Pts',(57.4795333668624,7.18702221741612,3.));
#6690=CARTESIAN_POINT('',(55.9617988392748,7.87938261856969,0.));
#6691=CARTESIAN_POINT('Ctrl Pts',(57.4795333668624,7.18702221741612,0.));
#6692=CARTESIAN_POINT('Ctrl Pts',(57.2644251975318,7.38895924137963,0.));
#6693=CARTESIAN_POINT('Ctrl Pts',(56.8363321013951,7.79084005363431,0.));
#6694=CARTESIAN_POINT('Ctrl Pts',(56.2523444455135,7.84996618088645,0.));
#6695=CARTESIAN_POINT('Ctrl Pts',(55.9617988392748,7.87938261856969,0.));
#6696=CARTESIAN_POINT('',(55.9617988392748,7.87938261856969,3.));
#6697=CARTESIAN_POINT('Ctrl Pts',(55.9617988392748,7.87938261856969,3.));
#6698=CARTESIAN_POINT('Ctrl Pts',(56.2523444455135,7.84996618088645,3.));
#6699=CARTESIAN_POINT('Ctrl Pts',(56.8363321013951,7.79084005363431,3.));
#6700=CARTESIAN_POINT('Ctrl Pts',(57.2644251975318,7.38895924137963,3.));
#6701=CARTESIAN_POINT('Ctrl Pts',(57.4795333668624,7.18702221741612,3.));
#6702=CARTESIAN_POINT('',(55.9617988392748,7.87938261856969,0.));
#6703=CARTESIAN_POINT('Ctrl Pts',(54.4338313862715,7.19043279519017,0.));
#6704=CARTESIAN_POINT('Ctrl Pts',(54.4338313862715,7.19043279519017,3.));
#6705=CARTESIAN_POINT('Ctrl Pts',(54.6493946912617,7.39137660486612,0.));
#6706=CARTESIAN_POINT('Ctrl Pts',(54.6493946912617,7.39137660486612,3.));
#6707=CARTESIAN_POINT('Ctrl Pts',(55.0808712753432,7.79359046308874,0.));
#6708=CARTESIAN_POINT('Ctrl Pts',(55.0808712753432,7.79359046308874,3.));
#6709=CARTESIAN_POINT('Ctrl Pts',(55.6679975770211,7.85076977387758,0.));
#6710=CARTESIAN_POINT('Ctrl Pts',(55.6679975770211,7.85076977387758,3.));
#6711=CARTESIAN_POINT('Ctrl Pts',(55.9617988392748,7.87938261856969,0.));
#6712=CARTESIAN_POINT('Ctrl Pts',(55.9617988392748,7.87938261856969,3.));
#6713=CARTESIAN_POINT('',(54.4338313862715,7.19043279519017,0.));
#6714=CARTESIAN_POINT('Ctrl Pts',(55.9617988392748,7.87938261856969,0.));
#6715=CARTESIAN_POINT('Ctrl Pts',(55.6679975770211,7.85076977387758,0.));
#6716=CARTESIAN_POINT('Ctrl Pts',(55.0808712753432,7.79359046308874,0.));
#6717=CARTESIAN_POINT('Ctrl Pts',(54.6493946912617,7.39137660486612,0.));
#6718=CARTESIAN_POINT('Ctrl Pts',(54.4338313862715,7.19043279519017,0.));
#6719=CARTESIAN_POINT('',(54.4338313862715,7.19043279519017,3.));
#6720=CARTESIAN_POINT('Ctrl Pts',(54.4338313862715,7.19043279519017,3.));
#6721=CARTESIAN_POINT('Ctrl Pts',(54.6493946912617,7.39137660486612,3.));
#6722=CARTESIAN_POINT('Ctrl Pts',(55.0808712753432,7.79359046308874,3.));
#6723=CARTESIAN_POINT('Ctrl Pts',(55.6679975770211,7.85076977387758,3.));
#6724=CARTESIAN_POINT('Ctrl Pts',(55.9617988392748,7.87938261856969,3.));
#6725=CARTESIAN_POINT('',(54.4338313862715,7.19043279519017,0.));
#6726=CARTESIAN_POINT('Ctrl Pts',(53.8267366215611,5.10994161000188,0.));
#6727=CARTESIAN_POINT('Ctrl Pts',(53.8267366215611,5.10994161000188,3.));
#6728=CARTESIAN_POINT('Ctrl Pts',(53.8384591929026,5.52745293071615,0.));
#6729=CARTESIAN_POINT('Ctrl Pts',(53.8384591929026,5.52745293071615,3.));
#6730=CARTESIAN_POINT('Ctrl Pts',(53.8595301481837,6.27791646911127,0.));
#6731=CARTESIAN_POINT('Ctrl Pts',(53.8595301481837,6.27791646911127,3.));
#6732=CARTESIAN_POINT('Ctrl Pts',(54.257338779656,6.91000089936989,0.));
#6733=CARTESIAN_POINT('Ctrl Pts',(54.257338779656,6.91000089936989,3.));
#6734=CARTESIAN_POINT('Ctrl Pts',(54.4338313862715,7.19043279519017,0.));
#6735=CARTESIAN_POINT('Ctrl Pts',(54.4338313862715,7.19043279519017,3.));
#6736=CARTESIAN_POINT('Ctrl Pts',(54.4338313862715,7.19043279519017,0.));
#6737=CARTESIAN_POINT('Ctrl Pts',(54.257338779656,6.91000089936989,0.));
#6738=CARTESIAN_POINT('Ctrl Pts',(53.8595301481837,6.27791646911127,0.));
#6739=CARTESIAN_POINT('Ctrl Pts',(53.8384591929026,5.52745293071615,0.));
#6740=CARTESIAN_POINT('Ctrl Pts',(53.8267366215611,5.10994161000188,0.));
#6741=CARTESIAN_POINT('Ctrl Pts',(53.8267366215611,5.10994161000188,3.));
#6742=CARTESIAN_POINT('Ctrl Pts',(53.8384591929026,5.52745293071615,3.));
#6743=CARTESIAN_POINT('Ctrl Pts',(53.8595301481837,6.27791646911127,3.));
#6744=CARTESIAN_POINT('Ctrl Pts',(54.257338779656,6.91000089936989,3.));
#6745=CARTESIAN_POINT('Ctrl Pts',(54.4338313862715,7.19043279519017,3.));
#6746=CARTESIAN_POINT('Ctrl Pts',(53.6834899708667,8.09084201683934,0.));
#6747=CARTESIAN_POINT('Ctrl Pts',(53.6834899708667,8.09084201683934,3.));
#6748=CARTESIAN_POINT('Ctrl Pts',(53.3578614777819,7.69927685572711,0.));
#6749=CARTESIAN_POINT('Ctrl Pts',(53.3578614777819,7.69927685572711,3.));
#6750=CARTESIAN_POINT('Ctrl Pts',(52.6442513841582,6.84116751574274,0.));
#6751=CARTESIAN_POINT('Ctrl Pts',(52.6442513841582,6.84116751574274,3.));
#6752=CARTESIAN_POINT('Ctrl Pts',(52.5927837488625,5.71968095477279,0.));
#6753=CARTESIAN_POINT('Ctrl Pts',(52.5927837488625,5.71968095477279,3.));
#6754=CARTESIAN_POINT('Ctrl Pts',(52.5648013874913,5.10994161000188,0.));
#6755=CARTESIAN_POINT('Ctrl Pts',(52.5648013874913,5.10994161000188,3.));
#6756=CARTESIAN_POINT('',(52.5648013874913,5.10994161000188,3.));
#6757=CARTESIAN_POINT('',(52.5648013874913,5.10994161000188,0.));
#6758=CARTESIAN_POINT('',(53.6834899708667,8.09084201683934,3.));
#6759=CARTESIAN_POINT('Ctrl Pts',(53.6834899708667,8.09084201683934,3.));
#6760=CARTESIAN_POINT('Ctrl Pts',(53.3578614777819,7.69927685572711,3.));
#6761=CARTESIAN_POINT('Ctrl Pts',(52.6442513841582,6.84116751574274,3.));
#6762=CARTESIAN_POINT('Ctrl Pts',(52.5927837488625,5.71968095477279,3.));
#6763=CARTESIAN_POINT('Ctrl Pts',(52.5648013874913,5.10994161000188,3.));
#6764=CARTESIAN_POINT('',(53.6834899708667,8.09084201683934,0.));
#6765=CARTESIAN_POINT('Ctrl Pts',(55.9617988392753,8.89575327267583,0.));
#6766=CARTESIAN_POINT('Ctrl Pts',(55.9617988392753,8.89575327267583,3.));
#6767=CARTESIAN_POINT('Ctrl Pts',(55.5347889246605,8.8654901126033,0.));
#6768=CARTESIAN_POINT('Ctrl Pts',(55.5347889246605,8.8654901126033,3.));
#6769=CARTESIAN_POINT('Ctrl Pts',(54.7004251059057,8.80635685845278,0.));
#6770=CARTESIAN_POINT('Ctrl Pts',(54.7004251059057,8.80635685845278,3.));
#6771=CARTESIAN_POINT('Ctrl Pts',(54.0171024255151,8.32557150392589,0.));
#6772=CARTESIAN_POINT('Ctrl Pts',(54.0171024255151,8.32557150392589,3.));
#6773=CARTESIAN_POINT('Ctrl Pts',(53.6834899708667,8.09084201683934,0.));
#6774=CARTESIAN_POINT('Ctrl Pts',(53.6834899708667,8.09084201683934,3.));
#6775=CARTESIAN_POINT('',(55.9617988392753,8.89575327267583,3.));
#6776=CARTESIAN_POINT('Ctrl Pts',(55.9617988392753,8.89575327267583,3.));
#6777=CARTESIAN_POINT('Ctrl Pts',(55.5347889246605,8.8654901126033,3.));
#6778=CARTESIAN_POINT('Ctrl Pts',(54.7004251059057,8.80635685845278,3.));
#6779=CARTESIAN_POINT('Ctrl Pts',(54.0171024255151,8.32557150392589,3.));
#6780=CARTESIAN_POINT('Ctrl Pts',(53.6834899708667,8.09084201683934,3.));
#6781=CARTESIAN_POINT('',(55.9617988392753,8.89575327267583,0.));
#6782=CARTESIAN_POINT('Ctrl Pts',(58.4038202092089,7.91689957013066,0.));
#6783=CARTESIAN_POINT('Ctrl Pts',(58.4038202092089,7.91689957013066,3.));
#6784=CARTESIAN_POINT('Ctrl Pts',(58.0588781986073,8.20234525530143,0.));
#6785=CARTESIAN_POINT('Ctrl Pts',(58.0588781986073,8.20234525530143,3.));
#6786=CARTESIAN_POINT('Ctrl Pts',(57.3506557258189,8.78841202242507,0.));
#6787=CARTESIAN_POINT('Ctrl Pts',(57.3506557258189,8.78841202242507,3.));
#6788=CARTESIAN_POINT('Ctrl Pts',(56.4326744245732,8.85936048481687,0.));
#6789=CARTESIAN_POINT('Ctrl Pts',(56.4326744245732,8.85936048481687,3.));
#6790=CARTESIAN_POINT('Ctrl Pts',(55.9617988392753,8.89575327267583,0.));
#6791=CARTESIAN_POINT('Ctrl Pts',(55.9617988392753,8.89575327267583,3.));
#6792=CARTESIAN_POINT('',(58.4038202092089,7.91689957013066,3.));
#6793=CARTESIAN_POINT('Ctrl Pts',(58.4038202092089,7.91689957013066,3.));
#6794=CARTESIAN_POINT('Ctrl Pts',(58.0588781986073,8.20234525530143,3.));
#6795=CARTESIAN_POINT('Ctrl Pts',(57.3506557258189,8.78841202242507,3.));
#6796=CARTESIAN_POINT('Ctrl Pts',(56.4326744245732,8.85936048481687,3.));
#6797=CARTESIAN_POINT('Ctrl Pts',(55.9617988392753,8.89575327267583,3.));
#6798=CARTESIAN_POINT('',(58.4038202092089,7.91689957013066,0.));
#6799=CARTESIAN_POINT('Ctrl Pts',(59.3519775196935,5.21226073136265,0.));
#6800=CARTESIAN_POINT('Ctrl Pts',(59.3519775196935,5.21226073136265,3.));
#6801=CARTESIAN_POINT('Ctrl Pts',(59.3239344948466,5.74390162141575,0.));
#6802=CARTESIAN_POINT('Ctrl Pts',(59.3239344948466,5.74390162141575,3.));
#6803=CARTESIAN_POINT('Ctrl Pts',(59.2713027177485,6.74169715076382,0.));
#6804=CARTESIAN_POINT('Ctrl Pts',(59.2713027177485,6.74169715076382,3.));
#6805=CARTESIAN_POINT('Ctrl Pts',(58.680046138564,7.54268870446553,0.));
#6806=CARTESIAN_POINT('Ctrl Pts',(58.680046138564,7.54268870446553,3.));
#6807=CARTESIAN_POINT('Ctrl Pts',(58.4038202092089,7.91689957013066,0.));
#6808=CARTESIAN_POINT('Ctrl Pts',(58.4038202092089,7.91689957013066,3.));
#6809=CARTESIAN_POINT('',(59.3519775196935,5.21226073136265,3.));
#6810=CARTESIAN_POINT('Ctrl Pts',(59.3519775196935,5.21226073136265,3.));
#6811=CARTESIAN_POINT('Ctrl Pts',(59.3239344948466,5.74390162141575,3.));
#6812=CARTESIAN_POINT('Ctrl Pts',(59.2713027177485,6.74169715076382,3.));
#6813=CARTESIAN_POINT('Ctrl Pts',(58.680046138564,7.54268870446553,3.));
#6814=CARTESIAN_POINT('Ctrl Pts',(58.4038202092089,7.91689957013066,3.));
#6815=CARTESIAN_POINT('',(59.3519775196935,5.21226073136265,0.));
#6816=CARTESIAN_POINT('Ctrl Pts',(58.93247049302,3.01239753594334,0.));
#6817=CARTESIAN_POINT('Ctrl Pts',(58.93247049302,3.01239753594334,3.));
#6818=CARTESIAN_POINT('Ctrl Pts',(59.0544319803575,3.32580936015983,0.));
#6819=CARTESIAN_POINT('Ctrl Pts',(59.0544319803575,3.32580936015983,3.));
#6820=CARTESIAN_POINT('Ctrl Pts',(59.3290600265226,4.03153769136226,0.));
#6821=CARTESIAN_POINT('Ctrl Pts',(59.3290600265226,4.03153769136226,3.));
#6822=CARTESIAN_POINT('Ctrl Pts',(59.34378941065,4.79040442580866,0.));
#6823=CARTESIAN_POINT('Ctrl Pts',(59.34378941065,4.79040442580866,3.));
#6824=CARTESIAN_POINT('Ctrl Pts',(59.3519775196935,5.21226073136265,0.));
#6825=CARTESIAN_POINT('Ctrl Pts',(59.3519775196935,5.21226073136265,3.));
#6826=CARTESIAN_POINT('',(58.93247049302,3.01239753594334,3.));
#6827=CARTESIAN_POINT('Ctrl Pts',(58.93247049302,3.01239753594334,3.));
#6828=CARTESIAN_POINT('Ctrl Pts',(59.0544319803575,3.32580936015983,3.));
#6829=CARTESIAN_POINT('Ctrl Pts',(59.3290600265226,4.03153769136226,3.));
#6830=CARTESIAN_POINT('Ctrl Pts',(59.34378941065,4.79040442580866,3.));
#6831=CARTESIAN_POINT('Ctrl Pts',(59.3519775196935,5.21226073136265,3.));
#6832=CARTESIAN_POINT('',(58.93247049302,3.01239753594334,0.));
#6833=CARTESIAN_POINT('Ctrl Pts',(57.7114574238666,1.76751280655797,0.));
#6834=CARTESIAN_POINT('Ctrl Pts',(57.7114574238666,1.76751280655797,3.));
#6835=CARTESIAN_POINT('Ctrl Pts',(57.9624752959036,1.92978373165649,0.));
#6836=CARTESIAN_POINT('Ctrl Pts',(57.9624752959036,1.92978373165649,3.));
#6837=CARTESIAN_POINT('Ctrl Pts',(58.4628528843445,2.25325366435871,0.));
#6838=CARTESIAN_POINT('Ctrl Pts',(58.4628528843445,2.25325366435871,3.));
#6839=CARTESIAN_POINT('Ctrl Pts',(58.7762774998731,2.75990923196696,0.));
#6840=CARTESIAN_POINT('Ctrl Pts',(58.7762774998731,2.75990923196696,3.));
#6841=CARTESIAN_POINT('Ctrl Pts',(58.93247049302,3.01239753594334,0.));
#6842=CARTESIAN_POINT('Ctrl Pts',(58.93247049302,3.01239753594334,3.));
#6843=CARTESIAN_POINT('',(57.7114574238666,1.76751280655797,3.));
#6844=CARTESIAN_POINT('Ctrl Pts',(57.7114574238666,1.76751280655797,3.));
#6845=CARTESIAN_POINT('Ctrl Pts',(57.9624752959036,1.92978373165649,3.));
#6846=CARTESIAN_POINT('Ctrl Pts',(58.4628528843445,2.25325366435871,3.));
#6847=CARTESIAN_POINT('Ctrl Pts',(58.7762774998731,2.75990923196696,3.));
#6848=CARTESIAN_POINT('Ctrl Pts',(58.93247049302,3.01239753594334,3.));
#6849=CARTESIAN_POINT('',(57.7114574238666,1.76751280655797,0.));
#6850=CARTESIAN_POINT('Ctrl Pts',(55.9617988392717,1.32412935128148,0.));
#6851=CARTESIAN_POINT('Ctrl Pts',(55.9617988392717,1.32412935128148,3.));
#6852=CARTESIAN_POINT('Ctrl Pts',(56.27050735564,1.34192490739757,0.));
#6853=CARTESIAN_POINT('Ctrl Pts',(56.27050735564,1.34192490739757,3.));
#6854=CARTESIAN_POINT('Ctrl Pts',(56.8823815034559,1.37719649906451,0.));
#6855=CARTESIAN_POINT('Ctrl Pts',(56.8823815034559,1.37719649906451,3.));
#6856=CARTESIAN_POINT('Ctrl Pts',(57.4367728356932,1.63819548887721,0.));
#6857=CARTESIAN_POINT('Ctrl Pts',(57.4367728356932,1.63819548887721,3.));
#6858=CARTESIAN_POINT('Ctrl Pts',(57.7114574238666,1.76751280655797,0.));
#6859=CARTESIAN_POINT('Ctrl Pts',(57.7114574238666,1.76751280655797,3.));
#6860=CARTESIAN_POINT('',(55.9617988392717,1.32412935128148,3.));
#6861=CARTESIAN_POINT('Ctrl Pts',(55.9617988392717,1.32412935128148,3.));
#6862=CARTESIAN_POINT('Ctrl Pts',(56.27050735564,1.34192490739757,3.));
#6863=CARTESIAN_POINT('Ctrl Pts',(56.8823815034559,1.37719649906451,3.));
#6864=CARTESIAN_POINT('Ctrl Pts',(57.4367728356932,1.63819548887721,3.));
#6865=CARTESIAN_POINT('Ctrl Pts',(57.7114574238666,1.76751280655797,3.));
#6866=CARTESIAN_POINT('',(55.9617988392717,1.32412935128148,0.));
#6867=CARTESIAN_POINT('Ctrl Pts',(53.5027257725607,2.29957366814549,0.));
#6868=CARTESIAN_POINT('Ctrl Pts',(53.5027257725607,2.29957366814549,3.));
#6869=CARTESIAN_POINT('Ctrl Pts',(53.8475534758426,2.01515504505408,0.));
#6870=CARTESIAN_POINT('Ctrl Pts',(53.8475534758426,2.01515504505408,3.));
#6871=CARTESIAN_POINT('Ctrl Pts',(54.5607418620805,1.42690747420056,0.));
#6872=CARTESIAN_POINT('Ctrl Pts',(54.5607418620805,1.42690747420056,3.));
#6873=CARTESIAN_POINT('Ctrl Pts',(55.48461817343,1.35913416116923,0.));
#6874=CARTESIAN_POINT('Ctrl Pts',(55.48461817343,1.35913416116923,3.));
#6875=CARTESIAN_POINT('Ctrl Pts',(55.9617988392717,1.32412935128148,0.));
#6876=CARTESIAN_POINT('Ctrl Pts',(55.9617988392717,1.32412935128148,3.));
#6877=CARTESIAN_POINT('',(53.5027257725607,2.29957366814549,3.));
#6878=CARTESIAN_POINT('Ctrl Pts',(53.5027257725607,2.29957366814549,3.));
#6879=CARTESIAN_POINT('Ctrl Pts',(53.8475534758426,2.01515504505408,3.));
#6880=CARTESIAN_POINT('Ctrl Pts',(54.5607418620805,1.42690747420056,3.));
#6881=CARTESIAN_POINT('Ctrl Pts',(55.48461817343,1.35913416116923,3.));
#6882=CARTESIAN_POINT('Ctrl Pts',(55.9617988392717,1.32412935128148,3.));
#6883=CARTESIAN_POINT('',(53.5027257725607,2.29957366814549,0.));
#6884=CARTESIAN_POINT('Ctrl Pts',(52.5648013874913,5.10994161000188,0.));
#6885=CARTESIAN_POINT('Ctrl Pts',(52.5648013874913,5.10994161000188,3.));
#6886=CARTESIAN_POINT('Ctrl Pts',(52.5888999741528,4.55087600137244,0.));
#6887=CARTESIAN_POINT('Ctrl Pts',(52.5888999741528,4.55087600137244,3.));
#6888=CARTESIAN_POINT('Ctrl Pts',(52.6333533909316,3.51959658004893,0.));
#6889=CARTESIAN_POINT('Ctrl Pts',(52.6333533909316,3.51959658004893,3.));
#6890=CARTESIAN_POINT('Ctrl Pts',(53.2296752275423,2.68275575222085,0.));
#6891=CARTESIAN_POINT('Ctrl Pts',(53.2296752275423,2.68275575222085,3.));
#6892=CARTESIAN_POINT('Ctrl Pts',(53.5027257725607,2.29957366814549,0.));
#6893=CARTESIAN_POINT('Ctrl Pts',(53.5027257725607,2.29957366814549,3.));
#6894=CARTESIAN_POINT('Ctrl Pts',(52.5648013874913,5.10994161000188,3.));
#6895=CARTESIAN_POINT('Ctrl Pts',(52.5888999741528,4.55087600137244,3.));
#6896=CARTESIAN_POINT('Ctrl Pts',(52.6333533909316,3.51959658004893,3.));
#6897=CARTESIAN_POINT('Ctrl Pts',(53.2296752275423,2.68275575222085,3.));
#6898=CARTESIAN_POINT('Ctrl Pts',(53.5027257725607,2.29957366814549,3.));
#6899=CARTESIAN_POINT('Origin',(33.315143194055,6.40598500599797,3.));
#6900=CARTESIAN_POINT('Origin',(34.9877501126232,5.,0.));
#6901=CARTESIAN_POINT('Origin',(31.568893603986,11.4878406607145,0.));
#6902=CARTESIAN_POINT('',(34.2223731800921,1.48784066071446,3.));
#6903=CARTESIAN_POINT('',(34.2223731800921,1.48784066071446,0.));
#6904=CARTESIAN_POINT('',(31.568893603986,11.4878406607145,3.));
#6905=CARTESIAN_POINT('',(34.2223731800921,1.48784066071446,3.));
#6906=CARTESIAN_POINT('',(31.568893603986,11.4878406607145,0.));
#6907=CARTESIAN_POINT('Origin',(32.9263297841007,11.4878406607145,0.));
#6908=CARTESIAN_POINT('',(32.9263297841007,11.4878406607145,3.));
#6909=CARTESIAN_POINT('',(31.568893603986,11.4878406607145,3.));
#6910=CARTESIAN_POINT('',(32.9263297841007,11.4878406607145,0.));
#6911=CARTESIAN_POINT('Origin',(34.4474736973667,4.93258858551915,0.));
#6912=CARTESIAN_POINT('',(34.4474736973667,4.93258858551915,3.));
#6913=CARTESIAN_POINT('',(32.9263297841007,11.4878406607145,3.));
#6914=CARTESIAN_POINT('',(34.4474736973667,4.93258858551915,0.));
#6915=CARTESIAN_POINT('Ctrl Pts',(34.8703948780908,2.88620377411778,0.));
#6916=CARTESIAN_POINT('Ctrl Pts',(34.8703948780908,2.88620377411778,3.));
#6917=CARTESIAN_POINT('Ctrl Pts',(34.808172269958,3.22666389371788,0.));
#6918=CARTESIAN_POINT('Ctrl Pts',(34.808172269958,3.22666389371788,3.));
#6919=CARTESIAN_POINT('Ctrl Pts',(34.6829130259815,3.91203820484022,0.));
#6920=CARTESIAN_POINT('Ctrl Pts',(34.6829130259815,3.91203820484022,3.));
#6921=CARTESIAN_POINT('Ctrl Pts',(34.5262927519065,4.59093446771034,0.));
#6922=CARTESIAN_POINT('Ctrl Pts',(34.5262927519065,4.59093446771034,3.));
#6923=CARTESIAN_POINT('Ctrl Pts',(34.4474736973667,4.93258858551915,0.));
#6924=CARTESIAN_POINT('Ctrl Pts',(34.4474736973667,4.93258858551915,3.));
#6925=CARTESIAN_POINT('',(34.8703948780908,2.88620377411778,3.));
#6926=CARTESIAN_POINT('Ctrl Pts',(34.8703948780908,2.88620377411778,3.));
#6927=CARTESIAN_POINT('Ctrl Pts',(34.808172269958,3.22666389371788,3.));
#6928=CARTESIAN_POINT('Ctrl Pts',(34.6829130259815,3.91203820484022,3.));
#6929=CARTESIAN_POINT('Ctrl Pts',(34.5262927519065,4.59093446771034,3.));
#6930=CARTESIAN_POINT('Ctrl Pts',(34.4474736973667,4.93258858551915,3.));
#6931=CARTESIAN_POINT('',(34.8703948780908,2.88620377411778,0.));
#6932=CARTESIAN_POINT('Ctrl Pts',(35.3205982968234,4.73477149834569,0.));
#6933=CARTESIAN_POINT('Ctrl Pts',(35.3205982968234,4.73477149834569,3.));
#6934=CARTESIAN_POINT('Ctrl Pts',(35.2714062859303,4.53987183489037,0.));
#6935=CARTESIAN_POINT('Ctrl Pts',(35.2714062859303,4.53987183489037,3.));
#6936=CARTESIAN_POINT('Ctrl Pts',(35.1162005396139,3.92494377697509,0.));
#6937=CARTESIAN_POINT('Ctrl Pts',(35.1162005396139,3.92494377697509,3.));
#6938=CARTESIAN_POINT('Ctrl Pts',(34.9701530438781,3.30776769080256,0.));
#6939=CARTESIAN_POINT('Ctrl Pts',(34.9701530438781,3.30776769080256,3.));
#6940=CARTESIAN_POINT('Ctrl Pts',(34.8703948780908,2.88620377411778,0.));
#6941=CARTESIAN_POINT('Ctrl Pts',(34.8703948780908,2.88620377411778,3.));
#6942=CARTESIAN_POINT('',(35.3205982968234,4.73477149834569,3.));
#6943=CARTESIAN_POINT('Ctrl Pts',(35.3205982968234,4.73477149834569,3.));
#6944=CARTESIAN_POINT('Ctrl Pts',(35.2714062859303,4.53987183489037,3.));
#6945=CARTESIAN_POINT('Ctrl Pts',(35.1162005396139,3.92494377697509,3.));
#6946=CARTESIAN_POINT('Ctrl Pts',(34.9701530438781,3.30776769080256,3.));
#6947=CARTESIAN_POINT('Ctrl Pts',(34.8703948780908,2.88620377411778,3.));
#6948=CARTESIAN_POINT('',(35.3205982968234,4.73477149834569,0.));
#6949=CARTESIAN_POINT('Origin',(37.2237364575321,11.4878406607145,0.));
#6950=CARTESIAN_POINT('',(37.2237364575321,11.4878406607145,3.));
#6951=CARTESIAN_POINT('',(35.3205982968234,4.73477149834569,3.));
#6952=CARTESIAN_POINT('',(37.2237364575321,11.4878406607145,0.));
#6953=CARTESIAN_POINT('Origin',(38.8199178502018,11.4878406607145,0.));
#6954=CARTESIAN_POINT('',(38.8199178502018,11.4878406607145,3.));
#6955=CARTESIAN_POINT('',(37.2237364575321,11.4878406607145,3.));
#6956=CARTESIAN_POINT('',(38.8199178502018,11.4878406607145,0.));
#6957=CARTESIAN_POINT('Origin',(40.2523843571574,6.4264490686887,0.));
#6958=CARTESIAN_POINT('',(40.2523843571574,6.4264490686887,3.));
#6959=CARTESIAN_POINT('',(38.8199178502018,11.4878406607145,3.));
#6960=CARTESIAN_POINT('',(40.2523843571574,6.4264490686887,0.));
#6961=CARTESIAN_POINT('Ctrl Pts',(41.0300103947534,2.88620377411778,0.));
#6962=CARTESIAN_POINT('Ctrl Pts',(41.0300103947534,2.88620377411778,3.));
#6963=CARTESIAN_POINT('Ctrl Pts',(40.9346341560689,3.45949769651374,0.));
#6964=CARTESIAN_POINT('Ctrl Pts',(40.9346341560689,3.45949769651374,3.));
#6965=CARTESIAN_POINT('Ctrl Pts',(40.7361060383408,4.65282388433658,0.));
#6966=CARTESIAN_POINT('Ctrl Pts',(40.7361060383408,4.65282388433658,3.));
#6967=CARTESIAN_POINT('Ctrl Pts',(40.4177808066474,5.82000259413689,0.));
#6968=CARTESIAN_POINT('Ctrl Pts',(40.4177808066474,5.82000259413689,3.));
#6969=CARTESIAN_POINT('Ctrl Pts',(40.2523843571574,6.4264490686887,0.));
#6970=CARTESIAN_POINT('Ctrl Pts',(40.2523843571574,6.4264490686887,3.));
#6971=CARTESIAN_POINT('',(41.0300103947534,2.88620377411778,3.));
#6972=CARTESIAN_POINT('Ctrl Pts',(41.0300103947534,2.88620377411778,3.));
#6973=CARTESIAN_POINT('Ctrl Pts',(40.9346341560689,3.45949769651374,3.));
#6974=CARTESIAN_POINT('Ctrl Pts',(40.7361060383408,4.65282388433658,3.));
#6975=CARTESIAN_POINT('Ctrl Pts',(40.4177808066474,5.82000259413689,3.));
#6976=CARTESIAN_POINT('Ctrl Pts',(40.2523843571574,6.4264490686887,3.));
#6977=CARTESIAN_POINT('',(41.0300103947534,2.88620377411778,0.));
#6978=CARTESIAN_POINT('Ctrl Pts',(41.5279666706944,5.06219292511876,0.));
#6979=CARTESIAN_POINT('Ctrl Pts',(41.5279666706944,5.06219292511876,3.));
#6980=CARTESIAN_POINT('Ctrl Pts',(41.4329585409713,4.67675867389263,0.));
#6981=CARTESIAN_POINT('Ctrl Pts',(41.4329585409713,4.67675867389263,3.));
#6982=CARTESIAN_POINT('Ctrl Pts',(41.2548489370347,3.95419375203132,0.));
#6983=CARTESIAN_POINT('Ctrl Pts',(41.2548489370347,3.95419375203132,3.));
#6984=CARTESIAN_POINT('Ctrl Pts',(41.1015403407876,3.22597321360126,0.));
#6985=CARTESIAN_POINT('Ctrl Pts',(41.1015403407876,3.22597321360126,3.));
#6986=CARTESIAN_POINT('Ctrl Pts',(41.0300103947534,2.88620377411778,0.));
#6987=CARTESIAN_POINT('Ctrl Pts',(41.0300103947534,2.88620377411778,3.));
#6988=CARTESIAN_POINT('',(41.5279666706944,5.06219292511876,3.));
#6989=CARTESIAN_POINT('Ctrl Pts',(41.5279666706944,5.06219292511876,3.));
#6990=CARTESIAN_POINT('Ctrl Pts',(41.4329585409713,4.67675867389263,3.));
#6991=CARTESIAN_POINT('Ctrl Pts',(41.2548489370347,3.95419375203132,3.));
#6992=CARTESIAN_POINT('Ctrl Pts',(41.1015403407876,3.22597321360126,3.));
#6993=CARTESIAN_POINT('Ctrl Pts',(41.0300103947534,2.88620377411778,3.));
#6994=CARTESIAN_POINT('',(41.5279666706944,5.06219292511876,0.));
#6995=CARTESIAN_POINT('Origin',(43.0968610569889,11.4878406607145,0.));
#6996=CARTESIAN_POINT('',(43.0968610569889,11.4878406607145,3.));
#6997=CARTESIAN_POINT('',(41.5279666706944,5.06219292511876,3.));
#6998=CARTESIAN_POINT('',(43.0968610569889,11.4878406607145,0.));
#6999=CARTESIAN_POINT('Origin',(44.4270126149113,11.4878406607145,0.));
#7000=CARTESIAN_POINT('',(44.4270126149113,11.4878406607145,3.));
#7001=CARTESIAN_POINT('',(43.0968610569889,11.4878406607145,3.));
#7002=CARTESIAN_POINT('',(44.4270126149113,11.4878406607145,0.));
#7003=CARTESIAN_POINT('Origin',(41.6848556324847,1.48784066071446,0.));
#7004=CARTESIAN_POINT('',(41.6848556324847,1.48784066071446,3.));
#7005=CARTESIAN_POINT('',(44.4270126149113,11.4878406607145,3.));
#7006=CARTESIAN_POINT('',(41.6848556324847,1.48784066071446,0.));
#7007=CARTESIAN_POINT('Origin',(40.4092733189471,1.48784066071446,0.));
#7008=CARTESIAN_POINT('',(40.4092733189471,1.48784066071446,3.));
#7009=CARTESIAN_POINT('',(41.6848556324847,1.48784066071446,3.));
#7010=CARTESIAN_POINT('',(40.4092733189471,1.48784066071446,0.));
#7011=CARTESIAN_POINT('Origin',(38.3015004918022,9.10721326699193,0.));
#7012=CARTESIAN_POINT('',(38.3015004918022,9.10721326699193,3.));
#7013=CARTESIAN_POINT('',(40.4092733189471,1.48784066071446,3.));
#7014=CARTESIAN_POINT('',(38.3015004918022,9.10721326699193,0.));
#7015=CARTESIAN_POINT('Ctrl Pts',(37.987720184033,10.2804734789365,0.));
#7016=CARTESIAN_POINT('Ctrl Pts',(37.987720184033,10.2804734789365,3.));
#7017=CARTESIAN_POINT('Ctrl Pts',(38.0213969791761,10.1462081280205,0.));
#7018=CARTESIAN_POINT('Ctrl Pts',(38.0213969791761,10.1462081280205,3.));
#7019=CARTESIAN_POINT('Ctrl Pts',(38.1198944618721,9.75351045526649,0.));
#7020=CARTESIAN_POINT('Ctrl Pts',(38.1198944618721,9.75351045526649,3.));
#7021=CARTESIAN_POINT('Ctrl Pts',(38.2294213856876,9.36372745670886,0.));
#7022=CARTESIAN_POINT('Ctrl Pts',(38.2294213856876,9.36372745670886,3.));
#7023=CARTESIAN_POINT('Ctrl Pts',(38.3015004918022,9.10721326699193,0.));
#7024=CARTESIAN_POINT('Ctrl Pts',(38.3015004918022,9.10721326699193,3.));
#7025=CARTESIAN_POINT('',(37.987720184033,10.2804734789365,3.));
#7026=CARTESIAN_POINT('Ctrl Pts',(37.987720184033,10.2804734789365,3.));
#7027=CARTESIAN_POINT('Ctrl Pts',(38.0213969791761,10.1462081280205,3.));
#7028=CARTESIAN_POINT('Ctrl Pts',(38.1198944618721,9.75351045526649,3.));
#7029=CARTESIAN_POINT('Ctrl Pts',(38.2294213856876,9.36372745670886,3.));
#7030=CARTESIAN_POINT('Ctrl Pts',(38.3015004918022,9.10721326699193,3.));
#7031=CARTESIAN_POINT('',(37.987720184033,10.2804734789365,0.));
#7032=CARTESIAN_POINT('Ctrl Pts',(37.6944057270928,9.10721326699193,0.));
#7033=CARTESIAN_POINT('Ctrl Pts',(37.6944057270928,9.10721326699193,3.));
#7034=CARTESIAN_POINT('Ctrl Pts',(37.7426020422231,9.28544820844545,0.));
#7035=CARTESIAN_POINT('Ctrl Pts',(37.7426020422231,9.28544820844545,3.));
#7036=CARTESIAN_POINT('Ctrl Pts',(37.8478478578505,9.67465808343027,0.));
#7037=CARTESIAN_POINT('Ctrl Pts',(37.8478478578505,9.67465808343027,3.));
#7038=CARTESIAN_POINT('Ctrl Pts',(37.9385527371058,10.0675193005141,0.));
#7039=CARTESIAN_POINT('Ctrl Pts',(37.9385527371058,10.0675193005141,3.));
#7040=CARTESIAN_POINT('Ctrl Pts',(37.987720184033,10.2804734789365,0.));
#7041=CARTESIAN_POINT('Ctrl Pts',(37.987720184033,10.2804734789365,3.));
#7042=CARTESIAN_POINT('',(37.6944057270928,9.10721326699193,3.));
#7043=CARTESIAN_POINT('Ctrl Pts',(37.6944057270928,9.10721326699193,3.));
#7044=CARTESIAN_POINT('Ctrl Pts',(37.7426020422231,9.28544820844545,3.));
#7045=CARTESIAN_POINT('Ctrl Pts',(37.8478478578505,9.67465808343027,3.));
#7046=CARTESIAN_POINT('Ctrl Pts',(37.9385527371058,10.0675193005141,3.));
#7047=CARTESIAN_POINT('Ctrl Pts',(37.987720184033,10.2804734789365,3.));
#7048=CARTESIAN_POINT('',(37.6944057270928,9.10721326699193,0.));
#7049=CARTESIAN_POINT('Origin',(35.5729858204729,1.48784066071446,0.));
#7050=CARTESIAN_POINT('',(35.5729858204729,1.48784066071446,3.));
#7051=CARTESIAN_POINT('',(37.6944057270928,9.10721326699193,3.));
#7052=CARTESIAN_POINT('',(35.5729858204729,1.48784066071446,0.));
#7053=CARTESIAN_POINT('Origin',(34.2223731800921,1.48784066071446,0.));
#7054=CARTESIAN_POINT('',(35.5729858204729,1.48784066071446,3.));
#7055=CARTESIAN_POINT('Origin',(33.315143194055,6.40598500599797,3.));
#7056=CARTESIAN_POINT('Origin',(31.2960449978716,1.50148297181065,0.));
#7057=CARTESIAN_POINT('',(31.1186901852501,2.58606696953709,3.));
#7058=CARTESIAN_POINT('',(31.1186901852501,2.58606696953709,0.));
#7059=CARTESIAN_POINT('',(31.2960449978716,1.50148297181065,3.));
#7060=CARTESIAN_POINT('',(31.1186901852501,2.58606696953709,3.));
#7061=CARTESIAN_POINT('',(31.2960449978716,1.50148297181065,0.));
#7062=CARTESIAN_POINT('Ctrl Pts',(30.3683487698442,1.39234329094823,0.));
#7063=CARTESIAN_POINT('Ctrl Pts',(30.3683487698442,1.39234329094823,3.));
#7064=CARTESIAN_POINT('Ctrl Pts',(30.5142674199778,1.39795987293769,0.));
#7065=CARTESIAN_POINT('Ctrl Pts',(30.5142674199778,1.39795987293769,3.));
#7066=CARTESIAN_POINT('Ctrl Pts',(30.8262844071342,1.40996977701005,0.));
#7067=CARTESIAN_POINT('Ctrl Pts',(30.8262844071342,1.40996977701005,3.));
#7068=CARTESIAN_POINT('Ctrl Pts',(31.1328491140034,1.46969108248328,0.));
#7069=CARTESIAN_POINT('Ctrl Pts',(31.1328491140034,1.46969108248328,3.));
#7070=CARTESIAN_POINT('Ctrl Pts',(31.2960449978716,1.50148297181065,0.));
#7071=CARTESIAN_POINT('Ctrl Pts',(31.2960449978716,1.50148297181065,3.));
#7072=CARTESIAN_POINT('',(30.3683487698442,1.39234329094823,3.));
#7073=CARTESIAN_POINT('Ctrl Pts',(30.3683487698442,1.39234329094823,3.));
#7074=CARTESIAN_POINT('Ctrl Pts',(30.5142674199778,1.39795987293769,3.));
#7075=CARTESIAN_POINT('Ctrl Pts',(30.8262844071342,1.40996977701005,3.));
#7076=CARTESIAN_POINT('Ctrl Pts',(31.1328491140034,1.46969108248328,3.));
#7077=CARTESIAN_POINT('Ctrl Pts',(31.2960449978716,1.50148297181065,3.));
#7078=CARTESIAN_POINT('',(30.3683487698442,1.39234329094823,0.));
#7079=CARTESIAN_POINT('Ctrl Pts',(29.3315140530475,1.60380268921788,0.));
#7080=CARTESIAN_POINT('Ctrl Pts',(29.3315140530475,1.60380268921788,3.));
#7081=CARTESIAN_POINT('Ctrl Pts',(29.4774214877437,1.54234318124616,0.));
#7082=CARTESIAN_POINT('Ctrl Pts',(29.4774214877437,1.54234318124616,3.));
#7083=CARTESIAN_POINT('Ctrl Pts',(29.8079382663208,1.40312204676432,0.));
#7084=CARTESIAN_POINT('Ctrl Pts',(29.8079382663208,1.40312204676432,3.));
#7085=CARTESIAN_POINT('Ctrl Pts',(30.167510546254,1.39620614890147,0.));
#7086=CARTESIAN_POINT('Ctrl Pts',(30.167510546254,1.39620614890147,3.));
#7087=CARTESIAN_POINT('Ctrl Pts',(30.3683487698442,1.39234329094823,0.));
#7088=CARTESIAN_POINT('Ctrl Pts',(30.3683487698442,1.39234329094823,3.));
#7089=CARTESIAN_POINT('',(29.3315140530475,1.60380268921788,3.));
#7090=CARTESIAN_POINT('Ctrl Pts',(29.3315140530475,1.60380268921788,3.));
#7091=CARTESIAN_POINT('Ctrl Pts',(29.4774214877437,1.54234318124616,3.));
#7092=CARTESIAN_POINT('Ctrl Pts',(29.8079382663208,1.40312204676432,3.));
#7093=CARTESIAN_POINT('Ctrl Pts',(30.167510546254,1.39620614890147,3.));
#7094=CARTESIAN_POINT('Ctrl Pts',(30.3683487698442,1.39234329094823,3.));
#7095=CARTESIAN_POINT('',(29.3315140530475,1.60380268921788,0.));
#7096=CARTESIAN_POINT('Ctrl Pts',(28.8130966946493,2.15973640313084,0.));
#7097=CARTESIAN_POINT('Ctrl Pts',(28.8130966946493,2.15973640313084,3.));
#7098=CARTESIAN_POINT('Ctrl Pts',(28.8741325392433,2.04937626473423,0.));
#7099=CARTESIAN_POINT('Ctrl Pts',(28.8741325392433,2.04937626473423,3.));
#7100=CARTESIAN_POINT('Ctrl Pts',(29.0003746565674,1.82111535293679,0.));
#7101=CARTESIAN_POINT('Ctrl Pts',(29.0003746565674,1.82111535293679,3.));
#7102=CARTESIAN_POINT('Ctrl Pts',(29.2187297888788,1.67781819185093,0.));
#7103=CARTESIAN_POINT('Ctrl Pts',(29.2187297888788,1.67781819185093,3.));
#7104=CARTESIAN_POINT('Ctrl Pts',(29.3315140530475,1.60380268921788,0.));
#7105=CARTESIAN_POINT('Ctrl Pts',(29.3315140530475,1.60380268921788,3.));
#7106=CARTESIAN_POINT('',(28.8130966946493,2.15973640313084,3.));
#7107=CARTESIAN_POINT('Ctrl Pts',(28.8130966946493,2.15973640313084,3.));
#7108=CARTESIAN_POINT('Ctrl Pts',(28.8741325392433,2.04937626473423,3.));
#7109=CARTESIAN_POINT('Ctrl Pts',(29.0003746565674,1.82111535293679,3.));
#7110=CARTESIAN_POINT('Ctrl Pts',(29.2187297888788,1.67781819185093,3.));
#7111=CARTESIAN_POINT('Ctrl Pts',(29.3315140530475,1.60380268921788,3.));
#7112=CARTESIAN_POINT('',(28.8130966946493,2.15973640313084,0.));
#7113=CARTESIAN_POINT('Ctrl Pts',(28.6630288884061,3.60925937523778,0.));
#7114=CARTESIAN_POINT('Ctrl Pts',(28.6630288884061,3.60925937523778,3.));
#7115=CARTESIAN_POINT('Ctrl Pts',(28.6597600954561,3.30232104037512,0.));
#7116=CARTESIAN_POINT('Ctrl Pts',(28.6597600954561,3.30232104037512,3.));
#7117=CARTESIAN_POINT('Ctrl Pts',(28.6545409776252,2.812247988653,0.));
#7118=CARTESIAN_POINT('Ctrl Pts',(28.6545409776252,2.812247988653,3.));
#7119=CARTESIAN_POINT('Ctrl Pts',(28.7699643101184,2.33724107559459,0.));
#7120=CARTESIAN_POINT('Ctrl Pts',(28.7699643101184,2.33724107559459,3.));
#7121=CARTESIAN_POINT('Ctrl Pts',(28.8130966946493,2.15973640313084,0.));
#7122=CARTESIAN_POINT('Ctrl Pts',(28.8130966946493,2.15973640313084,3.));
#7123=CARTESIAN_POINT('',(28.6630288884061,3.60925937523778,3.));
#7124=CARTESIAN_POINT('Ctrl Pts',(28.6630288884061,3.60925937523778,3.));
#7125=CARTESIAN_POINT('Ctrl Pts',(28.6597600954561,3.30232104037512,3.));
#7126=CARTESIAN_POINT('Ctrl Pts',(28.6545409776252,2.812247988653,3.));
#7127=CARTESIAN_POINT('Ctrl Pts',(28.7699643101184,2.33724107559459,3.));
#7128=CARTESIAN_POINT('Ctrl Pts',(28.8130966946493,2.15973640313084,3.));
#7129=CARTESIAN_POINT('',(28.6630288884061,3.60925937523778,0.));
#7130=CARTESIAN_POINT('Origin',(28.663028888408,7.77706290116246,0.));
#7131=CARTESIAN_POINT('',(28.663028888408,7.77706290116246,3.));
#7132=CARTESIAN_POINT('',(28.6630288884061,3.60925937523778,3.));
#7133=CARTESIAN_POINT('',(28.663028888408,7.77706290116246,0.));
#7134=CARTESIAN_POINT('Origin',(27.7626196667589,7.77706290116246,0.));
#7135=CARTESIAN_POINT('',(27.7626196667589,7.77706290116246,3.));
#7136=CARTESIAN_POINT('',(28.663028888408,7.77706290116246,3.));
#7137=CARTESIAN_POINT('',(27.7626196667589,7.77706290116246,0.));
#7138=CARTESIAN_POINT('Origin',(27.7626196667593,8.73204255928929,0.));
#7139=CARTESIAN_POINT('',(27.7626196667593,8.73204255928929,3.));
#7140=CARTESIAN_POINT('',(27.7626196667589,7.77706290116246,3.));
#7141=CARTESIAN_POINT('',(27.7626196667593,8.73204255928929,0.));
#7142=CARTESIAN_POINT('Origin',(28.6630288884085,8.73204255928929,0.));
#7143=CARTESIAN_POINT('',(28.6630288884085,8.73204255928929,3.));
#7144=CARTESIAN_POINT('',(27.7626196667593,8.73204255928929,3.));
#7145=CARTESIAN_POINT('',(28.6630288884085,8.73204255928929,0.));
#7146=CARTESIAN_POINT('Origin',(28.6630288884093,10.5260398470395,0.));
#7147=CARTESIAN_POINT('',(28.6630288884093,10.5260398470395,3.));
#7148=CARTESIAN_POINT('',(28.6630288884085,8.73204255928929,3.));
#7149=CARTESIAN_POINT('',(28.6630288884093,10.5260398470395,0.));
#7150=CARTESIAN_POINT('Origin',(29.8840395733767,11.2627383553022,0.));
#7151=CARTESIAN_POINT('',(29.8840395733767,11.2627383553022,3.));
#7152=CARTESIAN_POINT('',(28.6630288884094,10.5260398470395,3.));
#7153=CARTESIAN_POINT('',(29.8840395733767,11.2627383553022,0.));
#7154=CARTESIAN_POINT('Origin',(29.8840395733755,8.73204255928929,0.));
#7155=CARTESIAN_POINT('',(29.8840395733755,8.73204255928929,3.));
#7156=CARTESIAN_POINT('',(29.8840395733767,11.2627383553022,3.));
#7157=CARTESIAN_POINT('',(29.8840395733755,8.73204255928929,0.));
#7158=CARTESIAN_POINT('Origin',(31.118690185253,8.73204255928929,0.));
#7159=CARTESIAN_POINT('',(31.118690185253,8.73204255928929,3.));
#7160=CARTESIAN_POINT('',(29.8840395733755,8.73204255928929,3.));
#7161=CARTESIAN_POINT('',(31.118690185253,8.73204255928929,0.));
#7162=CARTESIAN_POINT('Origin',(31.1186901852525,7.77706290116246,0.));
#7163=CARTESIAN_POINT('',(31.1186901852525,7.77706290116246,3.));
#7164=CARTESIAN_POINT('',(31.118690185253,8.73204255928929,3.));
#7165=CARTESIAN_POINT('',(31.1186901852525,7.77706290116246,0.));
#7166=CARTESIAN_POINT('Origin',(29.8840395733751,7.77706290116246,0.));
#7167=CARTESIAN_POINT('',(29.8840395733751,7.77706290116246,3.));
#7168=CARTESIAN_POINT('',(31.1186901852525,7.77706290116246,3.));
#7169=CARTESIAN_POINT('',(29.8840395733751,7.77706290116246,0.));
#7170=CARTESIAN_POINT('Origin',(29.8840395733731,3.54104662766392,0.));
#7171=CARTESIAN_POINT('',(29.8840395733731,3.54104662766392,3.));
#7172=CARTESIAN_POINT('',(29.8840395733751,7.77706290116246,3.));
#7173=CARTESIAN_POINT('',(29.8840395733731,3.54104662766392,0.));
#7174=CARTESIAN_POINT('Ctrl Pts',(29.9488417431726,2.8657391153806,0.));
#7175=CARTESIAN_POINT('Ctrl Pts',(29.9488417431726,2.8657391153806,3.));
#7176=CARTESIAN_POINT('Ctrl Pts',(29.930249228083,2.94674488745091,0.));
#7177=CARTESIAN_POINT('Ctrl Pts',(29.930249228083,2.94674488745091,3.));
#7178=CARTESIAN_POINT('Ctrl Pts',(29.8793741114456,3.16840280099969,0.));
#7179=CARTESIAN_POINT('Ctrl Pts',(29.8793741114456,3.16840280099969,3.));
#7180=CARTESIAN_POINT('Ctrl Pts',(29.8822283975529,3.39638281968566,0.));
#7181=CARTESIAN_POINT('Ctrl Pts',(29.8822283975529,3.39638281968566,3.));
#7182=CARTESIAN_POINT('Ctrl Pts',(29.8840395733731,3.54104662766392,0.));
#7183=CARTESIAN_POINT('Ctrl Pts',(29.8840395733731,3.54104662766392,3.));
#7184=CARTESIAN_POINT('',(29.9488417431726,2.8657391153806,3.));
#7185=CARTESIAN_POINT('Ctrl Pts',(29.9488417431726,2.8657391153806,3.));
#7186=CARTESIAN_POINT('Ctrl Pts',(29.930249228083,2.94674488745091,3.));
#7187=CARTESIAN_POINT('Ctrl Pts',(29.8793741114456,3.16840280099969,3.));
#7188=CARTESIAN_POINT('Ctrl Pts',(29.8822283975529,3.39638281968566,3.));
#7189=CARTESIAN_POINT('Ctrl Pts',(29.8840395733731,3.54104662766392,3.));
#7190=CARTESIAN_POINT('',(29.9488417431726,2.8657391153806,0.));
#7191=CARTESIAN_POINT('Ctrl Pts',(30.1602999493492,2.62699509491856,0.));
#7192=CARTESIAN_POINT('Ctrl Pts',(30.1602999493492,2.62699509491856,3.));
#7193=CARTESIAN_POINT('Ctrl Pts',(30.1149671284428,2.65878667111169,0.));
#7194=CARTESIAN_POINT('Ctrl Pts',(30.1149671284428,2.65878667111169,3.));
#7195=CARTESIAN_POINT('Ctrl Pts',(30.0254395657695,2.72157169690995,0.));
#7196=CARTESIAN_POINT('Ctrl Pts',(30.0254395657695,2.72157169690995,3.));
#7197=CARTESIAN_POINT('Ctrl Pts',(29.9741570486764,2.81809230090796,0.));
#7198=CARTESIAN_POINT('Ctrl Pts',(29.9741570486764,2.81809230090796,3.));
#7199=CARTESIAN_POINT('Ctrl Pts',(29.9488417431726,2.8657391153806,0.));
#7200=CARTESIAN_POINT('Ctrl Pts',(29.9488417431726,2.8657391153806,3.));
#7201=CARTESIAN_POINT('',(30.1602999493492,2.62699509491856,3.));
#7202=CARTESIAN_POINT('Ctrl Pts',(30.1602999493492,2.62699509491856,3.));
#7203=CARTESIAN_POINT('Ctrl Pts',(30.1149671284428,2.65878667111169,3.));
#7204=CARTESIAN_POINT('Ctrl Pts',(30.0254395657695,2.72157169690995,3.));
#7205=CARTESIAN_POINT('Ctrl Pts',(29.9741570486764,2.81809230090796,3.));
#7206=CARTESIAN_POINT('Ctrl Pts',(29.9488417431726,2.8657391153806,3.));
#7207=CARTESIAN_POINT('',(30.1602999493492,2.62699509491856,0.));
#7208=CARTESIAN_POINT('Ctrl Pts',(30.5798093602073,2.53831768860753,0.));
#7209=CARTESIAN_POINT('Ctrl Pts',(30.5798093602073,2.53831768860753,3.));
#7210=CARTESIAN_POINT('Ctrl Pts',(30.4980416078772,2.53986625481117,0.));
#7211=CARTESIAN_POINT('Ctrl Pts',(30.4980416078772,2.53986625481117,3.));
#7212=CARTESIAN_POINT('Ctrl Pts',(30.3520891186224,2.54263038964131,0.));
#7213=CARTESIAN_POINT('Ctrl Pts',(30.3520891186224,2.54263038964131,3.));
#7214=CARTESIAN_POINT('Ctrl Pts',(30.2188804188768,2.60122656969149,0.));
#7215=CARTESIAN_POINT('Ctrl Pts',(30.2188804188768,2.60122656969149,3.));
#7216=CARTESIAN_POINT('Ctrl Pts',(30.1602999493492,2.62699509491856,0.));
#7217=CARTESIAN_POINT('Ctrl Pts',(30.1602999493492,2.62699509491856,3.));
#7218=CARTESIAN_POINT('',(30.5798093602073,2.53831768860753,3.));
#7219=CARTESIAN_POINT('Ctrl Pts',(30.5798093602073,2.53831768860753,3.));
#7220=CARTESIAN_POINT('Ctrl Pts',(30.4980416078772,2.53986625481117,3.));
#7221=CARTESIAN_POINT('Ctrl Pts',(30.3520891186224,2.54263038964131,3.));
#7222=CARTESIAN_POINT('Ctrl Pts',(30.2188804188768,2.60122656969149,3.));
#7223=CARTESIAN_POINT('Ctrl Pts',(30.1602999493492,2.62699509491856,3.));
#7224=CARTESIAN_POINT('',(30.5798093602073,2.53831768860753,0.));
#7225=CARTESIAN_POINT('Ctrl Pts',(31.1186901852501,2.58606696953709,0.));
#7226=CARTESIAN_POINT('Ctrl Pts',(31.1186901852501,2.58606696953709,3.));
#7227=CARTESIAN_POINT('Ctrl Pts',(31.0182388928352,2.57220833149737,0.));
#7228=CARTESIAN_POINT('Ctrl Pts',(31.0182388928352,2.57220833149737,3.));
#7229=CARTESIAN_POINT('Ctrl Pts',(30.839351632612,2.54752837238732,0.));
#7230=CARTESIAN_POINT('Ctrl Pts',(30.839351632612,2.54752837238732,3.));
#7231=CARTESIAN_POINT('Ctrl Pts',(30.6589217259232,2.54112524275634,0.));
#7232=CARTESIAN_POINT('Ctrl Pts',(30.6589217259232,2.54112524275634,3.));
#7233=CARTESIAN_POINT('Ctrl Pts',(30.5798093602073,2.53831768860753,0.));
#7234=CARTESIAN_POINT('Ctrl Pts',(30.5798093602073,2.53831768860753,3.));
#7235=CARTESIAN_POINT('Ctrl Pts',(31.1186901852501,2.58606696953709,3.));
#7236=CARTESIAN_POINT('Ctrl Pts',(31.0182388928352,2.57220833149737,3.));
#7237=CARTESIAN_POINT('Ctrl Pts',(30.839351632612,2.54752837238732,3.));
#7238=CARTESIAN_POINT('Ctrl Pts',(30.6589217259232,2.54112524275634,3.));
#7239=CARTESIAN_POINT('Ctrl Pts',(30.5798093602073,2.53831768860753,3.));
#7240=CARTESIAN_POINT('Origin',(33.315143194055,6.40598500599797,3.));
#7241=CARTESIAN_POINT('Origin',(18.656207732859,5.80571258892949,0.));
#7242=CARTESIAN_POINT('',(14.6111873909859,5.80571258892949,0.));
#7243=CARTESIAN_POINT('',(18.656207732859,5.80571258892949,0.));
#7244=CARTESIAN_POINT('',(26.8219789227411,5.80571258892949,0.));
#7245=CARTESIAN_POINT('',(14.6111873909859,5.80571258892949,3.));
#7246=CARTESIAN_POINT('',(14.6111873909859,5.80571258892949,0.));
#7247=CARTESIAN_POINT('',(18.656207732859,5.80571258892949,3.));
#7248=CARTESIAN_POINT('',(14.6111873909859,5.80571258892949,3.));
#7249=CARTESIAN_POINT('',(18.656207732859,5.80571258892949,0.));
#7250=CARTESIAN_POINT('Ctrl Pts',(18.1923608109389,7.17679048409398,0.));
#7251=CARTESIAN_POINT('Ctrl Pts',(18.1923608109389,7.17679048409398,3.));
#7252=CARTESIAN_POINT('Ctrl Pts',(18.3081302227537,6.99117193397046,0.));
#7253=CARTESIAN_POINT('Ctrl Pts',(18.3081302227537,6.99117193397046,3.));
#7254=CARTESIAN_POINT('Ctrl Pts',(18.5693931962615,6.57227670436503,0.));
#7255=CARTESIAN_POINT('Ctrl Pts',(18.5693931962615,6.57227670436503,3.));
#7256=CARTESIAN_POINT('Ctrl Pts',(18.6251548669719,6.07990644635742,0.));
#7257=CARTESIAN_POINT('Ctrl Pts',(18.6251548669719,6.07990644635742,3.));
#7258=CARTESIAN_POINT('Ctrl Pts',(18.656207732859,5.80571258892949,0.));
#7259=CARTESIAN_POINT('Ctrl Pts',(18.656207732859,5.80571258892949,3.));
#7260=CARTESIAN_POINT('',(18.1923608109389,7.17679048409398,0.));
#7261=CARTESIAN_POINT('Ctrl Pts',(18.656207732859,5.80571258892949,0.));
#7262=CARTESIAN_POINT('Ctrl Pts',(18.6251548669719,6.07990644635742,0.));
#7263=CARTESIAN_POINT('Ctrl Pts',(18.5693931962615,6.57227670436503,0.));
#7264=CARTESIAN_POINT('Ctrl Pts',(18.3081302227537,6.99117193397046,0.));
#7265=CARTESIAN_POINT('Ctrl Pts',(18.1923608109389,7.17679048409398,0.));
#7266=CARTESIAN_POINT('',(18.1923608109389,7.17679048409398,3.));
#7267=CARTESIAN_POINT('Ctrl Pts',(18.1923608109389,7.17679048409398,3.));
#7268=CARTESIAN_POINT('Ctrl Pts',(18.3081302227537,6.99117193397046,3.));
#7269=CARTESIAN_POINT('Ctrl Pts',(18.5693931962615,6.57227670436503,3.));
#7270=CARTESIAN_POINT('Ctrl Pts',(18.6251548669719,6.07990644635742,3.));
#7271=CARTESIAN_POINT('Ctrl Pts',(18.656207732859,5.80571258892949,3.));
#7272=CARTESIAN_POINT('',(18.1923608109389,7.17679048409398,0.));
#7273=CARTESIAN_POINT('Ctrl Pts',(16.6712145134844,7.88620377411778,0.));
#7274=CARTESIAN_POINT('Ctrl Pts',(16.6712145134844,7.88620377411778,3.));
#7275=CARTESIAN_POINT('Ctrl Pts',(16.96779419921,7.85716349424745,0.));
#7276=CARTESIAN_POINT('Ctrl Pts',(16.96779419921,7.85716349424745,3.));
#7277=CARTESIAN_POINT('Ctrl Pts',(17.5583792926584,7.79933500083927,0.));
#7278=CARTESIAN_POINT('Ctrl Pts',(17.5583792926584,7.79933500083927,3.));
#7279=CARTESIAN_POINT('Ctrl Pts',(17.9816486288343,7.38370142676061,0.));
#7280=CARTESIAN_POINT('Ctrl Pts',(17.9816486288343,7.38370142676061,3.));
#7281=CARTESIAN_POINT('Ctrl Pts',(18.1923608109389,7.17679048409398,0.));
#7282=CARTESIAN_POINT('Ctrl Pts',(18.1923608109389,7.17679048409398,3.));
#7283=CARTESIAN_POINT('',(16.6712145134844,7.88620377411778,0.));
#7284=CARTESIAN_POINT('Ctrl Pts',(18.1923608109389,7.17679048409398,0.));
#7285=CARTESIAN_POINT('Ctrl Pts',(17.9816486288343,7.38370142676061,0.));
#7286=CARTESIAN_POINT('Ctrl Pts',(17.5583792926584,7.79933500083927,0.));
#7287=CARTESIAN_POINT('Ctrl Pts',(16.96779419921,7.85716349424745,0.));
#7288=CARTESIAN_POINT('Ctrl Pts',(16.6712145134844,7.88620377411778,0.));
#7289=CARTESIAN_POINT('',(16.6712145134844,7.88620377411778,3.));
#7290=CARTESIAN_POINT('Ctrl Pts',(16.6712145134844,7.88620377411778,3.));
#7291=CARTESIAN_POINT('Ctrl Pts',(16.96779419921,7.85716349424745,3.));
#7292=CARTESIAN_POINT('Ctrl Pts',(17.5583792926584,7.79933500083927,3.));
#7293=CARTESIAN_POINT('Ctrl Pts',(17.9816486288343,7.38370142676061,3.));
#7294=CARTESIAN_POINT('Ctrl Pts',(18.1923608109389,7.17679048409398,3.));
#7295=CARTESIAN_POINT('',(16.6712145134844,7.88620377411778,0.));
#7296=CARTESIAN_POINT('Ctrl Pts',(15.2489773556625,7.32003713478978,0.));
#7297=CARTESIAN_POINT('Ctrl Pts',(15.2489773556625,7.32003713478978,3.));
#7298=CARTESIAN_POINT('Ctrl Pts',(15.4541040856148,7.48516125028267,0.));
#7299=CARTESIAN_POINT('Ctrl Pts',(15.4541040856148,7.48516125028267,3.));
#7300=CARTESIAN_POINT('Ctrl Pts',(15.869691372626,7.81970313662658,0.));
#7301=CARTESIAN_POINT('Ctrl Pts',(15.869691372626,7.81970313662658,3.));
#7302=CARTESIAN_POINT('Ctrl Pts',(16.4017638503786,7.86384803670292,0.));
#7303=CARTESIAN_POINT('Ctrl Pts',(16.4017638503786,7.86384803670292,3.));
#7304=CARTESIAN_POINT('Ctrl Pts',(16.6712145134844,7.88620377411778,0.));
#7305=CARTESIAN_POINT('Ctrl Pts',(16.6712145134844,7.88620377411778,3.));
#7306=CARTESIAN_POINT('',(15.2489773556625,7.32003713478978,0.));
#7307=CARTESIAN_POINT('Ctrl Pts',(16.6712145134844,7.88620377411778,0.));
#7308=CARTESIAN_POINT('Ctrl Pts',(16.4017638503786,7.86384803670292,0.));
#7309=CARTESIAN_POINT('Ctrl Pts',(15.869691372626,7.81970313662658,0.));
#7310=CARTESIAN_POINT('Ctrl Pts',(15.4541040856148,7.48516125028267,0.));
#7311=CARTESIAN_POINT('Ctrl Pts',(15.2489773556625,7.32003713478978,0.));
#7312=CARTESIAN_POINT('',(15.2489773556625,7.32003713478978,3.));
#7313=CARTESIAN_POINT('Ctrl Pts',(15.2489773556625,7.32003713478978,3.));
#7314=CARTESIAN_POINT('Ctrl Pts',(15.4541040856148,7.48516125028267,3.));
#7315=CARTESIAN_POINT('Ctrl Pts',(15.869691372626,7.81970313662658,3.));
#7316=CARTESIAN_POINT('Ctrl Pts',(16.4017638503786,7.86384803670292,3.));
#7317=CARTESIAN_POINT('Ctrl Pts',(16.6712145134844,7.88620377411778,3.));
#7318=CARTESIAN_POINT('',(15.2489773556625,7.32003713478978,0.));
#7319=CARTESIAN_POINT('Ctrl Pts',(14.6111873909859,5.80571258892949,0.));
#7320=CARTESIAN_POINT('Ctrl Pts',(14.6111873909859,5.80571258892949,3.));
#7321=CARTESIAN_POINT('Ctrl Pts',(14.6485052057323,6.10117110756872,0.));
#7322=CARTESIAN_POINT('Ctrl Pts',(14.6485052057323,6.10117110756872,3.));
#7323=CARTESIAN_POINT('Ctrl Pts',(14.7199482665023,6.66681143365771,0.));
#7324=CARTESIAN_POINT('Ctrl Pts',(14.7199482665023,6.66681143365771,3.));
#7325=CARTESIAN_POINT('Ctrl Pts',(15.0779672450572,7.10888012718905,0.));
#7326=CARTESIAN_POINT('Ctrl Pts',(15.0779672450572,7.10888012718905,3.));
#7327=CARTESIAN_POINT('Ctrl Pts',(15.2489773556625,7.32003713478978,0.));
#7328=CARTESIAN_POINT('Ctrl Pts',(15.2489773556625,7.32003713478978,3.));
#7329=CARTESIAN_POINT('Ctrl Pts',(15.2489773556625,7.32003713478978,0.));
#7330=CARTESIAN_POINT('Ctrl Pts',(15.0779672450572,7.10888012718905,0.));
#7331=CARTESIAN_POINT('Ctrl Pts',(14.7199482665023,6.66681143365771,0.));
#7332=CARTESIAN_POINT('Ctrl Pts',(14.6485052057323,6.10117110756872,0.));
#7333=CARTESIAN_POINT('Ctrl Pts',(14.6111873909859,5.80571258892949,0.));
#7334=CARTESIAN_POINT('Ctrl Pts',(14.6111873909859,5.80571258892949,3.));
#7335=CARTESIAN_POINT('Ctrl Pts',(14.6485052057323,6.10117110756872,3.));
#7336=CARTESIAN_POINT('Ctrl Pts',(14.7199482665023,6.66681143365771,3.));
#7337=CARTESIAN_POINT('Ctrl Pts',(15.0779672450572,7.10888012718905,3.));
#7338=CARTESIAN_POINT('Ctrl Pts',(15.2489773556625,7.32003713478978,3.));
#7339=CARTESIAN_POINT('Origin',(19.9113241955655,3.66382981171544,0.));
#7340=CARTESIAN_POINT('',(18.6425654217619,3.82071996560033,3.));
#7341=CARTESIAN_POINT('',(18.6425654217619,3.82071996560033,0.));
#7342=CARTESIAN_POINT('',(19.9113241955655,3.66382981171544,3.));
#7343=CARTESIAN_POINT('',(18.6425654217619,3.82071996560033,3.));
#7344=CARTESIAN_POINT('',(19.9113241955655,3.66382981171544,0.));
#7345=CARTESIAN_POINT('Ctrl Pts',(18.799454383553,1.93804527153905,0.));
#7346=CARTESIAN_POINT('Ctrl Pts',(18.799454383553,1.93804527153905,3.));
#7347=CARTESIAN_POINT('Ctrl Pts',(19.0502363925053,2.16928122886121,0.));
#7348=CARTESIAN_POINT('Ctrl Pts',(19.0502363925053,2.16928122886121,3.));
#7349=CARTESIAN_POINT('Ctrl Pts',(19.5691815707755,2.64777960917288,0.));
#7350=CARTESIAN_POINT('Ctrl Pts',(19.5691815707755,2.64777960917288,3.));
#7351=CARTESIAN_POINT('Ctrl Pts',(19.7947582222741,3.31766750339441,0.));
#7352=CARTESIAN_POINT('Ctrl Pts',(19.7947582222741,3.31766750339441,3.));
#7353=CARTESIAN_POINT('Ctrl Pts',(19.9113241955655,3.66382981171544,0.));
#7354=CARTESIAN_POINT('Ctrl Pts',(19.9113241955655,3.66382981171544,3.));
#7355=CARTESIAN_POINT('',(18.799454383553,1.93804527153905,3.));
#7356=CARTESIAN_POINT('Ctrl Pts',(18.799454383553,1.93804527153905,3.));
#7357=CARTESIAN_POINT('Ctrl Pts',(19.0502363925053,2.16928122886121,3.));
#7358=CARTESIAN_POINT('Ctrl Pts',(19.5691815707755,2.64777960917288,3.));
#7359=CARTESIAN_POINT('Ctrl Pts',(19.7947582222741,3.31766750339441,3.));
#7360=CARTESIAN_POINT('Ctrl Pts',(19.9113241955655,3.66382981171544,3.));
#7361=CARTESIAN_POINT('',(18.799454383553,1.93804527153905,0.));
#7362=CARTESIAN_POINT('Ctrl Pts',(16.7257849499589,1.32412935128148,0.));
#7363=CARTESIAN_POINT('Ctrl Pts',(16.7257849499589,1.32412935128148,3.));
#7364=CARTESIAN_POINT('Ctrl Pts',(17.1187390185928,1.34323691932107,0.));
#7365=CARTESIAN_POINT('Ctrl Pts',(17.1187390185928,1.34323691932107,3.));
#7366=CARTESIAN_POINT('Ctrl Pts',(17.861621236519,1.3793599007519,0.));
#7367=CARTESIAN_POINT('Ctrl Pts',(17.861621236519,1.3793599007519,3.));
#7368=CARTESIAN_POINT('Ctrl Pts',(18.4991513965655,1.75914896555518,0.));
#7369=CARTESIAN_POINT('Ctrl Pts',(18.4991513965655,1.75914896555518,3.));
#7370=CARTESIAN_POINT('Ctrl Pts',(18.799454383553,1.93804527153905,0.));
#7371=CARTESIAN_POINT('Ctrl Pts',(18.799454383553,1.93804527153905,3.));
#7372=CARTESIAN_POINT('',(16.7257849499589,1.32412935128148,3.));
#7373=CARTESIAN_POINT('Ctrl Pts',(16.7257849499589,1.32412935128148,3.));
#7374=CARTESIAN_POINT('Ctrl Pts',(17.1187390185928,1.34323691932107,3.));
#7375=CARTESIAN_POINT('Ctrl Pts',(17.861621236519,1.3793599007519,3.));
#7376=CARTESIAN_POINT('Ctrl Pts',(18.4991513965655,1.75914896555518,3.));
#7377=CARTESIAN_POINT('Ctrl Pts',(18.799454383553,1.93804527153905,3.));
#7378=CARTESIAN_POINT('',(16.7257849499589,1.32412935128148,0.));
#7379=CARTESIAN_POINT('Ctrl Pts',(14.2053214833151,2.30298424591954,0.));
#7380=CARTESIAN_POINT('Ctrl Pts',(14.2053214833151,2.30298424591954,3.));
#7381=CARTESIAN_POINT('Ctrl Pts',(14.5543093231941,2.01764906296363,0.));
#7382=CARTESIAN_POINT('Ctrl Pts',(14.5543093231941,2.01764906296363,3.));
#7383=CARTESIAN_POINT('Ctrl Pts',(15.2858308564053,1.41955134532559,0.));
#7384=CARTESIAN_POINT('Ctrl Pts',(15.2858308564053,1.41955134532559,3.));
#7385=CARTESIAN_POINT('Ctrl Pts',(16.231347201711,1.35689444850209,0.));
#7386=CARTESIAN_POINT('Ctrl Pts',(16.231347201711,1.35689444850209,3.));
#7387=CARTESIAN_POINT('Ctrl Pts',(16.7257849499589,1.32412935128148,0.));
#7388=CARTESIAN_POINT('Ctrl Pts',(16.7257849499589,1.32412935128148,3.));
#7389=CARTESIAN_POINT('',(14.2053214833151,2.30298424591954,3.));
#7390=CARTESIAN_POINT('Ctrl Pts',(14.2053214833151,2.30298424591954,3.));
#7391=CARTESIAN_POINT('Ctrl Pts',(14.5543093231941,2.01764906296363,3.));
#7392=CARTESIAN_POINT('Ctrl Pts',(15.2858308564053,1.41955134532559,3.));
#7393=CARTESIAN_POINT('Ctrl Pts',(16.231347201711,1.35689444850209,3.));
#7394=CARTESIAN_POINT('Ctrl Pts',(16.7257849499589,1.32412935128148,3.));
#7395=CARTESIAN_POINT('',(14.2053214833151,2.30298424591954,0.));
#7396=CARTESIAN_POINT('Ctrl Pts',(13.2742158696079,5.04855001797612,0.));
#7397=CARTESIAN_POINT('Ctrl Pts',(13.2742158696079,5.04855001797612,3.));
#7398=CARTESIAN_POINT('Ctrl Pts',(13.3001041853991,4.50691982958315,0.));
#7399=CARTESIAN_POINT('Ctrl Pts',(13.3001041853991,4.50691982958315,3.));
#7400=CARTESIAN_POINT('Ctrl Pts',(13.3483023329787,3.49852778259621,0.));
#7401=CARTESIAN_POINT('Ctrl Pts',(13.3483023329787,3.49852778259621,3.));
#7402=CARTESIAN_POINT('Ctrl Pts',(13.9341471672331,2.6812729933499,0.));
#7403=CARTESIAN_POINT('Ctrl Pts',(13.9341471672331,2.6812729933499,3.));
#7404=CARTESIAN_POINT('Ctrl Pts',(14.2053214833151,2.30298424591954,0.));
#7405=CARTESIAN_POINT('Ctrl Pts',(14.2053214833151,2.30298424591954,3.));
#7406=CARTESIAN_POINT('',(13.2742158696079,5.04855001797612,3.));
#7407=CARTESIAN_POINT('Ctrl Pts',(13.2742158696079,5.04855001797612,3.));
#7408=CARTESIAN_POINT('Ctrl Pts',(13.3001041853991,4.50691982958315,3.));
#7409=CARTESIAN_POINT('Ctrl Pts',(13.3483023329787,3.49852778259621,3.));
#7410=CARTESIAN_POINT('Ctrl Pts',(13.9341471672331,2.6812729933499,3.));
#7411=CARTESIAN_POINT('Ctrl Pts',(14.2053214833151,2.30298424591954,3.));
#7412=CARTESIAN_POINT('',(13.2742158696079,5.04855001797612,0.));
#7413=CARTESIAN_POINT('Ctrl Pts',(14.2155532166399,7.88620377411778,0.));
#7414=CARTESIAN_POINT('Ctrl Pts',(14.2155532166399,7.88620377411778,3.));
#7415=CARTESIAN_POINT('Ctrl Pts',(13.9414336286996,7.49499006091158,0.));
#7416=CARTESIAN_POINT('Ctrl Pts',(13.9414336286996,7.49499006091158,3.));
#7417=CARTESIAN_POINT('Ctrl Pts',(13.3471526519903,6.64685341612405,0.));
#7418=CARTESIAN_POINT('Ctrl Pts',(13.3471526519903,6.64685341612405,3.));
#7419=CARTESIAN_POINT('Ctrl Pts',(13.2997522428354,5.60814245916574,0.));
#7420=CARTESIAN_POINT('Ctrl Pts',(13.2997522428354,5.60814245916574,3.));
#7421=CARTESIAN_POINT('Ctrl Pts',(13.2742158696079,5.04855001797612,0.));
#7422=CARTESIAN_POINT('Ctrl Pts',(13.2742158696079,5.04855001797612,3.));
#7423=CARTESIAN_POINT('',(14.2155532166399,7.88620377411778,3.));
#7424=CARTESIAN_POINT('Ctrl Pts',(14.2155532166399,7.88620377411778,3.));
#7425=CARTESIAN_POINT('Ctrl Pts',(13.9414336286996,7.49499006091158,3.));
#7426=CARTESIAN_POINT('Ctrl Pts',(13.3471526519903,6.64685341612405,3.));
#7427=CARTESIAN_POINT('Ctrl Pts',(13.2997522428354,5.60814245916574,3.));
#7428=CARTESIAN_POINT('Ctrl Pts',(13.2742158696079,5.04855001797612,3.));
#7429=CARTESIAN_POINT('',(14.2155532166399,7.88620377411778,0.));
#7430=CARTESIAN_POINT('Ctrl Pts',(16.6575722023887,8.89575327267583,0.));
#7431=CARTESIAN_POINT('Ctrl Pts',(16.6575722023887,8.89575327267583,3.));
#7432=CARTESIAN_POINT('Ctrl Pts',(16.1845782167091,8.857823832225,0.));
#7433=CARTESIAN_POINT('Ctrl Pts',(16.1845782167091,8.857823832225,3.));
#7434=CARTESIAN_POINT('Ctrl Pts',(15.260502463581,8.78372209454651,0.));
#7435=CARTESIAN_POINT('Ctrl Pts',(15.260502463581,8.78372209454651,3.));
#7436=CARTESIAN_POINT('Ctrl Pts',(14.5583194424368,8.18060942891629,0.));
#7437=CARTESIAN_POINT('Ctrl Pts',(14.5583194424368,8.18060942891629,3.));
#7438=CARTESIAN_POINT('Ctrl Pts',(14.2155532166399,7.88620377411778,0.));
#7439=CARTESIAN_POINT('Ctrl Pts',(14.2155532166399,7.88620377411778,3.));
#7440=CARTESIAN_POINT('',(16.6575722023887,8.89575327267583,3.));
#7441=CARTESIAN_POINT('Ctrl Pts',(16.6575722023887,8.89575327267583,3.));
#7442=CARTESIAN_POINT('Ctrl Pts',(16.1845782167091,8.857823832225,3.));
#7443=CARTESIAN_POINT('Ctrl Pts',(15.260502463581,8.78372209454651,3.));
#7444=CARTESIAN_POINT('Ctrl Pts',(14.5583194424368,8.18060942891629,3.));
#7445=CARTESIAN_POINT('Ctrl Pts',(14.2155532166399,7.88620377411778,3.));
#7446=CARTESIAN_POINT('',(16.6575722023887,8.89575327267583,0.));
#7447=CARTESIAN_POINT('Ctrl Pts',(19.0313784405627,7.90666724076207,0.));
#7448=CARTESIAN_POINT('Ctrl Pts',(19.0313784405627,7.90666724076207,3.));
#7449=CARTESIAN_POINT('Ctrl Pts',(18.6974559351279,8.19511647079895,0.));
#7450=CARTESIAN_POINT('Ctrl Pts',(18.6974559351279,8.19511647079895,3.));
#7451=CARTESIAN_POINT('Ctrl Pts',(18.0155954679502,8.78412177457123,0.));
#7452=CARTESIAN_POINT('Ctrl Pts',(18.0155954679502,8.78412177457123,3.));
#7453=CARTESIAN_POINT('Ctrl Pts',(17.1164074790304,8.85803634203578,0.));
#7454=CARTESIAN_POINT('Ctrl Pts',(17.1164074790304,8.85803634203578,3.));
#7455=CARTESIAN_POINT('Ctrl Pts',(16.6575722023887,8.89575327267583,0.));
#7456=CARTESIAN_POINT('Ctrl Pts',(16.6575722023887,8.89575327267583,3.));
#7457=CARTESIAN_POINT('',(19.0313784405627,7.90666724076207,3.));
#7458=CARTESIAN_POINT('Ctrl Pts',(19.0313784405627,7.90666724076207,3.));
#7459=CARTESIAN_POINT('Ctrl Pts',(18.6974559351279,8.19511647079895,3.));
#7460=CARTESIAN_POINT('Ctrl Pts',(18.0155954679502,8.78412177457123,3.));
#7461=CARTESIAN_POINT('Ctrl Pts',(17.1164074790304,8.85803634203578,3.));
#7462=CARTESIAN_POINT('Ctrl Pts',(16.6575722023887,8.89575327267583,3.));
#7463=CARTESIAN_POINT('',(19.0313784405627,7.90666724076207,0.));
#7464=CARTESIAN_POINT('Ctrl Pts',(19.9522511288548,5.12358451714451,0.));
#7465=CARTESIAN_POINT('Ctrl Pts',(19.9522511288548,5.12358451714451,3.));
#7466=CARTESIAN_POINT('Ctrl Pts',(19.927390702016,5.6725472123944,0.));
#7467=CARTESIAN_POINT('Ctrl Pts',(19.927390702016,5.6725472123944,3.));
#7468=CARTESIAN_POINT('Ctrl Pts',(19.8812714622834,6.6909425243736,0.));
#7469=CARTESIAN_POINT('Ctrl Pts',(19.8812714622834,6.6909425243736,3.));
#7470=CARTESIAN_POINT('Ctrl Pts',(19.2995327730819,7.52308737656895,0.));
#7471=CARTESIAN_POINT('Ctrl Pts',(19.2995327730819,7.52308737656895,3.));
#7472=CARTESIAN_POINT('Ctrl Pts',(19.0313784405627,7.90666724076207,0.));
#7473=CARTESIAN_POINT('Ctrl Pts',(19.0313784405627,7.90666724076207,3.));
#7474=CARTESIAN_POINT('',(19.9522511288548,5.12358451714451,3.));
#7475=CARTESIAN_POINT('Ctrl Pts',(19.9522511288548,5.12358451714451,3.));
#7476=CARTESIAN_POINT('Ctrl Pts',(19.927390702016,5.6725472123944,3.));
#7477=CARTESIAN_POINT('Ctrl Pts',(19.8812714622834,6.6909425243736,3.));
#7478=CARTESIAN_POINT('Ctrl Pts',(19.2995327730819,7.52308737656895,3.));
#7479=CARTESIAN_POINT('Ctrl Pts',(19.0313784405627,7.90666724076207,3.));
#7480=CARTESIAN_POINT('',(19.9522511288548,5.12358451714451,0.));
#7481=CARTESIAN_POINT('Ctrl Pts',(19.9454299733065,4.79616309037144,0.));
#7482=CARTESIAN_POINT('Ctrl Pts',(19.9454299733065,4.79616309037144,3.));
#7483=CARTESIAN_POINT('Ctrl Pts',(19.9474008328656,4.8598231887764,0.));
#7484=CARTESIAN_POINT('Ctrl Pts',(19.9474008328656,4.8598231887764,3.));
#7485=CARTESIAN_POINT('Ctrl Pts',(19.9507790525105,4.96894197100403,0.));
#7486=CARTESIAN_POINT('Ctrl Pts',(19.9507790525105,4.96894197100403,3.));
#7487=CARTESIAN_POINT('Ctrl Pts',(19.9518182154761,5.07810669434048,0.));
#7488=CARTESIAN_POINT('Ctrl Pts',(19.9518182154761,5.07810669434048,3.));
#7489=CARTESIAN_POINT('Ctrl Pts',(19.9522511288548,5.12358451714451,0.));
#7490=CARTESIAN_POINT('Ctrl Pts',(19.9522511288548,5.12358451714451,3.));
#7491=CARTESIAN_POINT('',(19.9454299733065,4.79616309037144,3.));
#7492=CARTESIAN_POINT('Ctrl Pts',(19.9454299733065,4.79616309037144,3.));
#7493=CARTESIAN_POINT('Ctrl Pts',(19.9474008328656,4.8598231887764,3.));
#7494=CARTESIAN_POINT('Ctrl Pts',(19.9507790525105,4.96894197100403,3.));
#7495=CARTESIAN_POINT('Ctrl Pts',(19.9518182154761,5.07810669434048,3.));
#7496=CARTESIAN_POINT('Ctrl Pts',(19.9522511288548,5.12358451714451,3.));
#7497=CARTESIAN_POINT('',(19.9454299733065,4.79616309037144,0.));
#7498=CARTESIAN_POINT('Origin',(14.5429746434115,4.79616309037144,0.));
#7499=CARTESIAN_POINT('',(14.5429746434115,4.79616309037144,3.));
#7500=CARTESIAN_POINT('',(19.9454299733065,4.79616309037144,3.));
#7501=CARTESIAN_POINT('',(14.5429746434115,4.79616309037144,0.));
#7502=CARTESIAN_POINT('Ctrl Pts',(15.2182809636011,2.96805883278783,0.));
#7503=CARTESIAN_POINT('Ctrl Pts',(15.2182809636011,2.96805883278783,3.));
#7504=CARTESIAN_POINT('Ctrl Pts',(15.0378548782808,3.21724774159307,0.));
#7505=CARTESIAN_POINT('Ctrl Pts',(15.0378548782808,3.21724774159307,3.));
#7506=CARTESIAN_POINT('Ctrl Pts',(14.6439181764933,3.76131905302508,0.));
#7507=CARTESIAN_POINT('Ctrl Pts',(14.6439181764933,3.76131905302508,3.));
#7508=CARTESIAN_POINT('Ctrl Pts',(14.5784551127938,4.43242753385265,0.));
#7509=CARTESIAN_POINT('Ctrl Pts',(14.5784551127938,4.43242753385265,3.));
#7510=CARTESIAN_POINT('Ctrl Pts',(14.5429746434115,4.79616309037144,0.));
#7511=CARTESIAN_POINT('Ctrl Pts',(14.5429746434115,4.79616309037144,3.));
#7512=CARTESIAN_POINT('',(15.2182809636011,2.96805883278783,3.));
#7513=CARTESIAN_POINT('Ctrl Pts',(15.2182809636011,2.96805883278783,3.));
#7514=CARTESIAN_POINT('Ctrl Pts',(15.0378548782808,3.21724774159307,3.));
#7515=CARTESIAN_POINT('Ctrl Pts',(14.6439181764933,3.76131905302508,3.));
#7516=CARTESIAN_POINT('Ctrl Pts',(14.5784551127938,4.43242753385265,3.));
#7517=CARTESIAN_POINT('Ctrl Pts',(14.5429746434115,4.79616309037144,3.));
#7518=CARTESIAN_POINT('',(15.2182809636011,2.96805883278783,0.));
#7519=CARTESIAN_POINT('Ctrl Pts',(16.7326061055075,2.33367944588597,0.));
#7520=CARTESIAN_POINT('Ctrl Pts',(16.7326061055075,2.33367944588597,3.));
#7521=CARTESIAN_POINT('Ctrl Pts',(16.4436557701607,2.35912170105527,0.));
#7522=CARTESIAN_POINT('Ctrl Pts',(16.4436557701607,2.35912170105527,3.));
#7523=CARTESIAN_POINT('Ctrl Pts',(15.8710439691346,2.409540523159,0.));
#7524=CARTESIAN_POINT('Ctrl Pts',(15.8710439691346,2.409540523159,3.));
#7525=CARTESIAN_POINT('Ctrl Pts',(15.4345246770167,2.78303598029633,0.));
#7526=CARTESIAN_POINT('Ctrl Pts',(15.4345246770167,2.78303598029633,3.));
#7527=CARTESIAN_POINT('Ctrl Pts',(15.2182809636011,2.96805883278783,0.));
#7528=CARTESIAN_POINT('Ctrl Pts',(15.2182809636011,2.96805883278783,3.));
#7529=CARTESIAN_POINT('',(16.7326061055075,2.33367944588597,3.));
#7530=CARTESIAN_POINT('Ctrl Pts',(16.7326061055075,2.33367944588597,3.));
#7531=CARTESIAN_POINT('Ctrl Pts',(16.4436557701607,2.35912170105527,3.));
#7532=CARTESIAN_POINT('Ctrl Pts',(15.8710439691346,2.409540523159,3.));
#7533=CARTESIAN_POINT('Ctrl Pts',(15.4345246770167,2.78303598029633,3.));
#7534=CARTESIAN_POINT('Ctrl Pts',(15.2182809636011,2.96805883278783,3.));
#7535=CARTESIAN_POINT('',(16.7326061055075,2.33367944588597,0.));
#7536=CARTESIAN_POINT('Ctrl Pts',(17.885402850808,2.68838668694432,0.));
#7537=CARTESIAN_POINT('Ctrl Pts',(17.885402850808,2.68838668694432,3.));
#7538=CARTESIAN_POINT('Ctrl Pts',(17.7143831189237,2.58496414180855,0.));
#7539=CARTESIAN_POINT('Ctrl Pts',(17.7143831189237,2.58496414180855,3.));
#7540=CARTESIAN_POINT('Ctrl Pts',(17.360229378555,2.37079305877196,0.));
#7541=CARTESIAN_POINT('Ctrl Pts',(17.360229378555,2.37079305877196,3.));
#7542=CARTESIAN_POINT('Ctrl Pts',(16.946530889865,2.34632958486952,0.));
#7543=CARTESIAN_POINT('Ctrl Pts',(16.946530889865,2.34632958486952,3.));
#7544=CARTESIAN_POINT('Ctrl Pts',(16.7326061055075,2.33367944588597,0.));
#7545=CARTESIAN_POINT('Ctrl Pts',(16.7326061055075,2.33367944588597,3.));
#7546=CARTESIAN_POINT('',(17.885402850808,2.68838668694432,3.));
#7547=CARTESIAN_POINT('Ctrl Pts',(17.885402850808,2.68838668694432,3.));
#7548=CARTESIAN_POINT('Ctrl Pts',(17.7143831189237,2.58496414180855,3.));
#7549=CARTESIAN_POINT('Ctrl Pts',(17.360229378555,2.37079305877196,3.));
#7550=CARTESIAN_POINT('Ctrl Pts',(16.946530889865,2.34632958486952,3.));
#7551=CARTESIAN_POINT('Ctrl Pts',(16.7326061055075,2.33367944588597,3.));
#7552=CARTESIAN_POINT('',(17.885402850808,2.68838668694432,0.));
#7553=CARTESIAN_POINT('Ctrl Pts',(18.6425654217619,3.82071996560033,0.));
#7554=CARTESIAN_POINT('Ctrl Pts',(18.6425654217619,3.82071996560033,3.));
#7555=CARTESIAN_POINT('Ctrl Pts',(18.5491839724719,3.58553068971282,0.));
#7556=CARTESIAN_POINT('Ctrl Pts',(18.5491839724719,3.58553068971282,3.));
#7557=CARTESIAN_POINT('Ctrl Pts',(18.3773380890082,3.15272193376177,0.));
#7558=CARTESIAN_POINT('Ctrl Pts',(18.3773380890082,3.15272193376177,3.));
#7559=CARTESIAN_POINT('Ctrl Pts',(18.0396091195701,2.83394122401794,0.));
#7560=CARTESIAN_POINT('Ctrl Pts',(18.0396091195701,2.83394122401794,3.));
#7561=CARTESIAN_POINT('Ctrl Pts',(17.885402850808,2.68838668694432,0.));
#7562=CARTESIAN_POINT('Ctrl Pts',(17.885402850808,2.68838668694432,3.));
#7563=CARTESIAN_POINT('Ctrl Pts',(18.6425654217619,3.82071996560033,3.));
#7564=CARTESIAN_POINT('Ctrl Pts',(18.5491839724719,3.58553068971282,3.));
#7565=CARTESIAN_POINT('Ctrl Pts',(18.3773380890082,3.15272193376177,3.));
#7566=CARTESIAN_POINT('Ctrl Pts',(18.0396091195701,2.83394122401794,3.));
#7567=CARTESIAN_POINT('Ctrl Pts',(17.885402850808,2.68838668694432,3.));
#7568=CARTESIAN_POINT('Origin',(33.315143194055,6.40598500599797,3.));
#7569=CARTESIAN_POINT('Origin',(34.9877501126232,5.,0.));
#7570=CARTESIAN_POINT('Origin',(74.9945660943464,15.,0.));
#7571=CARTESIAN_POINT('',(74.9945660943464,-5.,-3.));
#7572=CARTESIAN_POINT('',(74.9945660943464,-5.,0.));
#7573=CARTESIAN_POINT('',(74.9945660943464,15.,-3.));
#7574=CARTESIAN_POINT('',(74.9945660943464,15.,-3.));
#7575=CARTESIAN_POINT('',(74.9945660943464,15.,0.));
#7576=CARTESIAN_POINT('Origin',(-5.0190658691,15.,0.));
#7577=CARTESIAN_POINT('',(-5.0190658691,15.,-3.));
#7578=CARTESIAN_POINT('',(-5.0190658691,15.,-3.));
#7579=CARTESIAN_POINT('',(-5.0190658691,15.,0.));
#7580=CARTESIAN_POINT('Origin',(-5.0190658691,-5.,0.));
#7581=CARTESIAN_POINT('',(-5.0190658691,-5.,-3.));
#7582=CARTESIAN_POINT('',(-5.0190658691,-5.,-3.));
#7583=CARTESIAN_POINT('',(-5.0190658691,-5.,0.));
#7584=CARTESIAN_POINT('Origin',(74.9945660943464,-5.,0.));
#7585=CARTESIAN_POINT('',(74.9945660943464,-5.,-3.));
#7586=CARTESIAN_POINT('Origin',(34.9877501126232,5.,0.));
#7587=CARTESIAN_POINT('Origin',(34.9877501126232,5.,-3.));
#7588=CARTESIAN_POINT('Origin',(-0.00102996606231698,-19.9944058139856,
0.));
#7589=CARTESIAN_POINT('',(5.80062939746662,-34.9983061671619,0.));
#7590=CARTESIAN_POINT('',(-0.00102996606231698,-19.9944058139856,0.));
#7591=CARTESIAN_POINT('',(2.07435088809204,-25.3616301854077,0.));
#7592=CARTESIAN_POINT('',(5.80062939746662,-34.9983061671619,3.));
#7593=CARTESIAN_POINT('',(5.80062939746662,-34.9983061671619,0.));
#7594=CARTESIAN_POINT('',(-0.00102996606231698,-19.9944058139856,3.));
#7595=CARTESIAN_POINT('',(5.80062939746662,-34.9983061671619,3.));
#7596=CARTESIAN_POINT('',(-0.00102996606231698,-19.9944058139856,0.));
#7597=CARTESIAN_POINT('Origin',(2.14767355677601,-19.9958486554533,0.));
#7598=CARTESIAN_POINT('',(2.14767355677601,-19.9958486554533,0.));
#7599=CARTESIAN_POINT('',(7.32635393950377,-19.999326108124,0.));
#7600=CARTESIAN_POINT('',(2.14767355677601,-19.9958486554533,3.));
#7601=CARTESIAN_POINT('',(-0.00102996606231755,-19.9944058139856,3.));
#7602=CARTESIAN_POINT('',(2.14767355677601,-19.9958486554533,0.));
#7603=CARTESIAN_POINT('Origin',(6.03871852320971,-30.8954637614202,0.));
#7604=CARTESIAN_POINT('',(6.03871852320971,-30.8954637614202,0.));
#7605=CARTESIAN_POINT('',(5.8663326774141,-30.4125756465057,0.));
#7606=CARTESIAN_POINT('',(6.03871852320971,-30.8954637614202,3.));
#7607=CARTESIAN_POINT('',(2.14767355677601,-19.9958486554533,3.));
#7608=CARTESIAN_POINT('',(6.03871852320971,-30.8954637614202,0.));
#7609=CARTESIAN_POINT('Ctrl Pts',(6.82492775116022,-33.3516535466575,0.));
#7610=CARTESIAN_POINT('Ctrl Pts',(6.82492775116022,-33.3516535466575,3.));
#7611=CARTESIAN_POINT('Ctrl Pts',(6.71020057953711,-32.9548137602643,0.));
#7612=CARTESIAN_POINT('Ctrl Pts',(6.71020057953711,-32.9548137602643,3.));
#7613=CARTESIAN_POINT('Ctrl Pts',(6.47135994736412,-32.1286671368216,0.));
#7614=CARTESIAN_POINT('Ctrl Pts',(6.47135994736412,-32.1286671368216,3.));
#7615=CARTESIAN_POINT('Ctrl Pts',(6.18666181798344,-31.3171621016556,0.));
#7616=CARTESIAN_POINT('Ctrl Pts',(6.18666181798344,-31.3171621016556,3.));
#7617=CARTESIAN_POINT('Ctrl Pts',(6.03871852320971,-30.8954637614202,0.));
#7618=CARTESIAN_POINT('Ctrl Pts',(6.03871852320971,-30.8954637614202,3.));
#7619=CARTESIAN_POINT('',(6.82492775116022,-33.3516535466575,0.));
#7620=CARTESIAN_POINT('Ctrl Pts',(6.03871852320971,-30.8954637614202,0.));
#7621=CARTESIAN_POINT('Ctrl Pts',(6.18666181798344,-31.3171621016556,0.));
#7622=CARTESIAN_POINT('Ctrl Pts',(6.47135994736412,-32.1286671368216,0.));
#7623=CARTESIAN_POINT('Ctrl Pts',(6.71020057953711,-32.9548137602643,0.));
#7624=CARTESIAN_POINT('Ctrl Pts',(6.82492775116022,-33.3516535466575,0.));
#7625=CARTESIAN_POINT('',(6.82492775116022,-33.3516535466575,3.));
#7626=CARTESIAN_POINT('Ctrl Pts',(6.82492775116022,-33.3516535466575,3.));
#7627=CARTESIAN_POINT('Ctrl Pts',(6.71020057953711,-32.9548137602643,3.));
#7628=CARTESIAN_POINT('Ctrl Pts',(6.47135994736412,-32.1286671368216,3.));
#7629=CARTESIAN_POINT('Ctrl Pts',(6.18666181798344,-31.3171621016556,3.));
#7630=CARTESIAN_POINT('Ctrl Pts',(6.03871852320971,-30.8954637614202,3.));
#7631=CARTESIAN_POINT('',(6.82492775116022,-33.3516535466575,0.));
#7632=CARTESIAN_POINT('Ctrl Pts',(7.63489836392447,-30.8965355865648,0.));
#7633=CARTESIAN_POINT('Ctrl Pts',(7.63489836392447,-30.8965355865648,3.));
#7634=CARTESIAN_POINT('Ctrl Pts',(7.48623586123112,-31.304301521852,0.));
#7635=CARTESIAN_POINT('Ctrl Pts',(7.48623586123112,-31.304301521852,3.));
#7636=CARTESIAN_POINT('Ctrl Pts',(7.19091987194466,-32.1143228681566,0.));
#7637=CARTESIAN_POINT('Ctrl Pts',(7.19091987194466,-32.1143228681566,3.));
#7638=CARTESIAN_POINT('Ctrl Pts',(6.94637057359005,-32.9410847902752,0.));
#7639=CARTESIAN_POINT('Ctrl Pts',(6.94637057359005,-32.9410847902752,3.));
#7640=CARTESIAN_POINT('Ctrl Pts',(6.82492775116022,-33.3516535466575,0.));
#7641=CARTESIAN_POINT('Ctrl Pts',(6.82492775116022,-33.3516535466575,3.));
#7642=CARTESIAN_POINT('',(7.63489836392447,-30.8965355865648,0.));
#7643=CARTESIAN_POINT('Ctrl Pts',(6.82492775116022,-33.3516535466575,0.));
#7644=CARTESIAN_POINT('Ctrl Pts',(6.94637057359005,-32.9410847902752,0.));
#7645=CARTESIAN_POINT('Ctrl Pts',(7.19091987194466,-32.1143228681566,0.));
#7646=CARTESIAN_POINT('Ctrl Pts',(7.48623586123112,-31.304301521852,0.));
#7647=CARTESIAN_POINT('Ctrl Pts',(7.63489836392447,-30.8965355865648,0.));
#7648=CARTESIAN_POINT('',(7.63489836392447,-30.8965355865648,3.));
#7649=CARTESIAN_POINT('Ctrl Pts',(7.63489836392447,-30.8965355865648,3.));
#7650=CARTESIAN_POINT('Ctrl Pts',(7.48623586123112,-31.304301521852,3.));
#7651=CARTESIAN_POINT('Ctrl Pts',(7.19091987194466,-32.1143228681566,3.));
#7652=CARTESIAN_POINT('Ctrl Pts',(6.94637057359005,-32.9410847902752,3.));
#7653=CARTESIAN_POINT('Ctrl Pts',(6.82492775116022,-33.3516535466575,3.));
#7654=CARTESIAN_POINT('',(7.63489836392447,-30.8965355865648,0.));
#7655=CARTESIAN_POINT('Origin',(11.6940562159258,-20.0022589938833,0.));
#7656=CARTESIAN_POINT('',(11.6940562159258,-20.0022589938833,0.));
#7657=CARTESIAN_POINT('',(10.5166446155271,-23.1622858038411,0.));
#7658=CARTESIAN_POINT('',(11.6940562159258,-20.0022589938833,3.));
#7659=CARTESIAN_POINT('',(7.63489836392447,-30.8965355865648,3.));
#7660=CARTESIAN_POINT('',(11.6940562159258,-20.0022589938833,0.));
#7661=CARTESIAN_POINT('Origin',(13.7199771039349,-20.0036193875516,0.));
#7662=CARTESIAN_POINT('',(13.7199771039349,-20.0036193875516,0.));
#7663=CARTESIAN_POINT('',(13.1125057130832,-20.0032114741732,0.));
#7664=CARTESIAN_POINT('',(13.7199771039349,-20.0036193875516,3.));
#7665=CARTESIAN_POINT('',(11.6940562159258,-20.0022589938833,3.));
#7666=CARTESIAN_POINT('',(13.7199771039349,-20.0036193875516,0.));
#7667=CARTESIAN_POINT('Origin',(7.83678201649105,-34.9996734313759,0.));
#7668=CARTESIAN_POINT('',(7.83678201649105,-34.9996734313759,0.));
#7669=CARTESIAN_POINT('',(9.42267794095974,-30.9572813913822,0.));
#7670=CARTESIAN_POINT('',(7.83678201649105,-34.9996734313759,3.));
#7671=CARTESIAN_POINT('',(13.7199771039349,-20.0036193875516,3.));
#7672=CARTESIAN_POINT('',(7.83678201649105,-34.9996734313759,0.));
#7673=CARTESIAN_POINT('Origin',(5.80062939746662,-34.9983061671619,0.));
#7674=CARTESIAN_POINT('',(9.14779565577854,-35.0005537691346,0.));
#7675=CARTESIAN_POINT('',(7.83678201649105,-34.9996734313759,3.));
#7676=CARTESIAN_POINT('Origin',(10.8448279172529,-27.4778762599366,3.));
#7677=CARTESIAN_POINT('Origin',(19.8388272069905,-35.0077327323981,0.));
#7678=CARTESIAN_POINT('',(21.6805721683522,-35.0089694530415,0.));
#7679=CARTESIAN_POINT('',(19.8388272069905,-35.0077327323981,0.));
#7680=CARTESIAN_POINT('',(16.1668945605405,-35.0052670517528,0.));
#7681=CARTESIAN_POINT('',(21.6805721683522,-35.0089694530415,3.));
#7682=CARTESIAN_POINT('',(21.6805721683522,-35.0089694530415,0.));
#7683=CARTESIAN_POINT('',(19.8388272069905,-35.0077327323981,3.));
#7684=CARTESIAN_POINT('',(21.6805721683522,-35.0089694530415,3.));
#7685=CARTESIAN_POINT('',(19.8388272069905,-35.0077327323981,0.));
#7686=CARTESIAN_POINT('Origin',(19.8467078702218,-23.2717179127153,0.));
#7687=CARTESIAN_POINT('',(19.8467078702218,-23.2717179127153,0.));
#7688=CARTESIAN_POINT('',(19.8452865815609,-25.388324637003,0.));
#7689=CARTESIAN_POINT('',(19.8467078702218,-23.2717179127153,3.));
#7690=CARTESIAN_POINT('',(19.8388272069905,-35.0077327323981,3.));
#7691=CARTESIAN_POINT('',(19.8467078702218,-23.2717179127153,0.));
#7692=CARTESIAN_POINT('Ctrl Pts',(18.1013129858734,-24.5393049504161,0.));
#7693=CARTESIAN_POINT('Ctrl Pts',(18.1013129858734,-24.5393049504161,3.));
#7694=CARTESIAN_POINT('Ctrl Pts',(18.4337565766756,-24.3376295227362,0.));
#7695=CARTESIAN_POINT('Ctrl Pts',(18.4337565766756,-24.3376295227362,3.));
#7696=CARTESIAN_POINT('Ctrl Pts',(19.0508600406732,-23.9632664474124,0.));
#7697=CARTESIAN_POINT('Ctrl Pts',(19.0508600406732,-23.9632664474124,3.));
#7698=CARTESIAN_POINT('Ctrl Pts',(19.5954823735773,-23.4900192231324,0.));
#7699=CARTESIAN_POINT('Ctrl Pts',(19.5954823735773,-23.4900192231324,3.));
#7700=CARTESIAN_POINT('Ctrl Pts',(19.8467078702218,-23.2717179127153,0.));
#7701=CARTESIAN_POINT('Ctrl Pts',(19.8467078702218,-23.2717179127153,3.));
#7702=CARTESIAN_POINT('',(18.1013129858734,-24.5393049504161,0.));
#7703=CARTESIAN_POINT('Ctrl Pts',(19.8467078702218,-23.2717179127153,0.));
#7704=CARTESIAN_POINT('Ctrl Pts',(19.5954823735773,-23.4900192231324,0.));
#7705=CARTESIAN_POINT('Ctrl Pts',(19.0508600406732,-23.9632664474124,0.));
#7706=CARTESIAN_POINT('Ctrl Pts',(18.4337565766756,-24.3376295227362,0.));
#7707=CARTESIAN_POINT('Ctrl Pts',(18.1013129858734,-24.5393049504161,0.));
#7708=CARTESIAN_POINT('',(18.1013129858734,-24.5393049504161,3.));
#7709=CARTESIAN_POINT('Ctrl Pts',(18.1013129858734,-24.5393049504161,3.));
#7710=CARTESIAN_POINT('Ctrl Pts',(18.4337565766756,-24.3376295227362,3.));
#7711=CARTESIAN_POINT('Ctrl Pts',(19.0508600406732,-23.9632664474124,3.));
#7712=CARTESIAN_POINT('Ctrl Pts',(19.5954823735773,-23.4900192231324,3.));
#7713=CARTESIAN_POINT('Ctrl Pts',(19.8467078702218,-23.2717179127153,3.));
#7714=CARTESIAN_POINT('',(18.1013129858734,-24.5393049504161,0.));
#7715=CARTESIAN_POINT('Ctrl Pts',(16.1617246268746,-25.4895718234068,0.));
#7716=CARTESIAN_POINT('Ctrl Pts',(16.1617246268746,-25.4895718234068,3.));
#7717=CARTESIAN_POINT('Ctrl Pts',(16.4695643566873,-25.3636361537301,0.));
#7718=CARTESIAN_POINT('Ctrl Pts',(16.4695643566873,-25.3636361537301,3.));
#7719=CARTESIAN_POINT('Ctrl Pts',(17.137270980592,-25.0904807657619,0.));
#7720=CARTESIAN_POINT('Ctrl Pts',(17.137270980592,-25.0904807657619,3.));
#7721=CARTESIAN_POINT('Ctrl Pts',(17.7636954858709,-24.7323324324339,0.));
#7722=CARTESIAN_POINT('Ctrl Pts',(17.7636954858709,-24.7323324324339,3.));
#7723=CARTESIAN_POINT('Ctrl Pts',(18.1013129858734,-24.5393049504161,0.));
#7724=CARTESIAN_POINT('Ctrl Pts',(18.1013129858734,-24.5393049504161,3.));
#7725=CARTESIAN_POINT('',(16.1617246268746,-25.4895718234068,0.));
#7726=CARTESIAN_POINT('Ctrl Pts',(18.1013129858734,-24.5393049504161,0.));
#7727=CARTESIAN_POINT('Ctrl Pts',(17.7636954858709,-24.7323324324339,0.));
#7728=CARTESIAN_POINT('Ctrl Pts',(17.137270980592,-25.0904807657619,0.));
#7729=CARTESIAN_POINT('Ctrl Pts',(16.4695643566873,-25.3636361537301,0.));
#7730=CARTESIAN_POINT('Ctrl Pts',(16.1617246268746,-25.4895718234068,0.));
#7731=CARTESIAN_POINT('',(16.1617246268746,-25.4895718234068,3.));
#7732=CARTESIAN_POINT('Ctrl Pts',(16.1617246268746,-25.4895718234068,3.));
#7733=CARTESIAN_POINT('Ctrl Pts',(16.4695643566873,-25.3636361537301,3.));
#7734=CARTESIAN_POINT('Ctrl Pts',(17.137270980592,-25.0904807657619,3.));
#7735=CARTESIAN_POINT('Ctrl Pts',(17.7636954858709,-24.7323324324339,3.));
#7736=CARTESIAN_POINT('Ctrl Pts',(18.1013129858734,-24.5393049504161,3.));
#7737=CARTESIAN_POINT('',(16.1617246268746,-25.4895718234068,0.));
#7738=CARTESIAN_POINT('Origin',(16.1629201242437,-23.7092172481373,0.));
#7739=CARTESIAN_POINT('',(16.1629201242437,-23.7092172481373,0.));
#7740=CARTESIAN_POINT('',(16.1616465551175,-25.6058375832702,0.));
#7741=CARTESIAN_POINT('',(16.1629201242437,-23.7092172481373,3.));
#7742=CARTESIAN_POINT('',(16.1617246268746,-25.4895718234068,3.));
#7743=CARTESIAN_POINT('',(16.1629201242437,-23.7092172481373,0.));
#7744=CARTESIAN_POINT('Ctrl Pts',(18.8653289356711,-21.951141184682,0.));
#7745=CARTESIAN_POINT('Ctrl Pts',(18.8653289356711,-21.951141184682,3.));
#7746=CARTESIAN_POINT('Ctrl Pts',(18.4574971242502,-22.2853515401483,0.));
#7747=CARTESIAN_POINT('Ctrl Pts',(18.4574971242502,-22.2853515401483,3.));
#7748=CARTESIAN_POINT('Ctrl Pts',(17.6214272958131,-22.9704947455869,0.));
#7749=CARTESIAN_POINT('Ctrl Pts',(17.6214272958131,-22.9704947455869,3.));
#7750=CARTESIAN_POINT('Ctrl Pts',(16.6569360565208,-23.4590020329465,0.));
#7751=CARTESIAN_POINT('Ctrl Pts',(16.6569360565208,-23.4590020329465,3.));
#7752=CARTESIAN_POINT('Ctrl Pts',(16.1629201242437,-23.7092172481373,0.));
#7753=CARTESIAN_POINT('Ctrl Pts',(16.1629201242437,-23.7092172481373,3.));
#7754=CARTESIAN_POINT('',(18.8653289356711,-21.951141184682,0.));
#7755=CARTESIAN_POINT('Ctrl Pts',(16.1629201242437,-23.7092172481373,0.));
#7756=CARTESIAN_POINT('Ctrl Pts',(16.6569360565208,-23.4590020329465,0.));
#7757=CARTESIAN_POINT('Ctrl Pts',(17.6214272958131,-22.9704947455869,0.));
#7758=CARTESIAN_POINT('Ctrl Pts',(18.4574971242502,-22.2853515401483,0.));
#7759=CARTESIAN_POINT('Ctrl Pts',(18.8653289356711,-21.951141184682,0.));
#7760=CARTESIAN_POINT('',(18.8653289356711,-21.951141184682,3.));
#7761=CARTESIAN_POINT('Ctrl Pts',(18.8653289356711,-21.951141184682,3.));
#7762=CARTESIAN_POINT('Ctrl Pts',(18.4574971242502,-22.2853515401483,3.));
#7763=CARTESIAN_POINT('Ctrl Pts',(17.6214272958131,-22.9704947455869,3.));
#7764=CARTESIAN_POINT('Ctrl Pts',(16.6569360565208,-23.4590020329465,3.));
#7765=CARTESIAN_POINT('Ctrl Pts',(16.1629201242437,-23.7092172481373,3.));
#7766=CARTESIAN_POINT('',(18.8653289356711,-21.951141184682,0.));
#7767=CARTESIAN_POINT('Ctrl Pts',(20.5037835451169,-19.9467830668316,0.));
#7768=CARTESIAN_POINT('Ctrl Pts',(20.5037835451169,-19.9467830668316,3.));
#7769=CARTESIAN_POINT('Ctrl Pts',(20.300099460612,-20.2862969322363,0.));
#7770=CARTESIAN_POINT('Ctrl Pts',(20.300099460612,-20.2862969322363,3.));
#7771=CARTESIAN_POINT('Ctrl Pts',(19.8520169296485,-21.033190006762,0.));
#7772=CARTESIAN_POINT('Ctrl Pts',(19.8520169296485,-21.033190006762,3.));
#7773=CARTESIAN_POINT('Ctrl Pts',(19.2135623467392,-21.6271671707766,0.));
#7774=CARTESIAN_POINT('Ctrl Pts',(19.2135623467392,-21.6271671707766,3.));
#7775=CARTESIAN_POINT('Ctrl Pts',(18.8653289356711,-21.951141184682,0.));
#7776=CARTESIAN_POINT('Ctrl Pts',(18.8653289356711,-21.951141184682,3.));
#7777=CARTESIAN_POINT('',(20.5037835451169,-19.9467830668316,0.));
#7778=CARTESIAN_POINT('Ctrl Pts',(18.8653289356711,-21.951141184682,0.));
#7779=CARTESIAN_POINT('Ctrl Pts',(19.2135623467392,-21.6271671707766,0.));
#7780=CARTESIAN_POINT('Ctrl Pts',(19.8520169296485,-21.033190006762,0.));
#7781=CARTESIAN_POINT('Ctrl Pts',(20.300099460612,-20.2862969322363,0.));
#7782=CARTESIAN_POINT('Ctrl Pts',(20.5037835451169,-19.9467830668316,0.));
#7783=CARTESIAN_POINT('',(20.5037835451169,-19.9467830668316,3.));
#7784=CARTESIAN_POINT('Ctrl Pts',(20.5037835451169,-19.9467830668316,3.));
#7785=CARTESIAN_POINT('Ctrl Pts',(20.300099460612,-20.2862969322363,3.));
#7786=CARTESIAN_POINT('Ctrl Pts',(19.8520169296485,-21.033190006762,3.));
#7787=CARTESIAN_POINT('Ctrl Pts',(19.2135623467392,-21.6271671707766,3.));
#7788=CARTESIAN_POINT('Ctrl Pts',(18.8653289356711,-21.951141184682,3.));
#7789=CARTESIAN_POINT('',(20.5037835451169,-19.9467830668316,0.));
#7790=CARTESIAN_POINT('Origin',(21.6906858005681,-19.947580064544,0.));
#7791=CARTESIAN_POINT('',(21.6906858005681,-19.947580064544,0.));
#7792=CARTESIAN_POINT('',(17.0978806734372,-19.944496023577,0.));
#7793=CARTESIAN_POINT('',(21.6906858005681,-19.947580064544,3.));
#7794=CARTESIAN_POINT('',(20.5037835451169,-19.9467830668316,3.));
#7795=CARTESIAN_POINT('',(21.6906858005681,-19.947580064544,0.));
#7796=CARTESIAN_POINT('Origin',(21.6805721683522,-35.0089694530415,0.));
#7797=CARTESIAN_POINT('',(21.683091211307,-31.2575687674878,0.));
#7798=CARTESIAN_POINT('',(21.6906858005681,-19.947580064544,3.));
#7799=CARTESIAN_POINT('Origin',(10.8448279172529,-27.4778762599366,3.));
#7800=CARTESIAN_POINT('Origin',(30.,-15.,0.));
#7801=CARTESIAN_POINT('',(30.,-15.,0.));
#7802=CARTESIAN_POINT('',(30.,-40.,0.));
#7803=CARTESIAN_POINT('',(30.,-15.,0.));
#7804=CARTESIAN_POINT('',(30.,-40.,-3.));
#7805=CARTESIAN_POINT('',(30.,-40.,0.));
#7806=CARTESIAN_POINT('',(30.,-15.,-3.));
#7807=CARTESIAN_POINT('',(30.,-15.,-3.));
#7808=CARTESIAN_POINT('',(30.,-15.,0.));
#7809=CARTESIAN_POINT('Origin',(-5.,-15.,0.));
#7810=CARTESIAN_POINT('',(-5.,-15.,0.));
#7811=CARTESIAN_POINT('',(-5.,-15.,0.));
#7812=CARTESIAN_POINT('',(-5.,-15.,-3.));
#7813=CARTESIAN_POINT('',(-5.,-15.,-3.));
#7814=CARTESIAN_POINT('',(-5.,-15.,0.));
#7815=CARTESIAN_POINT('Origin',(-5.,-40.,0.));
#7816=CARTESIAN_POINT('',(-5.,-40.,0.));
#7817=CARTESIAN_POINT('',(-5.,-40.,0.));
#7818=CARTESIAN_POINT('',(-5.,-40.,-3.));
#7819=CARTESIAN_POINT('',(-5.,-40.,-3.));
#7820=CARTESIAN_POINT('',(-5.,-40.,0.));
#7821=CARTESIAN_POINT('Origin',(30.,-40.,0.));
#7822=CARTESIAN_POINT('',(30.,-40.,0.));
#7823=CARTESIAN_POINT('',(30.,-40.,-3.));
#7824=CARTESIAN_POINT('Origin',(12.5,-27.5,0.));
#7825=CARTESIAN_POINT('Origin',(12.5,-27.5,-3.));
#7826=UNCERTAINTY_MEASURE_WITH_UNIT(LENGTH_MEASURE(0.01),#7830,
'DISTANCE_ACCURACY_VALUE',
'Maximum model space distance between geometric entities at asserted c
onnectivities');
#7827=UNCERTAINTY_MEASURE_WITH_UNIT(LENGTH_MEASURE(0.01),#7830,
'DISTANCE_ACCURACY_VALUE',
'Maximum model space distance between geometric entities at asserted c
onnectivities');
#7828=(
GEOMETRIC_REPRESENTATION_CONTEXT(3)
GLOBAL_UNCERTAINTY_ASSIGNED_CONTEXT((#7826))
GLOBAL_UNIT_ASSIGNED_CONTEXT((#7830,#7832,#7833))
REPRESENTATION_CONTEXT('','3D')
);
#7829=(
GEOMETRIC_REPRESENTATION_CONTEXT(3)
GLOBAL_UNCERTAINTY_ASSIGNED_CONTEXT((#7827))
GLOBAL_UNIT_ASSIGNED_CONTEXT((#7830,#7832,#7833))
REPRESENTATION_CONTEXT('','3D')
);
#7830=(
LENGTH_UNIT()
NAMED_UNIT(*)
SI_UNIT(.MILLI.,.METRE.)
);
#7831=(
LENGTH_UNIT()
NAMED_UNIT(*)
SI_UNIT($,.METRE.)
);
#7832=(
NAMED_UNIT(*)
PLANE_ANGLE_UNIT()
SI_UNIT($,.RADIAN.)
);
#7833=(
NAMED_UNIT(*)
SI_UNIT($,.STERADIAN.)
SOLID_ANGLE_UNIT()
);
#7834=SHAPE_DEFINITION_REPRESENTATION(#7835,#7836);
#7835=PRODUCT_DEFINITION_SHAPE('',$,#7838);
#7836=SHAPE_REPRESENTATION('',(#3934),#7828);
#7837=PRODUCT_DEFINITION_CONTEXT('part definition',#7842,'design');
#7838=PRODUCT_DEFINITION('2026-08-18-14-13-13-993','Sign_V2 v1',#7839,#7837);
#7839=PRODUCT_DEFINITION_FORMATION('',$,#7844);
#7840=PRODUCT_RELATED_PRODUCT_CATEGORY('Sign_V2 v1','Sign_V2 v1',(#7844));
#7841=APPLICATION_PROTOCOL_DEFINITION('international standard',
'automotive_design',2009,#7842);
#7842=APPLICATION_CONTEXT(
'Core Data for Automotive Mechanical Design Process');
#7843=PRODUCT_CONTEXT('part definition',#7842,'mechanical');
#7844=PRODUCT('2026-08-18-14-13-13-993','Sign_V2 v1',$,(#7843));
#7845=PRESENTATION_STYLE_ASSIGNMENT((#7846));
#7846=SURFACE_STYLE_USAGE(.BOTH.,#7847);
#7847=SURFACE_SIDE_STYLE('',(#7848));
#7848=SURFACE_STYLE_FILL_AREA(#7849);
#7849=FILL_AREA_STYLE('Steel - Satin',(#7850));
#7850=FILL_AREA_STYLE_COLOUR('Steel - Satin',#7851);
#7851=COLOUR_RGB('Steel - Satin',0.627450980392157,0.627450980392157,0.627450980392157);
ENDSEC;
END-ISO-10303-21;
